insert into Versioning ( VERSIONID, DESCRIPTION, STATUS, TECHPACK_NAME, TECHPACK_VERSION, TECHPACK_TYPE, PRODUCT_NUMBER, LOCKEDBY, LOCKDATE, BASEDEFINITION, BASEVERSION, INSTALLDESCRIPTION, UNIVERSENAME, UNIVERSEEXTENSION, ENIQ_LEVEL, LICENSENAME ) values ( 'DC_E_CUDB:((3))', 'Ericsson CUDB', 1, 'DC_E_CUDB', 'R1A', 'PM', 'COA 252 177/1', null, null, 'TP_BASE:BASE_TP_090421', null, '', null, null, '2.0', 'CXC4010644' );
insert into Supportedvendorrelease ( VERSIONID, VENDORRELEASE ) values ( 'DC_E_CUDB:((3))', 'CUDB 1.0' );
insert into Measurementtypeclass ( TYPECLASSID, VERSIONID, DESCRIPTION ) values ( 'DC_E_CUDB:((3)):DC_E_CUDB_LoadBalancer', 'DC_E_CUDB:((3))', 'LoadBalancer' );
insert into Measurementtype ( TYPEID, TYPECLASSID, TYPENAME, VENDORID, FOLDERNAME, DESCRIPTION, STATUS, VERSIONID, OBJECTID, OBJECTNAME, OBJECTVERSION, OBJECTTYPE, JOINABLE, SIZING, TOTALAGG, ELEMENTBHSUPPORT, RANKINGTABLE, DELTACALCSUPPORT, PLAINTABLE, UNIVERSEEXTENSION, VECTORSUPPORT, DATAFORMATSUPPORT ) values ( 'DC_E_CUDB:((3)):DC_E_CUDB_ACTCONN', 'DC_E_CUDB:((3)):DC_E_CUDB_LoadBalancer', 'DC_E_CUDB_ACTCONN', 'DC_E_CUDB', 'DC_E_CUDB_ACTCONN', 'All Load Balancer Counters', null, 'DC_E_CUDB:((3))', 'DC_E_CUDB:((3)):DC_E_CUDB_ACTCONN', 'DC_E_CUDB_ACTCONN', null, null, '', 'small', 1, 0, 0, 0, 0, 'ALL', 0, 1 );
insert into Measurementkey ( TYPEID, DATANAME, DESCRIPTION, ISELEMENT, UNIQUEKEY, COLNUMBER, DATATYPE, DATASIZE, DATASCALE, UNIQUEVALUE, NULLABLE, INDEXES, INCLUDESQL, UNIVOBJECT, JOINABLE, DATAID ) values ( 'DC_E_CUDB:((3)):DC_E_CUDB_ACTCONN', 'NE_ID', 'Network Element Id', 1, 1, 2, 'varchar', 35, 0, 255, 0, 'HG', 1, 'NE_ID', null, 'NEID' );
insert into Measurementkey ( TYPEID, DATANAME, DESCRIPTION, ISELEMENT, UNIQUEKEY, COLNUMBER, DATATYPE, DATASIZE, DATASCALE, UNIQUEVALUE, NULLABLE, INDEXES, INCLUDESQL, UNIVOBJECT, JOINABLE, DATAID ) values ( 'DC_E_CUDB:((3)):DC_E_CUDB_ACTCONN', 'OSS_ID', 'OSS Id', 0, 1, 1, 'varchar', 50, 0, 255, 0, 'HG', 1, 'OSS_ID', null, 'OSS_ID' );
insert into Measurementcounter ( TYPEID, DATANAME, DESCRIPTION, TIMEAGGREGATION, GROUPAGGREGATION, COUNTAGGREGATION, COLNUMBER, DATATYPE, DATASIZE, DATASCALE, INCLUDESQL, UNIVOBJECT, UNIVCLASS, COUNTERTYPE, COUNTERPROCESS, DATAID ) values ( 'DC_E_CUDB:((3)):DC_E_CUDB_ACTCONN', 'ACTCONN', 'The current connections from client-side to the system', 'AVG', 'AVG', 'GAUGE', 101, 'numeric', 18, 8, 1, 'ACTCONN', null, 'GAUGE', 'GAUGE', 'ACTCONN.actual' );
insert into Measurementtable ( MTABLEID, TABLELEVEL, TYPEID, BASETABLENAME, DEFAULT_TEMPLATE, PARTITIONPLAN ) values ( 'DC_E_CUDB:((3)):DC_E_CUDB_ACTCONN:RAW', 'RAW', 'DC_E_CUDB:((3)):DC_E_CUDB_ACTCONN', 'DC_E_CUDB_ACTCONN_RAW', null, 'small_raw' );
insert into Measurementcolumn ( MTABLEID, DATANAME, COLNUMBER, DATATYPE, DATASIZE, DATASCALE, UNIQUEVALUE, NULLABLE, INDEXES, DESCRIPTION, DATAID, RELEASEID, UNIQUEKEY, INCLUDESQL, COLTYPE ) values ( 'DC_E_CUDB:((3)):DC_E_CUDB_ACTCONN:RAW', 'ACTCONN', 101, 'numeric', 18, 8, 255, 1, '', 'The current connections from client-side to the system', 'ACTCONN.actual', 'DC_E_CUDB:((FINAL))', 0, 1, 'COUNTER' );
insert into Measurementcolumn ( MTABLEID, DATANAME, COLNUMBER, DATATYPE, DATASIZE, DATASCALE, UNIQUEVALUE, NULLABLE, INDEXES, DESCRIPTION, DATAID, RELEASEID, UNIQUEKEY, INCLUDESQL, COLTYPE ) values ( 'DC_E_CUDB:((3)):DC_E_CUDB_ACTCONN:RAW', 'BATCH_ID', 60, 'smallint', 0, 0, 255, 1, '', '', 'BATCH_ID', 'BASE_TP_090421', 0, 0, null );
insert into Measurementcolumn ( MTABLEID, DATANAME, COLNUMBER, DATATYPE, DATASIZE, DATASCALE, UNIQUEVALUE, NULLABLE, INDEXES, DESCRIPTION, DATAID, RELEASEID, UNIQUEKEY, INCLUDESQL, COLTYPE ) values ( 'DC_E_CUDB:((3)):DC_E_CUDB_ACTCONN:RAW', 'DATE_ID', 51, 'date', 0, 0, 255, 1, 'LF', '', 'DATE_ID', 'BASE_TP_090421', 0, 0, null );
insert into Measurementcolumn ( MTABLEID, DATANAME, COLNUMBER, DATATYPE, DATASIZE, DATASCALE, UNIQUEVALUE, NULLABLE, INDEXES, DESCRIPTION, DATAID, RELEASEID, UNIQUEKEY, INCLUDESQL, COLTYPE ) values ( 'DC_E_CUDB:((3)):DC_E_CUDB_ACTCONN:RAW', 'DATETIME_ID', 56, 'datetime', 0, 0, 255, 1, 'HG', '', 'DATETIME_ID', 'BASE_TP_090421', 1, 1, null );
insert into Measurementcolumn ( MTABLEID, DATANAME, COLNUMBER, DATATYPE, DATASIZE, DATASCALE, UNIQUEVALUE, NULLABLE, INDEXES, DESCRIPTION, DATAID, RELEASEID, UNIQUEKEY, INCLUDESQL, COLTYPE ) values ( 'DC_E_CUDB:((3)):DC_E_CUDB_ACTCONN:RAW', 'DAY_ID', 54, 'tinyint', 0, 0, 31, 1, 'LF', '', 'DAY_ID', 'BASE_TP_090421', 0, 0, null );
insert into Measurementcolumn ( MTABLEID, DATANAME, COLNUMBER, DATATYPE, DATASIZE, DATASCALE, UNIQUEVALUE, NULLABLE, INDEXES, DESCRIPTION, DATAID, RELEASEID, UNIQUEKEY, INCLUDESQL, COLTYPE ) values ( 'DC_E_CUDB:((3)):DC_E_CUDB_ACTCONN:RAW', 'DC_RELEASE', 63, 'varchar', 16, 0, 2, 1, 'LF', '', 'DC_RELEASE', 'BASE_TP_090421', 0, 1, null );
insert into Measurementcolumn ( MTABLEID, DATANAME, COLNUMBER, DATATYPE, DATASIZE, DATASCALE, UNIQUEVALUE, NULLABLE, INDEXES, DESCRIPTION, DATAID, RELEASEID, UNIQUEKEY, INCLUDESQL, COLTYPE ) values ( 'DC_E_CUDB:((3)):DC_E_CUDB_ACTCONN:RAW', 'DC_SOURCE', 64, 'varchar', 16, 0, 2, 1, 'LF', '', 'DC_SOURCE', 'BASE_TP_090421', 0, 1, null );
insert into Measurementcolumn ( MTABLEID, DATANAME, COLNUMBER, DATATYPE, DATASIZE, DATASCALE, UNIQUEVALUE, NULLABLE, INDEXES, DESCRIPTION, DATAID, RELEASEID, UNIQUEKEY, INCLUDESQL, COLTYPE ) values ( 'DC_E_CUDB:((3)):DC_E_CUDB_ACTCONN:RAW', 'DC_SUSPECTFLAG', 66, 'int', 0, 0, 2, 1, 'LF', '', 'DC_SUSPECTFLAG', 'BASE_TP_090421', 0, 1, null );
insert into Measurementcolumn ( MTABLEID, DATANAME, COLNUMBER, DATATYPE, DATASIZE, DATASCALE, UNIQUEVALUE, NULLABLE, INDEXES, DESCRIPTION, DATAID, RELEASEID, UNIQUEKEY, INCLUDESQL, COLTYPE ) values ( 'DC_E_CUDB:((3)):DC_E_CUDB_ACTCONN:RAW', 'DC_TIMEZONE', 65, 'varchar', 16, 0, 2, 1, 'LF', '', 'DC_TIMEZONE', 'BASE_TP_090421', 0, 1, null );
insert into Measurementcolumn ( MTABLEID, DATANAME, COLNUMBER, DATATYPE, DATASIZE, DATASCALE, UNIQUEVALUE, NULLABLE, INDEXES, DESCRIPTION, DATAID, RELEASEID, UNIQUEKEY, INCLUDESQL, COLTYPE ) values ( 'DC_E_CUDB:((3)):DC_E_CUDB_ACTCONN:RAW', 'HOUR_ID', 55, 'tinyint', 0, 0, 24, 1, 'LF', '', 'HOUR_ID', 'BASE_TP_090421', 0, 0, null );
insert into Measurementcolumn ( MTABLEID, DATANAME, COLNUMBER, DATATYPE, DATASIZE, DATASCALE, UNIQUEVALUE, NULLABLE, INDEXES, DESCRIPTION, DATAID, RELEASEID, UNIQUEKEY, INCLUDESQL, COLTYPE ) values ( 'DC_E_CUDB:((3)):DC_E_CUDB_ACTCONN:RAW', 'MIN_ID', 57, 'tinyint', 0, 0, 60, 1, 'LF', '', 'MIN_ID', 'BASE_TP_090421', 0, 0, null );
insert into Measurementcolumn ( MTABLEID, DATANAME, COLNUMBER, DATATYPE, DATASIZE, DATASCALE, UNIQUEVALUE, NULLABLE, INDEXES, DESCRIPTION, DATAID, RELEASEID, UNIQUEKEY, INCLUDESQL, COLTYPE ) values ( 'DC_E_CUDB:((3)):DC_E_CUDB_ACTCONN:RAW', 'MONTH_ID', 53, 'tinyint', 0, 0, 12, 1, 'LF', '', 'MONTH_ID', 'BASE_TP_090421', 0, 0, null );
insert into Measurementcolumn ( MTABLEID, DATANAME, COLNUMBER, DATATYPE, DATASIZE, DATASCALE, UNIQUEVALUE, NULLABLE, INDEXES, DESCRIPTION, DATAID, RELEASEID, UNIQUEKEY, INCLUDESQL, COLTYPE ) values ( 'DC_E_CUDB:((3)):DC_E_CUDB_ACTCONN:RAW', 'NE_ID', 2, 'varchar', 35, 0, 255, 0, 'HG', 'Network Element Id', 'NEID', 'DC_E_CUDB:((FINAL))', 1, 1, 'KEY' );
insert into Measurementcolumn ( MTABLEID, DATANAME, COLNUMBER, DATATYPE, DATASIZE, DATASCALE, UNIQUEVALUE, NULLABLE, INDEXES, DESCRIPTION, DATAID, RELEASEID, UNIQUEKEY, INCLUDESQL, COLTYPE ) values ( 'DC_E_CUDB:((3)):DC_E_CUDB_ACTCONN:RAW', 'OSS_ID', 1, 'varchar', 50, 0, 255, 0, 'HG', 'OSS Id', 'OSS_ID', 'DC_E_CUDB:((FINAL))', 1, 1, 'KEY' );
insert into Measurementcolumn ( MTABLEID, DATANAME, COLNUMBER, DATATYPE, DATASIZE, DATASCALE, UNIQUEVALUE, NULLABLE, INDEXES, DESCRIPTION, DATAID, RELEASEID, UNIQUEKEY, INCLUDESQL, COLTYPE ) values ( 'DC_E_CUDB:((3)):DC_E_CUDB_ACTCONN:RAW', 'PERIOD_DURATION', 61, 'unsigned int', 0, 0, 10, 1, '', '', 'PERIOD_DURATION', 'BASE_TP_090421', 0, 1, null );
insert into Measurementcolumn ( MTABLEID, DATANAME, COLNUMBER, DATATYPE, DATASIZE, DATASCALE, UNIQUEVALUE, NULLABLE, INDEXES, DESCRIPTION, DATAID, RELEASEID, UNIQUEKEY, INCLUDESQL, COLTYPE ) values ( 'DC_E_CUDB:((3)):DC_E_CUDB_ACTCONN:RAW', 'ROWSTATUS', 62, 'varchar', 16, 0, 10, 1, '', '', 'ROWSTATUS', 'BASE_TP_090421', 0, 1, null );
insert into Measurementcolumn ( MTABLEID, DATANAME, COLNUMBER, DATATYPE, DATASIZE, DATASCALE, UNIQUEVALUE, NULLABLE, INDEXES, DESCRIPTION, DATAID, RELEASEID, UNIQUEKEY, INCLUDESQL, COLTYPE ) values ( 'DC_E_CUDB:((3)):DC_E_CUDB_ACTCONN:RAW', 'SESSION_ID', 59, 'unsigned int', 0, 0, 255, 1, '', '', 'SESSION_ID', 'BASE_TP_090421', 0, 0, null );
insert into Measurementcolumn ( MTABLEID, DATANAME, COLNUMBER, DATATYPE, DATASIZE, DATASCALE, UNIQUEVALUE, NULLABLE, INDEXES, DESCRIPTION, DATAID, RELEASEID, UNIQUEKEY, INCLUDESQL, COLTYPE ) values ( 'DC_E_CUDB:((3)):DC_E_CUDB_ACTCONN:RAW', 'TIMELEVEL', 58, 'varchar', 10, 0, 10, 1, 'LF', '', 'TIMELEVEL', 'BASE_TP_090421', 0, 0, null );
insert into Measurementcolumn ( MTABLEID, DATANAME, COLNUMBER, DATATYPE, DATASIZE, DATASCALE, UNIQUEVALUE, NULLABLE, INDEXES, DESCRIPTION, DATAID, RELEASEID, UNIQUEKEY, INCLUDESQL, COLTYPE ) values ( 'DC_E_CUDB:((3)):DC_E_CUDB_ACTCONN:RAW', 'UTC_DATETIME_ID', 67, 'datetime', 0, 0, 255, 1, 'HG', '', 'UTC_DATETIME_ID', 'BASE_TP_090421', 1, 1, null );
insert into Measurementcolumn ( MTABLEID, DATANAME, COLNUMBER, DATATYPE, DATASIZE, DATASCALE, UNIQUEVALUE, NULLABLE, INDEXES, DESCRIPTION, DATAID, RELEASEID, UNIQUEKEY, INCLUDESQL, COLTYPE ) values ( 'DC_E_CUDB:((3)):DC_E_CUDB_ACTCONN:RAW', 'YEAR_ID', 52, 'smallint', 0, 0, 20, 1, 'LF', '', 'YEAR_ID', 'BASE_TP_090421', 0, 0, null );
insert into Measurementtable ( MTABLEID, TABLELEVEL, TYPEID, BASETABLENAME, DEFAULT_TEMPLATE, PARTITIONPLAN ) values ( 'DC_E_CUDB:((3)):DC_E_CUDB_ACTCONN:DAY', 'DAY', 'DC_E_CUDB:((3)):DC_E_CUDB_ACTCONN', 'DC_E_CUDB_ACTCONN_DAY', null, 'small_day' );
insert into Measurementcolumn ( MTABLEID, DATANAME, COLNUMBER, DATATYPE, DATASIZE, DATASCALE, UNIQUEVALUE, NULLABLE, INDEXES, DESCRIPTION, DATAID, RELEASEID, UNIQUEKEY, INCLUDESQL, COLTYPE ) values ( 'DC_E_CUDB:((3)):DC_E_CUDB_ACTCONN:DAY', 'ACTCONN', 101, 'numeric', 18, 8, 255, 1, '', 'The current connections from client-side to the system', 'ACTCONN.actual', 'DC_E_CUDB:((FINAL))', 0, 1, 'COUNTER' );
insert into Measurementcolumn ( MTABLEID, DATANAME, COLNUMBER, DATATYPE, DATASIZE, DATASCALE, UNIQUEVALUE, NULLABLE, INDEXES, DESCRIPTION, DATAID, RELEASEID, UNIQUEKEY, INCLUDESQL, COLTYPE ) values ( 'DC_E_CUDB:((3)):DC_E_CUDB_ACTCONN:DAY', 'AGG_COUNT', 57, 'smallint', 0, 0, 255, 1, '', '', 'AGG_COUNT', 'BASE_TP_090421', 0, 0, null );
insert into Measurementcolumn ( MTABLEID, DATANAME, COLNUMBER, DATATYPE, DATASIZE, DATASCALE, UNIQUEVALUE, NULLABLE, INDEXES, DESCRIPTION, DATAID, RELEASEID, UNIQUEKEY, INCLUDESQL, COLTYPE ) values ( 'DC_E_CUDB:((3)):DC_E_CUDB_ACTCONN:DAY', 'BATCH_ID', 60, 'smallint', 0, 0, 255, 1, '', '', 'BATCH_ID', 'BASE_TP_090421', 0, 0, null );
insert into Measurementcolumn ( MTABLEID, DATANAME, COLNUMBER, DATATYPE, DATASIZE, DATASCALE, UNIQUEVALUE, NULLABLE, INDEXES, DESCRIPTION, DATAID, RELEASEID, UNIQUEKEY, INCLUDESQL, COLTYPE ) values ( 'DC_E_CUDB:((3)):DC_E_CUDB_ACTCONN:DAY', 'DATACOVERAGE', 56, 'unsigned int', 0, 0, 255, 1, '', '', 'DATACOVERAGE', 'BASE_TP_090421', 0, 1, null );
insert into Measurementcolumn ( MTABLEID, DATANAME, COLNUMBER, DATATYPE, DATASIZE, DATASCALE, UNIQUEVALUE, NULLABLE, INDEXES, DESCRIPTION, DATAID, RELEASEID, UNIQUEKEY, INCLUDESQL, COLTYPE ) values ( 'DC_E_CUDB:((3)):DC_E_CUDB_ACTCONN:DAY', 'DATE_ID', 51, 'date', 0, 0, 255, 1, 'LF', '', 'DATE_ID', 'BASE_TP_090421', 1, 1, null );
insert into Measurementcolumn ( MTABLEID, DATANAME, COLNUMBER, DATATYPE, DATASIZE, DATASCALE, UNIQUEVALUE, NULLABLE, INDEXES, DESCRIPTION, DATAID, RELEASEID, UNIQUEKEY, INCLUDESQL, COLTYPE ) values ( 'DC_E_CUDB:((3)):DC_E_CUDB_ACTCONN:DAY', 'DAY_ID', 54, 'tinyint', 0, 0, 31, 1, 'LF', '', 'DAY_ID', 'BASE_TP_090421', 0, 0, null );
insert into Measurementcolumn ( MTABLEID, DATANAME, COLNUMBER, DATATYPE, DATASIZE, DATASCALE, UNIQUEVALUE, NULLABLE, INDEXES, DESCRIPTION, DATAID, RELEASEID, UNIQUEKEY, INCLUDESQL, COLTYPE ) values ( 'DC_E_CUDB:((3)):DC_E_CUDB_ACTCONN:DAY', 'DC_RELEASE', 63, 'varchar', 16, 0, 2, 1, 'LF', '', 'DC_RELEASE', 'BASE_TP_090421', 1, 1, null );
insert into Measurementcolumn ( MTABLEID, DATANAME, COLNUMBER, DATATYPE, DATASIZE, DATASCALE, UNIQUEVALUE, NULLABLE, INDEXES, DESCRIPTION, DATAID, RELEASEID, UNIQUEKEY, INCLUDESQL, COLTYPE ) values ( 'DC_E_CUDB:((3)):DC_E_CUDB_ACTCONN:DAY', 'DC_SOURCE', 64, 'varchar', 16, 0, 2, 1, 'LF', '', 'DC_SOURCE', 'BASE_TP_090421', 0, 1, null );
insert into Measurementcolumn ( MTABLEID, DATANAME, COLNUMBER, DATATYPE, DATASIZE, DATASCALE, UNIQUEVALUE, NULLABLE, INDEXES, DESCRIPTION, DATAID, RELEASEID, UNIQUEKEY, INCLUDESQL, COLTYPE ) values ( 'DC_E_CUDB:((3)):DC_E_CUDB_ACTCONN:DAY', 'DC_SUSPECTFLAG', 66, 'int', 0, 0, 2, 1, 'LF', '', 'DC_SUSPECTFLAG', 'BASE_TP_090421', 0, 1, null );
insert into Measurementcolumn ( MTABLEID, DATANAME, COLNUMBER, DATATYPE, DATASIZE, DATASCALE, UNIQUEVALUE, NULLABLE, INDEXES, DESCRIPTION, DATAID, RELEASEID, UNIQUEKEY, INCLUDESQL, COLTYPE ) values ( 'DC_E_CUDB:((3)):DC_E_CUDB_ACTCONN:DAY', 'DC_TIMEZONE', 65, 'varchar', 16, 0, 2, 1, 'LF', '', 'DC_TIMEZONE', 'BASE_TP_090421', 0, 1, null );
insert into Measurementcolumn ( MTABLEID, DATANAME, COLNUMBER, DATATYPE, DATASIZE, DATASCALE, UNIQUEVALUE, NULLABLE, INDEXES, DESCRIPTION, DATAID, RELEASEID, UNIQUEKEY, INCLUDESQL, COLTYPE ) values ( 'DC_E_CUDB:((3)):DC_E_CUDB_ACTCONN:DAY', 'MONTH_ID', 53, 'tinyint', 0, 0, 12, 1, 'LF', '', 'MONTH_ID', 'BASE_TP_090421', 0, 0, null );
insert into Measurementcolumn ( MTABLEID, DATANAME, COLNUMBER, DATATYPE, DATASIZE, DATASCALE, UNIQUEVALUE, NULLABLE, INDEXES, DESCRIPTION, DATAID, RELEASEID, UNIQUEKEY, INCLUDESQL, COLTYPE ) values ( 'DC_E_CUDB:((3)):DC_E_CUDB_ACTCONN:DAY', 'NE_ID', 2, 'varchar', 35, 0, 255, 0, 'HG', 'Network Element Id', 'NEID', 'DC_E_CUDB:((FINAL))', 1, 1, 'KEY' );
insert into Measurementcolumn ( MTABLEID, DATANAME, COLNUMBER, DATATYPE, DATASIZE, DATASCALE, UNIQUEVALUE, NULLABLE, INDEXES, DESCRIPTION, DATAID, RELEASEID, UNIQUEKEY, INCLUDESQL, COLTYPE ) values ( 'DC_E_CUDB:((3)):DC_E_CUDB_ACTCONN:DAY', 'OSS_ID', 1, 'varchar', 50, 0, 255, 0, 'HG', 'OSS Id', 'OSS_ID', 'DC_E_CUDB:((FINAL))', 1, 1, 'KEY' );
insert into Measurementcolumn ( MTABLEID, DATANAME, COLNUMBER, DATATYPE, DATASIZE, DATASCALE, UNIQUEVALUE, NULLABLE, INDEXES, DESCRIPTION, DATAID, RELEASEID, UNIQUEKEY, INCLUDESQL, COLTYPE ) values ( 'DC_E_CUDB:((3)):DC_E_CUDB_ACTCONN:DAY', 'PERIOD_DURATION', 61, 'unsigned int', 0, 0, 10, 1, '', '', 'PERIOD_DURATION', 'BASE_TP_090421', 0, 1, null );
insert into Measurementcolumn ( MTABLEID, DATANAME, COLNUMBER, DATATYPE, DATASIZE, DATASCALE, UNIQUEVALUE, NULLABLE, INDEXES, DESCRIPTION, DATAID, RELEASEID, UNIQUEKEY, INCLUDESQL, COLTYPE ) values ( 'DC_E_CUDB:((3)):DC_E_CUDB_ACTCONN:DAY', 'ROWSTATUS', 62, 'varchar', 16, 0, 10, 1, '', '', 'ROWSTATUS', 'BASE_TP_090421', 0, 1, null );
insert into Measurementcolumn ( MTABLEID, DATANAME, COLNUMBER, DATATYPE, DATASIZE, DATASCALE, UNIQUEVALUE, NULLABLE, INDEXES, DESCRIPTION, DATAID, RELEASEID, UNIQUEKEY, INCLUDESQL, COLTYPE ) values ( 'DC_E_CUDB:((3)):DC_E_CUDB_ACTCONN:DAY', 'SESSION_ID', 59, 'unsigned int', 0, 0, 255, 1, '', '', 'SESSION_ID', 'BASE_TP_090421', 0, 0, null );
insert into Measurementcolumn ( MTABLEID, DATANAME, COLNUMBER, DATATYPE, DATASIZE, DATASCALE, UNIQUEVALUE, NULLABLE, INDEXES, DESCRIPTION, DATAID, RELEASEID, UNIQUEKEY, INCLUDESQL, COLTYPE ) values ( 'DC_E_CUDB:((3)):DC_E_CUDB_ACTCONN:DAY', 'TIMELEVEL', 58, 'varchar', 10, 0, 10, 1, 'LF', '', 'TIMELEVEL', 'BASE_TP_090421', 0, 0, null );
insert into Measurementcolumn ( MTABLEID, DATANAME, COLNUMBER, DATATYPE, DATASIZE, DATASCALE, UNIQUEVALUE, NULLABLE, INDEXES, DESCRIPTION, DATAID, RELEASEID, UNIQUEKEY, INCLUDESQL, COLTYPE ) values ( 'DC_E_CUDB:((3)):DC_E_CUDB_ACTCONN:DAY', 'WEEK_ID', 55, 'tinyint', 0, 0, 53, 1, 'LF', '', 'WEEK_ID', 'BASE_TP_090421', 0, 0, null );
insert into Measurementcolumn ( MTABLEID, DATANAME, COLNUMBER, DATATYPE, DATASIZE, DATASCALE, UNIQUEVALUE, NULLABLE, INDEXES, DESCRIPTION, DATAID, RELEASEID, UNIQUEKEY, INCLUDESQL, COLTYPE ) values ( 'DC_E_CUDB:((3)):DC_E_CUDB_ACTCONN:DAY', 'YEAR_ID', 52, 'smallint', 0, 0, 20, 1, 'LF', '', 'YEAR_ID', 'BASE_TP_090421', 0, 0, null );
insert into Measurementtype ( TYPEID, TYPECLASSID, TYPENAME, VENDORID, FOLDERNAME, DESCRIPTION, STATUS, VERSIONID, OBJECTID, OBJECTNAME, OBJECTVERSION, OBJECTTYPE, JOINABLE, SIZING, TOTALAGG, ELEMENTBHSUPPORT, RANKINGTABLE, DELTACALCSUPPORT, PLAINTABLE, UNIVERSEEXTENSION, VECTORSUPPORT, DATAFORMATSUPPORT ) values ( 'DC_E_CUDB:((3)):DC_E_CUDB_MEMORYUSE', 'DC_E_CUDB:((3)):DC_E_CUDB_LoadBalancer', 'DC_E_CUDB_MEMORYUSE', 'DC_E_CUDB', 'DC_E_CUDB_MEMORYUSE', 'All Load Balancer Counters', null, 'DC_E_CUDB:((3))', 'DC_E_CUDB:((3)):DC_E_CUDB_MEMORYUSE', 'DC_E_CUDB_MEMORYUSE', null, null, '', 'small', 1, 0, 0, 0, 0, 'ALL', 0, 1 );
insert into Measurementkey ( TYPEID, DATANAME, DESCRIPTION, ISELEMENT, UNIQUEKEY, COLNUMBER, DATATYPE, DATASIZE, DATASCALE, UNIQUEVALUE, NULLABLE, INDEXES, INCLUDESQL, UNIVOBJECT, JOINABLE, DATAID ) values ( 'DC_E_CUDB:((3)):DC_E_CUDB_MEMORYUSE', 'NE_ID', 'Network Element Id', 1, 1, 2, 'varchar', 35, 0, 255, 0, 'HG', 1, 'NE_ID', null, 'NEID' );
insert into Measurementkey ( TYPEID, DATANAME, DESCRIPTION, ISELEMENT, UNIQUEKEY, COLNUMBER, DATATYPE, DATASIZE, DATASCALE, UNIQUEVALUE, NULLABLE, INDEXES, INCLUDESQL, UNIVOBJECT, JOINABLE, DATAID ) values ( 'DC_E_CUDB:((3)):DC_E_CUDB_MEMORYUSE', 'OSS_ID', 'OSS Id', 0, 1, 1, 'varchar', 50, 0, 255, 0, 'HG', 1, 'OSS_ID', null, 'OSS_ID' );
insert into Measurementcounter ( TYPEID, DATANAME, DESCRIPTION, TIMEAGGREGATION, GROUPAGGREGATION, COUNTAGGREGATION, COLNUMBER, DATATYPE, DATASIZE, DATASCALE, INCLUDESQL, UNIVOBJECT, UNIVCLASS, COUNTERTYPE, COUNTERPROCESS, DATAID ) values ( 'DC_E_CUDB:((3)):DC_E_CUDB_MEMORYUSE', 'HOSTMEM', 'The host memory in bytes currently in use (not including TMM)', 'AVG', 'AVG', 'GAUGE', 102, 'numeric', 18, 8, 1, 'HOSTMEM', null, 'GAUGE', 'GAUGE', 'HOSTMEM.actual' );
insert into Measurementcounter ( TYPEID, DATANAME, DESCRIPTION, TIMEAGGREGATION, GROUPAGGREGATION, COUNTAGGREGATION, COLNUMBER, DATATYPE, DATASIZE, DATASCALE, INCLUDESQL, UNIVOBJECT, UNIVCLASS, COUNTERTYPE, COUNTERPROCESS, DATAID ) values ( 'DC_E_CUDB:((3)):DC_E_CUDB_MEMORYUSE', 'TMMMEM', 'The memory in use in bytes for TMM (Traffic Management Module)', 'AVG', 'AVG', 'GAUGE', 101, 'numeric', 18, 8, 1, 'TMMMEM', null, 'GAUGE', 'GAUGE', 'TMMMEM.actual' );
insert into Measurementtable ( MTABLEID, TABLELEVEL, TYPEID, BASETABLENAME, DEFAULT_TEMPLATE, PARTITIONPLAN ) values ( 'DC_E_CUDB:((3)):DC_E_CUDB_MEMORYUSE:RAW', 'RAW', 'DC_E_CUDB:((3)):DC_E_CUDB_MEMORYUSE', 'DC_E_CUDB_MEMORYUSE_RAW', null, 'small_raw' );
insert into Measurementcolumn ( MTABLEID, DATANAME, COLNUMBER, DATATYPE, DATASIZE, DATASCALE, UNIQUEVALUE, NULLABLE, INDEXES, DESCRIPTION, DATAID, RELEASEID, UNIQUEKEY, INCLUDESQL, COLTYPE ) values ( 'DC_E_CUDB:((3)):DC_E_CUDB_MEMORYUSE:RAW', 'BATCH_ID', 60, 'smallint', 0, 0, 255, 1, '', '', 'BATCH_ID', 'BASE_TP_090421', 0, 0, null );
insert into Measurementcolumn ( MTABLEID, DATANAME, COLNUMBER, DATATYPE, DATASIZE, DATASCALE, UNIQUEVALUE, NULLABLE, INDEXES, DESCRIPTION, DATAID, RELEASEID, UNIQUEKEY, INCLUDESQL, COLTYPE ) values ( 'DC_E_CUDB:((3)):DC_E_CUDB_MEMORYUSE:RAW', 'DATE_ID', 51, 'date', 0, 0, 255, 1, 'LF', '', 'DATE_ID', 'BASE_TP_090421', 0, 0, null );
insert into Measurementcolumn ( MTABLEID, DATANAME, COLNUMBER, DATATYPE, DATASIZE, DATASCALE, UNIQUEVALUE, NULLABLE, INDEXES, DESCRIPTION, DATAID, RELEASEID, UNIQUEKEY, INCLUDESQL, COLTYPE ) values ( 'DC_E_CUDB:((3)):DC_E_CUDB_MEMORYUSE:RAW', 'DATETIME_ID', 56, 'datetime', 0, 0, 255, 1, 'HG', '', 'DATETIME_ID', 'BASE_TP_090421', 1, 1, null );
insert into Measurementcolumn ( MTABLEID, DATANAME, COLNUMBER, DATATYPE, DATASIZE, DATASCALE, UNIQUEVALUE, NULLABLE, INDEXES, DESCRIPTION, DATAID, RELEASEID, UNIQUEKEY, INCLUDESQL, COLTYPE ) values ( 'DC_E_CUDB:((3)):DC_E_CUDB_MEMORYUSE:RAW', 'DAY_ID', 54, 'tinyint', 0, 0, 31, 1, 'LF', '', 'DAY_ID', 'BASE_TP_090421', 0, 0, null );
insert into Measurementcolumn ( MTABLEID, DATANAME, COLNUMBER, DATATYPE, DATASIZE, DATASCALE, UNIQUEVALUE, NULLABLE, INDEXES, DESCRIPTION, DATAID, RELEASEID, UNIQUEKEY, INCLUDESQL, COLTYPE ) values ( 'DC_E_CUDB:((3)):DC_E_CUDB_MEMORYUSE:RAW', 'DC_RELEASE', 63, 'varchar', 16, 0, 2, 1, 'LF', '', 'DC_RELEASE', 'BASE_TP_090421', 0, 1, null );
insert into Measurementcolumn ( MTABLEID, DATANAME, COLNUMBER, DATATYPE, DATASIZE, DATASCALE, UNIQUEVALUE, NULLABLE, INDEXES, DESCRIPTION, DATAID, RELEASEID, UNIQUEKEY, INCLUDESQL, COLTYPE ) values ( 'DC_E_CUDB:((3)):DC_E_CUDB_MEMORYUSE:RAW', 'DC_SOURCE', 64, 'varchar', 16, 0, 2, 1, 'LF', '', 'DC_SOURCE', 'BASE_TP_090421', 0, 1, null );
insert into Measurementcolumn ( MTABLEID, DATANAME, COLNUMBER, DATATYPE, DATASIZE, DATASCALE, UNIQUEVALUE, NULLABLE, INDEXES, DESCRIPTION, DATAID, RELEASEID, UNIQUEKEY, INCLUDESQL, COLTYPE ) values ( 'DC_E_CUDB:((3)):DC_E_CUDB_MEMORYUSE:RAW', 'DC_SUSPECTFLAG', 66, 'int', 0, 0, 2, 1, 'LF', '', 'DC_SUSPECTFLAG', 'BASE_TP_090421', 0, 1, null );
insert into Measurementcolumn ( MTABLEID, DATANAME, COLNUMBER, DATATYPE, DATASIZE, DATASCALE, UNIQUEVALUE, NULLABLE, INDEXES, DESCRIPTION, DATAID, RELEASEID, UNIQUEKEY, INCLUDESQL, COLTYPE ) values ( 'DC_E_CUDB:((3)):DC_E_CUDB_MEMORYUSE:RAW', 'DC_TIMEZONE', 65, 'varchar', 16, 0, 2, 1, 'LF', '', 'DC_TIMEZONE', 'BASE_TP_090421', 0, 1, null );
insert into Measurementcolumn ( MTABLEID, DATANAME, COLNUMBER, DATATYPE, DATASIZE, DATASCALE, UNIQUEVALUE, NULLABLE, INDEXES, DESCRIPTION, DATAID, RELEASEID, UNIQUEKEY, INCLUDESQL, COLTYPE ) values ( 'DC_E_CUDB:((3)):DC_E_CUDB_MEMORYUSE:RAW', 'HOSTMEM', 102, 'numeric', 18, 8, 255, 1, '', 'The host memory in bytes currently in use (not including TMM)', 'HOSTMEM.actual', 'DC_E_CUDB:((FINAL))', 0, 1, 'COUNTER' );
insert into Measurementcolumn ( MTABLEID, DATANAME, COLNUMBER, DATATYPE, DATASIZE, DATASCALE, UNIQUEVALUE, NULLABLE, INDEXES, DESCRIPTION, DATAID, RELEASEID, UNIQUEKEY, INCLUDESQL, COLTYPE ) values ( 'DC_E_CUDB:((3)):DC_E_CUDB_MEMORYUSE:RAW', 'HOUR_ID', 55, 'tinyint', 0, 0, 24, 1, 'LF', '', 'HOUR_ID', 'BASE_TP_090421', 0, 0, null );
insert into Measurementcolumn ( MTABLEID, DATANAME, COLNUMBER, DATATYPE, DATASIZE, DATASCALE, UNIQUEVALUE, NULLABLE, INDEXES, DESCRIPTION, DATAID, RELEASEID, UNIQUEKEY, INCLUDESQL, COLTYPE ) values ( 'DC_E_CUDB:((3)):DC_E_CUDB_MEMORYUSE:RAW', 'MIN_ID', 57, 'tinyint', 0, 0, 60, 1, 'LF', '', 'MIN_ID', 'BASE_TP_090421', 0, 0, null );
insert into Measurementcolumn ( MTABLEID, DATANAME, COLNUMBER, DATATYPE, DATASIZE, DATASCALE, UNIQUEVALUE, NULLABLE, INDEXES, DESCRIPTION, DATAID, RELEASEID, UNIQUEKEY, INCLUDESQL, COLTYPE ) values ( 'DC_E_CUDB:((3)):DC_E_CUDB_MEMORYUSE:RAW', 'MONTH_ID', 53, 'tinyint', 0, 0, 12, 1, 'LF', '', 'MONTH_ID', 'BASE_TP_090421', 0, 0, null );
insert into Measurementcolumn ( MTABLEID, DATANAME, COLNUMBER, DATATYPE, DATASIZE, DATASCALE, UNIQUEVALUE, NULLABLE, INDEXES, DESCRIPTION, DATAID, RELEASEID, UNIQUEKEY, INCLUDESQL, COLTYPE ) values ( 'DC_E_CUDB:((3)):DC_E_CUDB_MEMORYUSE:RAW', 'NE_ID', 2, 'varchar', 35, 0, 255, 0, 'HG', 'Network Element Id', 'NEID', 'DC_E_CUDB:((FINAL))', 1, 1, 'KEY' );
insert into Measurementcolumn ( MTABLEID, DATANAME, COLNUMBER, DATATYPE, DATASIZE, DATASCALE, UNIQUEVALUE, NULLABLE, INDEXES, DESCRIPTION, DATAID, RELEASEID, UNIQUEKEY, INCLUDESQL, COLTYPE ) values ( 'DC_E_CUDB:((3)):DC_E_CUDB_MEMORYUSE:RAW', 'OSS_ID', 1, 'varchar', 50, 0, 255, 0, 'HG', 'OSS Id', 'OSS_ID', 'DC_E_CUDB:((FINAL))', 1, 1, 'KEY' );
insert into Measurementcolumn ( MTABLEID, DATANAME, COLNUMBER, DATATYPE, DATASIZE, DATASCALE, UNIQUEVALUE, NULLABLE, INDEXES, DESCRIPTION, DATAID, RELEASEID, UNIQUEKEY, INCLUDESQL, COLTYPE ) values ( 'DC_E_CUDB:((3)):DC_E_CUDB_MEMORYUSE:RAW', 'PERIOD_DURATION', 61, 'unsigned int', 0, 0, 10, 1, '', '', 'PERIOD_DURATION', 'BASE_TP_090421', 0, 1, null );
insert into Measurementcolumn ( MTABLEID, DATANAME, COLNUMBER, DATATYPE, DATASIZE, DATASCALE, UNIQUEVALUE, NULLABLE, INDEXES, DESCRIPTION, DATAID, RELEASEID, UNIQUEKEY, INCLUDESQL, COLTYPE ) values ( 'DC_E_CUDB:((3)):DC_E_CUDB_MEMORYUSE:RAW', 'ROWSTATUS', 62, 'varchar', 16, 0, 10, 1, '', '', 'ROWSTATUS', 'BASE_TP_090421', 0, 1, null );
insert into Measurementcolumn ( MTABLEID, DATANAME, COLNUMBER, DATATYPE, DATASIZE, DATASCALE, UNIQUEVALUE, NULLABLE, INDEXES, DESCRIPTION, DATAID, RELEASEID, UNIQUEKEY, INCLUDESQL, COLTYPE ) values ( 'DC_E_CUDB:((3)):DC_E_CUDB_MEMORYUSE:RAW', 'SESSION_ID', 59, 'unsigned int', 0, 0, 255, 1, '', '', 'SESSION_ID', 'BASE_TP_090421', 0, 0, null );
insert into Measurementcolumn ( MTABLEID, DATANAME, COLNUMBER, DATATYPE, DATASIZE, DATASCALE, UNIQUEVALUE, NULLABLE, INDEXES, DESCRIPTION, DATAID, RELEASEID, UNIQUEKEY, INCLUDESQL, COLTYPE ) values ( 'DC_E_CUDB:((3)):DC_E_CUDB_MEMORYUSE:RAW', 'TIMELEVEL', 58, 'varchar', 10, 0, 10, 1, 'LF', '', 'TIMELEVEL', 'BASE_TP_090421', 0, 0, null );
insert into Measurementcolumn ( MTABLEID, DATANAME, COLNUMBER, DATATYPE, DATASIZE, DATASCALE, UNIQUEVALUE, NULLABLE, INDEXES, DESCRIPTION, DATAID, RELEASEID, UNIQUEKEY, INCLUDESQL, COLTYPE ) values ( 'DC_E_CUDB:((3)):DC_E_CUDB_MEMORYUSE:RAW', 'TMMMEM', 101, 'numeric', 18, 8, 255, 1, '', 'The memory in use in bytes for TMM (Traffic Management Module)', 'TMMMEM.actual', 'DC_E_CUDB:((FINAL))', 0, 1, 'COUNTER' );
insert into Measurementcolumn ( MTABLEID, DATANAME, COLNUMBER, DATATYPE, DATASIZE, DATASCALE, UNIQUEVALUE, NULLABLE, INDEXES, DESCRIPTION, DATAID, RELEASEID, UNIQUEKEY, INCLUDESQL, COLTYPE ) values ( 'DC_E_CUDB:((3)):DC_E_CUDB_MEMORYUSE:RAW', 'UTC_DATETIME_ID', 67, 'datetime', 0, 0, 255, 1, 'HG', '', 'UTC_DATETIME_ID', 'BASE_TP_090421', 1, 1, null );
insert into Measurementcolumn ( MTABLEID, DATANAME, COLNUMBER, DATATYPE, DATASIZE, DATASCALE, UNIQUEVALUE, NULLABLE, INDEXES, DESCRIPTION, DATAID, RELEASEID, UNIQUEKEY, INCLUDESQL, COLTYPE ) values ( 'DC_E_CUDB:((3)):DC_E_CUDB_MEMORYUSE:RAW', 'YEAR_ID', 52, 'smallint', 0, 0, 20, 1, 'LF', '', 'YEAR_ID', 'BASE_TP_090421', 0, 0, null );
insert into Measurementtable ( MTABLEID, TABLELEVEL, TYPEID, BASETABLENAME, DEFAULT_TEMPLATE, PARTITIONPLAN ) values ( 'DC_E_CUDB:((3)):DC_E_CUDB_MEMORYUSE:DAY', 'DAY', 'DC_E_CUDB:((3)):DC_E_CUDB_MEMORYUSE', 'DC_E_CUDB_MEMORYUSE_DAY', null, 'small_day' );
insert into Measurementcolumn ( MTABLEID, DATANAME, COLNUMBER, DATATYPE, DATASIZE, DATASCALE, UNIQUEVALUE, NULLABLE, INDEXES, DESCRIPTION, DATAID, RELEASEID, UNIQUEKEY, INCLUDESQL, COLTYPE ) values ( 'DC_E_CUDB:((3)):DC_E_CUDB_MEMORYUSE:DAY', 'AGG_COUNT', 57, 'smallint', 0, 0, 255, 1, '', '', 'AGG_COUNT', 'BASE_TP_090421', 0, 0, null );
insert into Measurementcolumn ( MTABLEID, DATANAME, COLNUMBER, DATATYPE, DATASIZE, DATASCALE, UNIQUEVALUE, NULLABLE, INDEXES, DESCRIPTION, DATAID, RELEASEID, UNIQUEKEY, INCLUDESQL, COLTYPE ) values ( 'DC_E_CUDB:((3)):DC_E_CUDB_MEMORYUSE:DAY', 'BATCH_ID', 60, 'smallint', 0, 0, 255, 1, '', '', 'BATCH_ID', 'BASE_TP_090421', 0, 0, null );
insert into Measurementcolumn ( MTABLEID, DATANAME, COLNUMBER, DATATYPE, DATASIZE, DATASCALE, UNIQUEVALUE, NULLABLE, INDEXES, DESCRIPTION, DATAID, RELEASEID, UNIQUEKEY, INCLUDESQL, COLTYPE ) values ( 'DC_E_CUDB:((3)):DC_E_CUDB_MEMORYUSE:DAY', 'DATACOVERAGE', 56, 'unsigned int', 0, 0, 255, 1, '', '', 'DATACOVERAGE', 'BASE_TP_090421', 0, 1, null );
insert into Measurementcolumn ( MTABLEID, DATANAME, COLNUMBER, DATATYPE, DATASIZE, DATASCALE, UNIQUEVALUE, NULLABLE, INDEXES, DESCRIPTION, DATAID, RELEASEID, UNIQUEKEY, INCLUDESQL, COLTYPE ) values ( 'DC_E_CUDB:((3)):DC_E_CUDB_MEMORYUSE:DAY', 'DATE_ID', 51, 'date', 0, 0, 255, 1, 'LF', '', 'DATE_ID', 'BASE_TP_090421', 1, 1, null );
insert into Measurementcolumn ( MTABLEID, DATANAME, COLNUMBER, DATATYPE, DATASIZE, DATASCALE, UNIQUEVALUE, NULLABLE, INDEXES, DESCRIPTION, DATAID, RELEASEID, UNIQUEKEY, INCLUDESQL, COLTYPE ) values ( 'DC_E_CUDB:((3)):DC_E_CUDB_MEMORYUSE:DAY', 'DAY_ID', 54, 'tinyint', 0, 0, 31, 1, 'LF', '', 'DAY_ID', 'BASE_TP_090421', 0, 0, null );
insert into Measurementcolumn ( MTABLEID, DATANAME, COLNUMBER, DATATYPE, DATASIZE, DATASCALE, UNIQUEVALUE, NULLABLE, INDEXES, DESCRIPTION, DATAID, RELEASEID, UNIQUEKEY, INCLUDESQL, COLTYPE ) values ( 'DC_E_CUDB:((3)):DC_E_CUDB_MEMORYUSE:DAY', 'DC_RELEASE', 63, 'varchar', 16, 0, 2, 1, 'LF', '', 'DC_RELEASE', 'BASE_TP_090421', 1, 1, null );
insert into Measurementcolumn ( MTABLEID, DATANAME, COLNUMBER, DATATYPE, DATASIZE, DATASCALE, UNIQUEVALUE, NULLABLE, INDEXES, DESCRIPTION, DATAID, RELEASEID, UNIQUEKEY, INCLUDESQL, COLTYPE ) values ( 'DC_E_CUDB:((3)):DC_E_CUDB_MEMORYUSE:DAY', 'DC_SOURCE', 64, 'varchar', 16, 0, 2, 1, 'LF', '', 'DC_SOURCE', 'BASE_TP_090421', 0, 1, null );
insert into Measurementcolumn ( MTABLEID, DATANAME, COLNUMBER, DATATYPE, DATASIZE, DATASCALE, UNIQUEVALUE, NULLABLE, INDEXES, DESCRIPTION, DATAID, RELEASEID, UNIQUEKEY, INCLUDESQL, COLTYPE ) values ( 'DC_E_CUDB:((3)):DC_E_CUDB_MEMORYUSE:DAY', 'DC_SUSPECTFLAG', 66, 'int', 0, 0, 2, 1, 'LF', '', 'DC_SUSPECTFLAG', 'BASE_TP_090421', 0, 1, null );
insert into Measurementcolumn ( MTABLEID, DATANAME, COLNUMBER, DATATYPE, DATASIZE, DATASCALE, UNIQUEVALUE, NULLABLE, INDEXES, DESCRIPTION, DATAID, RELEASEID, UNIQUEKEY, INCLUDESQL, COLTYPE ) values ( 'DC_E_CUDB:((3)):DC_E_CUDB_MEMORYUSE:DAY', 'DC_TIMEZONE', 65, 'varchar', 16, 0, 2, 1, 'LF', '', 'DC_TIMEZONE', 'BASE_TP_090421', 0, 1, null );
insert into Measurementcolumn ( MTABLEID, DATANAME, COLNUMBER, DATATYPE, DATASIZE, DATASCALE, UNIQUEVALUE, NULLABLE, INDEXES, DESCRIPTION, DATAID, RELEASEID, UNIQUEKEY, INCLUDESQL, COLTYPE ) values ( 'DC_E_CUDB:((3)):DC_E_CUDB_MEMORYUSE:DAY', 'HOSTMEM', 102, 'numeric', 18, 8, 255, 1, '', 'The host memory in bytes currently in use (not including TMM)', 'HOSTMEM.actual', 'DC_E_CUDB:((FINAL))', 0, 1, 'COUNTER' );
insert into Measurementcolumn ( MTABLEID, DATANAME, COLNUMBER, DATATYPE, DATASIZE, DATASCALE, UNIQUEVALUE, NULLABLE, INDEXES, DESCRIPTION, DATAID, RELEASEID, UNIQUEKEY, INCLUDESQL, COLTYPE ) values ( 'DC_E_CUDB:((3)):DC_E_CUDB_MEMORYUSE:DAY', 'MONTH_ID', 53, 'tinyint', 0, 0, 12, 1, 'LF', '', 'MONTH_ID', 'BASE_TP_090421', 0, 0, null );
insert into Measurementcolumn ( MTABLEID, DATANAME, COLNUMBER, DATATYPE, DATASIZE, DATASCALE, UNIQUEVALUE, NULLABLE, INDEXES, DESCRIPTION, DATAID, RELEASEID, UNIQUEKEY, INCLUDESQL, COLTYPE ) values ( 'DC_E_CUDB:((3)):DC_E_CUDB_MEMORYUSE:DAY', 'NE_ID', 2, 'varchar', 35, 0, 255, 0, 'HG', 'Network Element Id', 'NEID', 'DC_E_CUDB:((FINAL))', 1, 1, 'KEY' );
insert into Measurementcolumn ( MTABLEID, DATANAME, COLNUMBER, DATATYPE, DATASIZE, DATASCALE, UNIQUEVALUE, NULLABLE, INDEXES, DESCRIPTION, DATAID, RELEASEID, UNIQUEKEY, INCLUDESQL, COLTYPE ) values ( 'DC_E_CUDB:((3)):DC_E_CUDB_MEMORYUSE:DAY', 'OSS_ID', 1, 'varchar', 50, 0, 255, 0, 'HG', 'OSS Id', 'OSS_ID', 'DC_E_CUDB:((FINAL))', 1, 1, 'KEY' );
insert into Measurementcolumn ( MTABLEID, DATANAME, COLNUMBER, DATATYPE, DATASIZE, DATASCALE, UNIQUEVALUE, NULLABLE, INDEXES, DESCRIPTION, DATAID, RELEASEID, UNIQUEKEY, INCLUDESQL, COLTYPE ) values ( 'DC_E_CUDB:((3)):DC_E_CUDB_MEMORYUSE:DAY', 'PERIOD_DURATION', 61, 'unsigned int', 0, 0, 10, 1, '', '', 'PERIOD_DURATION', 'BASE_TP_090421', 0, 1, null );
insert into Measurementcolumn ( MTABLEID, DATANAME, COLNUMBER, DATATYPE, DATASIZE, DATASCALE, UNIQUEVALUE, NULLABLE, INDEXES, DESCRIPTION, DATAID, RELEASEID, UNIQUEKEY, INCLUDESQL, COLTYPE ) values ( 'DC_E_CUDB:((3)):DC_E_CUDB_MEMORYUSE:DAY', 'ROWSTATUS', 62, 'varchar', 16, 0, 10, 1, '', '', 'ROWSTATUS', 'BASE_TP_090421', 0, 1, null );
insert into Measurementcolumn ( MTABLEID, DATANAME, COLNUMBER, DATATYPE, DATASIZE, DATASCALE, UNIQUEVALUE, NULLABLE, INDEXES, DESCRIPTION, DATAID, RELEASEID, UNIQUEKEY, INCLUDESQL, COLTYPE ) values ( 'DC_E_CUDB:((3)):DC_E_CUDB_MEMORYUSE:DAY', 'SESSION_ID', 59, 'unsigned int', 0, 0, 255, 1, '', '', 'SESSION_ID', 'BASE_TP_090421', 0, 0, null );
insert into Measurementcolumn ( MTABLEID, DATANAME, COLNUMBER, DATATYPE, DATASIZE, DATASCALE, UNIQUEVALUE, NULLABLE, INDEXES, DESCRIPTION, DATAID, RELEASEID, UNIQUEKEY, INCLUDESQL, COLTYPE ) values ( 'DC_E_CUDB:((3)):DC_E_CUDB_MEMORYUSE:DAY', 'TIMELEVEL', 58, 'varchar', 10, 0, 10, 1, 'LF', '', 'TIMELEVEL', 'BASE_TP_090421', 0, 0, null );
insert into Measurementcolumn ( MTABLEID, DATANAME, COLNUMBER, DATATYPE, DATASIZE, DATASCALE, UNIQUEVALUE, NULLABLE, INDEXES, DESCRIPTION, DATAID, RELEASEID, UNIQUEKEY, INCLUDESQL, COLTYPE ) values ( 'DC_E_CUDB:((3)):DC_E_CUDB_MEMORYUSE:DAY', 'TMMMEM', 101, 'numeric', 18, 8, 255, 1, '', 'The memory in use in bytes for TMM (Traffic Management Module)', 'TMMMEM.actual', 'DC_E_CUDB:((FINAL))', 0, 1, 'COUNTER' );
insert into Measurementcolumn ( MTABLEID, DATANAME, COLNUMBER, DATATYPE, DATASIZE, DATASCALE, UNIQUEVALUE, NULLABLE, INDEXES, DESCRIPTION, DATAID, RELEASEID, UNIQUEKEY, INCLUDESQL, COLTYPE ) values ( 'DC_E_CUDB:((3)):DC_E_CUDB_MEMORYUSE:DAY', 'WEEK_ID', 55, 'tinyint', 0, 0, 53, 1, 'LF', '', 'WEEK_ID', 'BASE_TP_090421', 0, 0, null );
insert into Measurementcolumn ( MTABLEID, DATANAME, COLNUMBER, DATATYPE, DATASIZE, DATASCALE, UNIQUEVALUE, NULLABLE, INDEXES, DESCRIPTION, DATAID, RELEASEID, UNIQUEKEY, INCLUDESQL, COLTYPE ) values ( 'DC_E_CUDB:((3)):DC_E_CUDB_MEMORYUSE:DAY', 'YEAR_ID', 52, 'smallint', 0, 0, 20, 1, 'LF', '', 'YEAR_ID', 'BASE_TP_090421', 0, 0, null );
insert into Measurementtype ( TYPEID, TYPECLASSID, TYPENAME, VENDORID, FOLDERNAME, DESCRIPTION, STATUS, VERSIONID, OBJECTID, OBJECTNAME, OBJECTVERSION, OBJECTTYPE, JOINABLE, SIZING, TOTALAGG, ELEMENTBHSUPPORT, RANKINGTABLE, DELTACALCSUPPORT, PLAINTABLE, UNIVERSEEXTENSION, VECTORSUPPORT, DATAFORMATSUPPORT ) values ( 'DC_E_CUDB:((3)):DC_E_CUDB_NEWCONN', 'DC_E_CUDB:((3)):DC_E_CUDB_LoadBalancer', 'DC_E_CUDB_NEWCONN', 'DC_E_CUDB', 'DC_E_CUDB_NEWCONN', 'All Load Balancer Counters', null, 'DC_E_CUDB:((3))', 'DC_E_CUDB:((3)):DC_E_CUDB_NEWCONN', 'DC_E_CUDB_NEWCONN', null, null, '', 'small', 1, 0, 0, 0, 0, 'ALL', 0, 1 );
insert into Measurementkey ( TYPEID, DATANAME, DESCRIPTION, ISELEMENT, UNIQUEKEY, COLNUMBER, DATATYPE, DATASIZE, DATASCALE, UNIQUEVALUE, NULLABLE, INDEXES, INCLUDESQL, UNIVOBJECT, JOINABLE, DATAID ) values ( 'DC_E_CUDB:((3)):DC_E_CUDB_NEWCONN', 'NE_ID', 'Network Element Id', 1, 1, 2, 'varchar', 35, 0, 255, 0, 'HG', 1, 'NE_ID', null, 'NEID' );
insert into Measurementkey ( TYPEID, DATANAME, DESCRIPTION, ISELEMENT, UNIQUEKEY, COLNUMBER, DATATYPE, DATASIZE, DATASCALE, UNIQUEVALUE, NULLABLE, INDEXES, INCLUDESQL, UNIVOBJECT, JOINABLE, DATAID ) values ( 'DC_E_CUDB:((3)):DC_E_CUDB_NEWCONN', 'OSS_ID', 'OSS Id', 0, 1, 1, 'varchar', 50, 0, 255, 0, 'HG', 1, 'OSS_ID', null, 'OSS_ID' );
insert into Measurementcounter ( TYPEID, DATANAME, DESCRIPTION, TIMEAGGREGATION, GROUPAGGREGATION, COUNTAGGREGATION, COLNUMBER, DATATYPE, DATASIZE, DATASCALE, INCLUDESQL, UNIVOBJECT, UNIVCLASS, COUNTERTYPE, COUNTERPROCESS, DATAID ) values ( 'DC_E_CUDB:((3)):DC_E_CUDB_NEWCONN', 'NEWCLCONN', 'The total connections from client-side to the system', 'SUM', 'SUM', 'PEG', 101, 'numeric', 18, 8, 1, 'NEWCLCONN', null, 'PEG', 'PEG', 'NEWCLCONN.delta' );
insert into Measurementcounter ( TYPEID, DATANAME, DESCRIPTION, TIMEAGGREGATION, GROUPAGGREGATION, COUNTAGGREGATION, COLNUMBER, DATATYPE, DATASIZE, DATASCALE, INCLUDESQL, UNIVOBJECT, UNIVCLASS, COUNTERTYPE, COUNTERPROCESS, DATAID ) values ( 'DC_E_CUDB:((3)):DC_E_CUDB_NEWCONN', 'NEWSVRCONN', 'The total connections from server-side to the system', 'SUM', 'SUM', 'PEG', 102, 'numeric', 18, 8, 1, 'NEWSVRCONN', null, 'PEG', 'PEG', 'NEWSVRCONN.delta' );
insert into Measurementtable ( MTABLEID, TABLELEVEL, TYPEID, BASETABLENAME, DEFAULT_TEMPLATE, PARTITIONPLAN ) values ( 'DC_E_CUDB:((3)):DC_E_CUDB_NEWCONN:RAW', 'RAW', 'DC_E_CUDB:((3)):DC_E_CUDB_NEWCONN', 'DC_E_CUDB_NEWCONN_RAW', null, 'small_raw' );
insert into Measurementcolumn ( MTABLEID, DATANAME, COLNUMBER, DATATYPE, DATASIZE, DATASCALE, UNIQUEVALUE, NULLABLE, INDEXES, DESCRIPTION, DATAID, RELEASEID, UNIQUEKEY, INCLUDESQL, COLTYPE ) values ( 'DC_E_CUDB:((3)):DC_E_CUDB_NEWCONN:RAW', 'BATCH_ID', 60, 'smallint', 0, 0, 255, 1, '', '', 'BATCH_ID', 'BASE_TP_090421', 0, 0, null );
insert into Measurementcolumn ( MTABLEID, DATANAME, COLNUMBER, DATATYPE, DATASIZE, DATASCALE, UNIQUEVALUE, NULLABLE, INDEXES, DESCRIPTION, DATAID, RELEASEID, UNIQUEKEY, INCLUDESQL, COLTYPE ) values ( 'DC_E_CUDB:((3)):DC_E_CUDB_NEWCONN:RAW', 'DATE_ID', 51, 'date', 0, 0, 255, 1, 'LF', '', 'DATE_ID', 'BASE_TP_090421', 0, 0, null );
insert into Measurementcolumn ( MTABLEID, DATANAME, COLNUMBER, DATATYPE, DATASIZE, DATASCALE, UNIQUEVALUE, NULLABLE, INDEXES, DESCRIPTION, DATAID, RELEASEID, UNIQUEKEY, INCLUDESQL, COLTYPE ) values ( 'DC_E_CUDB:((3)):DC_E_CUDB_NEWCONN:RAW', 'DATETIME_ID', 56, 'datetime', 0, 0, 255, 1, 'HG', '', 'DATETIME_ID', 'BASE_TP_090421', 1, 1, null );
insert into Measurementcolumn ( MTABLEID, DATANAME, COLNUMBER, DATATYPE, DATASIZE, DATASCALE, UNIQUEVALUE, NULLABLE, INDEXES, DESCRIPTION, DATAID, RELEASEID, UNIQUEKEY, INCLUDESQL, COLTYPE ) values ( 'DC_E_CUDB:((3)):DC_E_CUDB_NEWCONN:RAW', 'DAY_ID', 54, 'tinyint', 0, 0, 31, 1, 'LF', '', 'DAY_ID', 'BASE_TP_090421', 0, 0, null );
insert into Measurementcolumn ( MTABLEID, DATANAME, COLNUMBER, DATATYPE, DATASIZE, DATASCALE, UNIQUEVALUE, NULLABLE, INDEXES, DESCRIPTION, DATAID, RELEASEID, UNIQUEKEY, INCLUDESQL, COLTYPE ) values ( 'DC_E_CUDB:((3)):DC_E_CUDB_NEWCONN:RAW', 'DC_RELEASE', 63, 'varchar', 16, 0, 2, 1, 'LF', '', 'DC_RELEASE', 'BASE_TP_090421', 0, 1, null );
insert into Measurementcolumn ( MTABLEID, DATANAME, COLNUMBER, DATATYPE, DATASIZE, DATASCALE, UNIQUEVALUE, NULLABLE, INDEXES, DESCRIPTION, DATAID, RELEASEID, UNIQUEKEY, INCLUDESQL, COLTYPE ) values ( 'DC_E_CUDB:((3)):DC_E_CUDB_NEWCONN:RAW', 'DC_SOURCE', 64, 'varchar', 16, 0, 2, 1, 'LF', '', 'DC_SOURCE', 'BASE_TP_090421', 0, 1, null );
insert into Measurementcolumn ( MTABLEID, DATANAME, COLNUMBER, DATATYPE, DATASIZE, DATASCALE, UNIQUEVALUE, NULLABLE, INDEXES, DESCRIPTION, DATAID, RELEASEID, UNIQUEKEY, INCLUDESQL, COLTYPE ) values ( 'DC_E_CUDB:((3)):DC_E_CUDB_NEWCONN:RAW', 'DC_SUSPECTFLAG', 66, 'int', 0, 0, 2, 1, 'LF', '', 'DC_SUSPECTFLAG', 'BASE_TP_090421', 0, 1, null );
insert into Measurementcolumn ( MTABLEID, DATANAME, COLNUMBER, DATATYPE, DATASIZE, DATASCALE, UNIQUEVALUE, NULLABLE, INDEXES, DESCRIPTION, DATAID, RELEASEID, UNIQUEKEY, INCLUDESQL, COLTYPE ) values ( 'DC_E_CUDB:((3)):DC_E_CUDB_NEWCONN:RAW', 'DC_TIMEZONE', 65, 'varchar', 16, 0, 2, 1, 'LF', '', 'DC_TIMEZONE', 'BASE_TP_090421', 0, 1, null );
insert into Measurementcolumn ( MTABLEID, DATANAME, COLNUMBER, DATATYPE, DATASIZE, DATASCALE, UNIQUEVALUE, NULLABLE, INDEXES, DESCRIPTION, DATAID, RELEASEID, UNIQUEKEY, INCLUDESQL, COLTYPE ) values ( 'DC_E_CUDB:((3)):DC_E_CUDB_NEWCONN:RAW', 'HOUR_ID', 55, 'tinyint', 0, 0, 24, 1, 'LF', '', 'HOUR_ID', 'BASE_TP_090421', 0, 0, null );
insert into Measurementcolumn ( MTABLEID, DATANAME, COLNUMBER, DATATYPE, DATASIZE, DATASCALE, UNIQUEVALUE, NULLABLE, INDEXES, DESCRIPTION, DATAID, RELEASEID, UNIQUEKEY, INCLUDESQL, COLTYPE ) values ( 'DC_E_CUDB:((3)):DC_E_CUDB_NEWCONN:RAW', 'MIN_ID', 57, 'tinyint', 0, 0, 60, 1, 'LF', '', 'MIN_ID', 'BASE_TP_090421', 0, 0, null );
insert into Measurementcolumn ( MTABLEID, DATANAME, COLNUMBER, DATATYPE, DATASIZE, DATASCALE, UNIQUEVALUE, NULLABLE, INDEXES, DESCRIPTION, DATAID, RELEASEID, UNIQUEKEY, INCLUDESQL, COLTYPE ) values ( 'DC_E_CUDB:((3)):DC_E_CUDB_NEWCONN:RAW', 'MONTH_ID', 53, 'tinyint', 0, 0, 12, 1, 'LF', '', 'MONTH_ID', 'BASE_TP_090421', 0, 0, null );
insert into Measurementcolumn ( MTABLEID, DATANAME, COLNUMBER, DATATYPE, DATASIZE, DATASCALE, UNIQUEVALUE, NULLABLE, INDEXES, DESCRIPTION, DATAID, RELEASEID, UNIQUEKEY, INCLUDESQL, COLTYPE ) values ( 'DC_E_CUDB:((3)):DC_E_CUDB_NEWCONN:RAW', 'NE_ID', 2, 'varchar', 35, 0, 255, 0, 'HG', 'Network Element Id', 'NEID', 'DC_E_CUDB:((FINAL))', 1, 1, 'KEY' );
insert into Measurementcolumn ( MTABLEID, DATANAME, COLNUMBER, DATATYPE, DATASIZE, DATASCALE, UNIQUEVALUE, NULLABLE, INDEXES, DESCRIPTION, DATAID, RELEASEID, UNIQUEKEY, INCLUDESQL, COLTYPE ) values ( 'DC_E_CUDB:((3)):DC_E_CUDB_NEWCONN:RAW', 'NEWCLCONN', 101, 'numeric', 18, 8, 255, 1, '', 'The total connections from client-side to the system', 'NEWCLCONN.delta', 'DC_E_CUDB:((FINAL))', 0, 1, 'COUNTER' );
insert into Measurementcolumn ( MTABLEID, DATANAME, COLNUMBER, DATATYPE, DATASIZE, DATASCALE, UNIQUEVALUE, NULLABLE, INDEXES, DESCRIPTION, DATAID, RELEASEID, UNIQUEKEY, INCLUDESQL, COLTYPE ) values ( 'DC_E_CUDB:((3)):DC_E_CUDB_NEWCONN:RAW', 'NEWSVRCONN', 102, 'numeric', 18, 8, 255, 1, '', 'The total connections from server-side to the system', 'NEWSVRCONN.delta', 'DC_E_CUDB:((FINAL))', 0, 1, 'COUNTER' );
insert into Measurementcolumn ( MTABLEID, DATANAME, COLNUMBER, DATATYPE, DATASIZE, DATASCALE, UNIQUEVALUE, NULLABLE, INDEXES, DESCRIPTION, DATAID, RELEASEID, UNIQUEKEY, INCLUDESQL, COLTYPE ) values ( 'DC_E_CUDB:((3)):DC_E_CUDB_NEWCONN:RAW', 'OSS_ID', 1, 'varchar', 50, 0, 255, 0, 'HG', 'OSS Id', 'OSS_ID', 'DC_E_CUDB:((FINAL))', 1, 1, 'KEY' );
insert into Measurementcolumn ( MTABLEID, DATANAME, COLNUMBER, DATATYPE, DATASIZE, DATASCALE, UNIQUEVALUE, NULLABLE, INDEXES, DESCRIPTION, DATAID, RELEASEID, UNIQUEKEY, INCLUDESQL, COLTYPE ) values ( 'DC_E_CUDB:((3)):DC_E_CUDB_NEWCONN:RAW', 'PERIOD_DURATION', 61, 'unsigned int', 0, 0, 10, 1, '', '', 'PERIOD_DURATION', 'BASE_TP_090421', 0, 1, null );
insert into Measurementcolumn ( MTABLEID, DATANAME, COLNUMBER, DATATYPE, DATASIZE, DATASCALE, UNIQUEVALUE, NULLABLE, INDEXES, DESCRIPTION, DATAID, RELEASEID, UNIQUEKEY, INCLUDESQL, COLTYPE ) values ( 'DC_E_CUDB:((3)):DC_E_CUDB_NEWCONN:RAW', 'ROWSTATUS', 62, 'varchar', 16, 0, 10, 1, '', '', 'ROWSTATUS', 'BASE_TP_090421', 0, 1, null );
insert into Measurementcolumn ( MTABLEID, DATANAME, COLNUMBER, DATATYPE, DATASIZE, DATASCALE, UNIQUEVALUE, NULLABLE, INDEXES, DESCRIPTION, DATAID, RELEASEID, UNIQUEKEY, INCLUDESQL, COLTYPE ) values ( 'DC_E_CUDB:((3)):DC_E_CUDB_NEWCONN:RAW', 'SESSION_ID', 59, 'unsigned int', 0, 0, 255, 1, '', '', 'SESSION_ID', 'BASE_TP_090421', 0, 0, null );
insert into Measurementcolumn ( MTABLEID, DATANAME, COLNUMBER, DATATYPE, DATASIZE, DATASCALE, UNIQUEVALUE, NULLABLE, INDEXES, DESCRIPTION, DATAID, RELEASEID, UNIQUEKEY, INCLUDESQL, COLTYPE ) values ( 'DC_E_CUDB:((3)):DC_E_CUDB_NEWCONN:RAW', 'TIMELEVEL', 58, 'varchar', 10, 0, 10, 1, 'LF', '', 'TIMELEVEL', 'BASE_TP_090421', 0, 0, null );
insert into Measurementcolumn ( MTABLEID, DATANAME, COLNUMBER, DATATYPE, DATASIZE, DATASCALE, UNIQUEVALUE, NULLABLE, INDEXES, DESCRIPTION, DATAID, RELEASEID, UNIQUEKEY, INCLUDESQL, COLTYPE ) values ( 'DC_E_CUDB:((3)):DC_E_CUDB_NEWCONN:RAW', 'UTC_DATETIME_ID', 67, 'datetime', 0, 0, 255, 1, 'HG', '', 'UTC_DATETIME_ID', 'BASE_TP_090421', 1, 1, null );
insert into Measurementcolumn ( MTABLEID, DATANAME, COLNUMBER, DATATYPE, DATASIZE, DATASCALE, UNIQUEVALUE, NULLABLE, INDEXES, DESCRIPTION, DATAID, RELEASEID, UNIQUEKEY, INCLUDESQL, COLTYPE ) values ( 'DC_E_CUDB:((3)):DC_E_CUDB_NEWCONN:RAW', 'YEAR_ID', 52, 'smallint', 0, 0, 20, 1, 'LF', '', 'YEAR_ID', 'BASE_TP_090421', 0, 0, null );
insert into Measurementtable ( MTABLEID, TABLELEVEL, TYPEID, BASETABLENAME, DEFAULT_TEMPLATE, PARTITIONPLAN ) values ( 'DC_E_CUDB:((3)):DC_E_CUDB_NEWCONN:DAY', 'DAY', 'DC_E_CUDB:((3)):DC_E_CUDB_NEWCONN', 'DC_E_CUDB_NEWCONN_DAY', null, 'small_day' );
insert into Measurementcolumn ( MTABLEID, DATANAME, COLNUMBER, DATATYPE, DATASIZE, DATASCALE, UNIQUEVALUE, NULLABLE, INDEXES, DESCRIPTION, DATAID, RELEASEID, UNIQUEKEY, INCLUDESQL, COLTYPE ) values ( 'DC_E_CUDB:((3)):DC_E_CUDB_NEWCONN:DAY', 'AGG_COUNT', 57, 'smallint', 0, 0, 255, 1, '', '', 'AGG_COUNT', 'BASE_TP_090421', 0, 0, null );
insert into Measurementcolumn ( MTABLEID, DATANAME, COLNUMBER, DATATYPE, DATASIZE, DATASCALE, UNIQUEVALUE, NULLABLE, INDEXES, DESCRIPTION, DATAID, RELEASEID, UNIQUEKEY, INCLUDESQL, COLTYPE ) values ( 'DC_E_CUDB:((3)):DC_E_CUDB_NEWCONN:DAY', 'BATCH_ID', 60, 'smallint', 0, 0, 255, 1, '', '', 'BATCH_ID', 'BASE_TP_090421', 0, 0, null );
insert into Measurementcolumn ( MTABLEID, DATANAME, COLNUMBER, DATATYPE, DATASIZE, DATASCALE, UNIQUEVALUE, NULLABLE, INDEXES, DESCRIPTION, DATAID, RELEASEID, UNIQUEKEY, INCLUDESQL, COLTYPE ) values ( 'DC_E_CUDB:((3)):DC_E_CUDB_NEWCONN:DAY', 'DATACOVERAGE', 56, 'unsigned int', 0, 0, 255, 1, '', '', 'DATACOVERAGE', 'BASE_TP_090421', 0, 1, null );
insert into Measurementcolumn ( MTABLEID, DATANAME, COLNUMBER, DATATYPE, DATASIZE, DATASCALE, UNIQUEVALUE, NULLABLE, INDEXES, DESCRIPTION, DATAID, RELEASEID, UNIQUEKEY, INCLUDESQL, COLTYPE ) values ( 'DC_E_CUDB:((3)):DC_E_CUDB_NEWCONN:DAY', 'DATE_ID', 51, 'date', 0, 0, 255, 1, 'LF', '', 'DATE_ID', 'BASE_TP_090421', 1, 1, null );
insert into Measurementcolumn ( MTABLEID, DATANAME, COLNUMBER, DATATYPE, DATASIZE, DATASCALE, UNIQUEVALUE, NULLABLE, INDEXES, DESCRIPTION, DATAID, RELEASEID, UNIQUEKEY, INCLUDESQL, COLTYPE ) values ( 'DC_E_CUDB:((3)):DC_E_CUDB_NEWCONN:DAY', 'DAY_ID', 54, 'tinyint', 0, 0, 31, 1, 'LF', '', 'DAY_ID', 'BASE_TP_090421', 0, 0, null );
insert into Measurementcolumn ( MTABLEID, DATANAME, COLNUMBER, DATATYPE, DATASIZE, DATASCALE, UNIQUEVALUE, NULLABLE, INDEXES, DESCRIPTION, DATAID, RELEASEID, UNIQUEKEY, INCLUDESQL, COLTYPE ) values ( 'DC_E_CUDB:((3)):DC_E_CUDB_NEWCONN:DAY', 'DC_RELEASE', 63, 'varchar', 16, 0, 2, 1, 'LF', '', 'DC_RELEASE', 'BASE_TP_090421', 1, 1, null );
insert into Measurementcolumn ( MTABLEID, DATANAME, COLNUMBER, DATATYPE, DATASIZE, DATASCALE, UNIQUEVALUE, NULLABLE, INDEXES, DESCRIPTION, DATAID, RELEASEID, UNIQUEKEY, INCLUDESQL, COLTYPE ) values ( 'DC_E_CUDB:((3)):DC_E_CUDB_NEWCONN:DAY', 'DC_SOURCE', 64, 'varchar', 16, 0, 2, 1, 'LF', '', 'DC_SOURCE', 'BASE_TP_090421', 0, 1, null );
insert into Measurementcolumn ( MTABLEID, DATANAME, COLNUMBER, DATATYPE, DATASIZE, DATASCALE, UNIQUEVALUE, NULLABLE, INDEXES, DESCRIPTION, DATAID, RELEASEID, UNIQUEKEY, INCLUDESQL, COLTYPE ) values ( 'DC_E_CUDB:((3)):DC_E_CUDB_NEWCONN:DAY', 'DC_SUSPECTFLAG', 66, 'int', 0, 0, 2, 1, 'LF', '', 'DC_SUSPECTFLAG', 'BASE_TP_090421', 0, 1, null );
insert into Measurementcolumn ( MTABLEID, DATANAME, COLNUMBER, DATATYPE, DATASIZE, DATASCALE, UNIQUEVALUE, NULLABLE, INDEXES, DESCRIPTION, DATAID, RELEASEID, UNIQUEKEY, INCLUDESQL, COLTYPE ) values ( 'DC_E_CUDB:((3)):DC_E_CUDB_NEWCONN:DAY', 'DC_TIMEZONE', 65, 'varchar', 16, 0, 2, 1, 'LF', '', 'DC_TIMEZONE', 'BASE_TP_090421', 0, 1, null );
insert into Measurementcolumn ( MTABLEID, DATANAME, COLNUMBER, DATATYPE, DATASIZE, DATASCALE, UNIQUEVALUE, NULLABLE, INDEXES, DESCRIPTION, DATAID, RELEASEID, UNIQUEKEY, INCLUDESQL, COLTYPE ) values ( 'DC_E_CUDB:((3)):DC_E_CUDB_NEWCONN:DAY', 'MONTH_ID', 53, 'tinyint', 0, 0, 12, 1, 'LF', '', 'MONTH_ID', 'BASE_TP_090421', 0, 0, null );
insert into Measurementcolumn ( MTABLEID, DATANAME, COLNUMBER, DATATYPE, DATASIZE, DATASCALE, UNIQUEVALUE, NULLABLE, INDEXES, DESCRIPTION, DATAID, RELEASEID, UNIQUEKEY, INCLUDESQL, COLTYPE ) values ( 'DC_E_CUDB:((3)):DC_E_CUDB_NEWCONN:DAY', 'NE_ID', 2, 'varchar', 35, 0, 255, 0, 'HG', 'Network Element Id', 'NEID', 'DC_E_CUDB:((FINAL))', 1, 1, 'KEY' );
insert into Measurementcolumn ( MTABLEID, DATANAME, COLNUMBER, DATATYPE, DATASIZE, DATASCALE, UNIQUEVALUE, NULLABLE, INDEXES, DESCRIPTION, DATAID, RELEASEID, UNIQUEKEY, INCLUDESQL, COLTYPE ) values ( 'DC_E_CUDB:((3)):DC_E_CUDB_NEWCONN:DAY', 'NEWCLCONN', 101, 'numeric', 18, 8, 255, 1, '', 'The total connections from client-side to the system', 'NEWCLCONN.delta', 'DC_E_CUDB:((FINAL))', 0, 1, 'COUNTER' );
insert into Measurementcolumn ( MTABLEID, DATANAME, COLNUMBER, DATATYPE, DATASIZE, DATASCALE, UNIQUEVALUE, NULLABLE, INDEXES, DESCRIPTION, DATAID, RELEASEID, UNIQUEKEY, INCLUDESQL, COLTYPE ) values ( 'DC_E_CUDB:((3)):DC_E_CUDB_NEWCONN:DAY', 'NEWSVRCONN', 102, 'numeric', 18, 8, 255, 1, '', 'The total connections from server-side to the system', 'NEWSVRCONN.delta', 'DC_E_CUDB:((FINAL))', 0, 1, 'COUNTER' );
insert into Measurementcolumn ( MTABLEID, DATANAME, COLNUMBER, DATATYPE, DATASIZE, DATASCALE, UNIQUEVALUE, NULLABLE, INDEXES, DESCRIPTION, DATAID, RELEASEID, UNIQUEKEY, INCLUDESQL, COLTYPE ) values ( 'DC_E_CUDB:((3)):DC_E_CUDB_NEWCONN:DAY', 'OSS_ID', 1, 'varchar', 50, 0, 255, 0, 'HG', 'OSS Id', 'OSS_ID', 'DC_E_CUDB:((FINAL))', 1, 1, 'KEY' );
insert into Measurementcolumn ( MTABLEID, DATANAME, COLNUMBER, DATATYPE, DATASIZE, DATASCALE, UNIQUEVALUE, NULLABLE, INDEXES, DESCRIPTION, DATAID, RELEASEID, UNIQUEKEY, INCLUDESQL, COLTYPE ) values ( 'DC_E_CUDB:((3)):DC_E_CUDB_NEWCONN:DAY', 'PERIOD_DURATION', 61, 'unsigned int', 0, 0, 10, 1, '', '', 'PERIOD_DURATION', 'BASE_TP_090421', 0, 1, null );
insert into Measurementcolumn ( MTABLEID, DATANAME, COLNUMBER, DATATYPE, DATASIZE, DATASCALE, UNIQUEVALUE, NULLABLE, INDEXES, DESCRIPTION, DATAID, RELEASEID, UNIQUEKEY, INCLUDESQL, COLTYPE ) values ( 'DC_E_CUDB:((3)):DC_E_CUDB_NEWCONN:DAY', 'ROWSTATUS', 62, 'varchar', 16, 0, 10, 1, '', '', 'ROWSTATUS', 'BASE_TP_090421', 0, 1, null );
insert into Measurementcolumn ( MTABLEID, DATANAME, COLNUMBER, DATATYPE, DATASIZE, DATASCALE, UNIQUEVALUE, NULLABLE, INDEXES, DESCRIPTION, DATAID, RELEASEID, UNIQUEKEY, INCLUDESQL, COLTYPE ) values ( 'DC_E_CUDB:((3)):DC_E_CUDB_NEWCONN:DAY', 'SESSION_ID', 59, 'unsigned int', 0, 0, 255, 1, '', '', 'SESSION_ID', 'BASE_TP_090421', 0, 0, null );
insert into Measurementcolumn ( MTABLEID, DATANAME, COLNUMBER, DATATYPE, DATASIZE, DATASCALE, UNIQUEVALUE, NULLABLE, INDEXES, DESCRIPTION, DATAID, RELEASEID, UNIQUEKEY, INCLUDESQL, COLTYPE ) values ( 'DC_E_CUDB:((3)):DC_E_CUDB_NEWCONN:DAY', 'TIMELEVEL', 58, 'varchar', 10, 0, 10, 1, 'LF', '', 'TIMELEVEL', 'BASE_TP_090421', 0, 0, null );
insert into Measurementcolumn ( MTABLEID, DATANAME, COLNUMBER, DATATYPE, DATASIZE, DATASCALE, UNIQUEVALUE, NULLABLE, INDEXES, DESCRIPTION, DATAID, RELEASEID, UNIQUEKEY, INCLUDESQL, COLTYPE ) values ( 'DC_E_CUDB:((3)):DC_E_CUDB_NEWCONN:DAY', 'WEEK_ID', 55, 'tinyint', 0, 0, 53, 1, 'LF', '', 'WEEK_ID', 'BASE_TP_090421', 0, 0, null );
insert into Measurementcolumn ( MTABLEID, DATANAME, COLNUMBER, DATATYPE, DATASIZE, DATASCALE, UNIQUEVALUE, NULLABLE, INDEXES, DESCRIPTION, DATAID, RELEASEID, UNIQUEKEY, INCLUDESQL, COLTYPE ) values ( 'DC_E_CUDB:((3)):DC_E_CUDB_NEWCONN:DAY', 'YEAR_ID', 52, 'smallint', 0, 0, 20, 1, 'LF', '', 'YEAR_ID', 'BASE_TP_090421', 0, 0, null );
insert into Measurementtypeclass ( TYPECLASSID, VERSIONID, DESCRIPTION ) values ( 'DC_E_CUDB:((3)):DC_E_CUDB_HLR', 'DC_E_CUDB:((3))', 'HLR' );
insert into Measurementtype ( TYPEID, TYPECLASSID, TYPENAME, VENDORID, FOLDERNAME, DESCRIPTION, STATUS, VERSIONID, OBJECTID, OBJECTNAME, OBJECTVERSION, OBJECTTYPE, JOINABLE, SIZING, TOTALAGG, ELEMENTBHSUPPORT, RANKINGTABLE, DELTACALCSUPPORT, PLAINTABLE, UNIVERSEEXTENSION, VECTORSUPPORT, DATAFORMATSUPPORT ) values ( 'DC_E_CUDB:((3)):DC_E_CUDB_ALLBSG', 'DC_E_CUDB:((3)):DC_E_CUDB_HLR', 'DC_E_CUDB_ALLBSG', 'DC_E_CUDB', 'DC_E_CUDB_ALLBSG', 'HLR application subscriber counters', null, 'DC_E_CUDB:((3))', 'DC_E_CUDB:((3)):DC_E_CUDB_ALLBSG', 'DC_E_CUDB_ALLBSG', null, null, '', 'small', 1, 0, 0, 0, 0, 'ALL', 0, 1 );
insert into Measurementkey ( TYPEID, DATANAME, DESCRIPTION, ISELEMENT, UNIQUEKEY, COLNUMBER, DATATYPE, DATASIZE, DATASCALE, UNIQUEVALUE, NULLABLE, INDEXES, INCLUDESQL, UNIVOBJECT, JOINABLE, DATAID ) values ( 'DC_E_CUDB:((3)):DC_E_CUDB_ALLBSG', 'NE_ID', 'Network Element Id', 1, 1, 2, 'varchar', 35, 0, 255, 0, 'HG', 1, 'NE_ID', null, 'NEID' );
insert into Measurementkey ( TYPEID, DATANAME, DESCRIPTION, ISELEMENT, UNIQUEKEY, COLNUMBER, DATATYPE, DATASIZE, DATASCALE, UNIQUEVALUE, NULLABLE, INDEXES, INCLUDESQL, UNIVOBJECT, JOINABLE, DATAID ) values ( 'DC_E_CUDB:((3)):DC_E_CUDB_ALLBSG', 'OSS_ID', 'OSS Id', 0, 1, 1, 'varchar', 50, 0, 255, 0, 'HG', 1, 'OSS_ID', null, 'OSS_ID' );
insert into Measurementcounter ( TYPEID, DATANAME, DESCRIPTION, TIMEAGGREGATION, GROUPAGGREGATION, COUNTAGGREGATION, COLNUMBER, DATATYPE, DATASIZE, DATASCALE, INCLUDESQL, UNIVOBJECT, UNIVCLASS, COUNTERTYPE, COUNTERPROCESS, DATAID ) values ( 'DC_E_CUDB:((3)):DC_E_CUDB_ALLBSG', 'NALLBSGACR', 'Number of mobile subscribers registered in CUDB due to HLR 					application with the ACR SS active', 'AVG', 'AVG', 'GAUGE', 124, 'numeric', 18, 8, 1, 'NALLBSGACR', null, 'GAUGE', 'GAUGE', 'NALLBSGACR.actual' );
insert into Measurementcounter ( TYPEID, DATANAME, DESCRIPTION, TIMEAGGREGATION, GROUPAGGREGATION, COUNTAGGREGATION, COLNUMBER, DATATYPE, DATASIZE, DATASCALE, INCLUDESQL, UNIVOBJECT, UNIVCLASS, COUNTERTYPE, COUNTERPROCESS, DATAID ) values ( 'DC_E_CUDB:((3)):DC_E_CUDB_ALLBSG', 'NALLBSGAOCC', 'Number of mobile subscribers registered in CUDB due to HLR 					application with the AOCC SS active', 'AVG', 'AVG', 'GAUGE', 102, 'numeric', 18, 8, 1, 'NALLBSGAOCC', null, 'GAUGE', 'GAUGE', 'NALLBSGAOCC.actual' );
insert into Measurementcounter ( TYPEID, DATANAME, DESCRIPTION, TIMEAGGREGATION, GROUPAGGREGATION, COUNTAGGREGATION, COLNUMBER, DATATYPE, DATASIZE, DATASCALE, INCLUDESQL, UNIVOBJECT, UNIVCLASS, COUNTERTYPE, COUNTERPROCESS, DATAID ) values ( 'DC_E_CUDB:((3)):DC_E_CUDB_ALLBSG', 'NALLBSGAOCI', 'Number of mobile subscribers registered in CUDB due to HLR 					application with the AOCI SS active', 'AVG', 'AVG', 'GAUGE', 101, 'numeric', 18, 8, 1, 'NALLBSGAOCI', null, 'GAUGE', 'GAUGE', 'NALLBSGAOCI.actual' );
insert into Measurementcounter ( TYPEID, DATANAME, DESCRIPTION, TIMEAGGREGATION, GROUPAGGREGATION, COUNTAGGREGATION, COLNUMBER, DATATYPE, DATASIZE, DATASCALE, INCLUDESQL, UNIVOBJECT, UNIVCLASS, COUNTERTYPE, COUNTERPROCESS, DATAID ) values ( 'DC_E_CUDB:((3)):DC_E_CUDB_ALLBSG', 'NALLBSGASL', 'Number of mobile subscribers registered in CUDB due to HLR 					application with the ASL SS active', 'AVG', 'AVG', 'GAUGE', 120, 'numeric', 18, 8, 1, 'NALLBSGASL', null, 'GAUGE', 'GAUGE', 'NALLBSGASL.actual' );
insert into Measurementcounter ( TYPEID, DATANAME, DESCRIPTION, TIMEAGGREGATION, GROUPAGGREGATION, COUNTAGGREGATION, COLNUMBER, DATATYPE, DATASIZE, DATASCALE, INCLUDESQL, UNIVOBJECT, UNIVCLASS, COUNTERTYPE, COUNTERPROCESS, DATAID ) values ( 'DC_E_CUDB:((3)):DC_E_CUDB_ALLBSG', 'NALLBSGBSL', 'Number of mobile subscribers registered in CUDB due to HLR 					application with the BSL SS active', 'AVG', 'AVG', 'GAUGE', 119, 'numeric', 18, 8, 1, 'NALLBSGBSL', null, 'GAUGE', 'GAUGE', 'NALLBSGBSL.actual' );
insert into Measurementcounter ( TYPEID, DATANAME, DESCRIPTION, TIMEAGGREGATION, GROUPAGGREGATION, COUNTAGGREGATION, COLNUMBER, DATATYPE, DATASIZE, DATASCALE, INCLUDESQL, UNIVOBJECT, UNIVCLASS, COUNTERTYPE, COUNTERPROCESS, DATAID ) values ( 'DC_E_CUDB:((3)):DC_E_CUDB_ALLBSG', 'NALLBSGCLIP', 'Number of mobile subscribers registered in CUDB due to HLR 					application with the CLIP SS active', 'AVG', 'AVG', 'GAUGE', 108, 'numeric', 18, 8, 1, 'NALLBSGCLIP', null, 'GAUGE', 'GAUGE', 'NALLBSGCLIP.actual' );
insert into Measurementcounter ( TYPEID, DATANAME, DESCRIPTION, TIMEAGGREGATION, GROUPAGGREGATION, COUNTAGGREGATION, COLNUMBER, DATATYPE, DATASIZE, DATASCALE, INCLUDESQL, UNIVOBJECT, UNIVCLASS, COUNTERTYPE, COUNTERPROCESS, DATAID ) values ( 'DC_E_CUDB:((3)):DC_E_CUDB_ALLBSG', 'NALLBSGCLIR', 'Number of mobile subscribers registered in CUDB due to HLR 					application with the CLIR SS active', 'AVG', 'AVG', 'GAUGE', 109, 'numeric', 18, 8, 1, 'NALLBSGCLIR', null, 'GAUGE', 'GAUGE', 'NALLBSGCLIR.actual' );
insert into Measurementcounter ( TYPEID, DATANAME, DESCRIPTION, TIMEAGGREGATION, GROUPAGGREGATION, COUNTAGGREGATION, COLNUMBER, DATATYPE, DATASIZE, DATASCALE, INCLUDESQL, UNIVOBJECT, UNIVCLASS, COUNTERTYPE, COUNTERPROCESS, DATAID ) values ( 'DC_E_CUDB:((3)):DC_E_CUDB_ALLBSG', 'NALLBSGCOLP', 'Number of mobile subscribers registered in CUDB due to HLR 					application with the COLP SS active', 'AVG', 'AVG', 'GAUGE', 110, 'numeric', 18, 8, 1, 'NALLBSGCOLP', null, 'GAUGE', 'GAUGE', 'NALLBSGCOLP.actual' );
insert into Measurementcounter ( TYPEID, DATANAME, DESCRIPTION, TIMEAGGREGATION, GROUPAGGREGATION, COUNTAGGREGATION, COLNUMBER, DATATYPE, DATASIZE, DATASCALE, INCLUDESQL, UNIVOBJECT, UNIVCLASS, COUNTERTYPE, COUNTERPROCESS, DATAID ) values ( 'DC_E_CUDB:((3)):DC_E_CUDB_ALLBSG', 'NALLBSGCOLR', 'Number of mobile subscribers registered in CUDB due to HLR 					application with the COLR SS active', 'AVG', 'AVG', 'GAUGE', 111, 'numeric', 18, 8, 1, 'NALLBSGCOLR', null, 'GAUGE', 'GAUGE', 'NALLBSGCOLR.actual' );
insert into Measurementcounter ( TYPEID, DATANAME, DESCRIPTION, TIMEAGGREGATION, GROUPAGGREGATION, COUNTAGGREGATION, COLNUMBER, DATATYPE, DATASIZE, DATASCALE, INCLUDESQL, UNIVOBJECT, UNIVCLASS, COUNTERTYPE, COUNTERPROCESS, DATAID ) values ( 'DC_E_CUDB:((3)):DC_E_CUDB_ALLBSG', 'NALLBSGCREL', 'Number of mobile subscribers registered in CUDB due to HLR 					application with the CREL SS active', 'AVG', 'AVG', 'GAUGE', 116, 'numeric', 18, 8, 1, 'NALLBSGCREL', null, 'GAUGE', 'GAUGE', 'NALLBSGCREL.actual' );
insert into Measurementcounter ( TYPEID, DATANAME, DESCRIPTION, TIMEAGGREGATION, GROUPAGGREGATION, COUNTAGGREGATION, COLNUMBER, DATATYPE, DATASIZE, DATASCALE, INCLUDESQL, UNIVOBJECT, UNIVCLASS, COUNTERTYPE, COUNTERPROCESS, DATAID ) values ( 'DC_E_CUDB:((3)):DC_E_CUDB_ALLBSG', 'NALLBSGCUNRL', 'Number of mobile subscribers registered in CUDB due to HLR 					application with the CUNRL SS active', 'AVG', 'AVG', 'GAUGE', 117, 'numeric', 18, 8, 1, 'NALLBSGCUNRL', null, 'GAUGE', 'GAUGE', 'NALLBSGCUNRL.actual' );
insert into Measurementcounter ( TYPEID, DATANAME, DESCRIPTION, TIMEAGGREGATION, GROUPAGGREGATION, COUNTAGGREGATION, COLNUMBER, DATATYPE, DATASIZE, DATASCALE, INCLUDESQL, UNIVOBJECT, UNIVCLASS, COUNTERTYPE, COUNTERPROCESS, DATAID ) values ( 'DC_E_CUDB:((3)):DC_E_CUDB_ALLBSG', 'NALLBSGECT', 'Number of mobile subscribers registered in CUDB due to HLR 					application with the ECT SS active', 'AVG', 'AVG', 'GAUGE', 122, 'numeric', 18, 8, 1, 'NALLBSGECT', null, 'GAUGE', 'GAUGE', 'NALLBSGECT.actual' );
insert into Measurementcounter ( TYPEID, DATANAME, DESCRIPTION, TIMEAGGREGATION, GROUPAGGREGATION, COUNTAGGREGATION, COLNUMBER, DATATYPE, DATASIZE, DATASCALE, INCLUDESQL, UNIVOBJECT, UNIVCLASS, COUNTERTYPE, COUNTERPROCESS, DATAID ) values ( 'DC_E_CUDB:((3)):DC_E_CUDB_ALLBSG', 'NALLBSGEMLPP', 'Number of mobile subscribers registered in CUDB due to HLR 					application with the EMLPP SS active', 'AVG', 'AVG', 'GAUGE', 114, 'numeric', 18, 8, 1, 'NALLBSGEMLPP', null, 'GAUGE', 'GAUGE', 'NALLBSGEMLPP.actual' );
insert into Measurementcounter ( TYPEID, DATANAME, DESCRIPTION, TIMEAGGREGATION, GROUPAGGREGATION, COUNTAGGREGATION, COLNUMBER, DATATYPE, DATASIZE, DATASCALE, INCLUDESQL, UNIVOBJECT, UNIVCLASS, COUNTERTYPE, COUNTERPROCESS, DATAID ) values ( 'DC_E_CUDB:((3)):DC_E_CUDB_ALLBSG', 'NALLBSGHOLD', 'Number of mobile subscribers registered in CUDB due to HLR 					application with the HOLD SS active', 'AVG', 'AVG', 'GAUGE', 103, 'numeric', 18, 8, 1, 'NALLBSGHOLD', null, 'GAUGE', 'GAUGE', 'NALLBSGHOLD.actual' );
insert into Measurementcounter ( TYPEID, DATANAME, DESCRIPTION, TIMEAGGREGATION, GROUPAGGREGATION, COUNTAGGREGATION, COLNUMBER, DATATYPE, DATASIZE, DATASCALE, INCLUDESQL, UNIVOBJECT, UNIVCLASS, COUNTERTYPE, COUNTERPROCESS, DATAID ) values ( 'DC_E_CUDB:((3)):DC_E_CUDB_ALLBSG', 'NALLBSGICI', 'Number of mobile subscribers registered in CUDB due to HLR					application with the ICI SS active', 'AVG', 'AVG', 'GAUGE', 104, 'numeric', 18, 8, 1, 'NALLBSGICI', null, 'GAUGE', 'GAUGE', 'NALLBSGICI.actual' );
insert into Measurementcounter ( TYPEID, DATANAME, DESCRIPTION, TIMEAGGREGATION, GROUPAGGREGATION, COUNTAGGREGATION, COLNUMBER, DATATYPE, DATASIZE, DATASCALE, INCLUDESQL, UNIVOBJECT, UNIVCLASS, COUNTERTYPE, COUNTERPROCESS, DATAID ) values ( 'DC_E_CUDB:((3)):DC_E_CUDB_ALLBSG', 'NALLBSGMCA', 'Number of mobile subscribers registered in CUDB due to HLR 					application with the MCA SS active', 'AVG', 'AVG', 'GAUGE', 126, 'numeric', 18, 8, 1, 'NALLBSGMCA', null, 'GAUGE', 'GAUGE', 'NALLBSGMCA.actual' );
insert into Measurementcounter ( TYPEID, DATANAME, DESCRIPTION, TIMEAGGREGATION, GROUPAGGREGATION, COUNTAGGREGATION, COLNUMBER, DATATYPE, DATASIZE, DATASCALE, INCLUDESQL, UNIVOBJECT, UNIVCLASS, COUNTERTYPE, COUNTERPROCESS, DATAID ) values ( 'DC_E_CUDB:((3)):DC_E_CUDB_ALLBSG', 'NALLBSGMPTY', 'Number of mobile subscribers registered in CUDB due to HLR 					application with the MPTY SS active', 'AVG', 'AVG', 'GAUGE', 107, 'numeric', 18, 8, 1, 'NALLBSGMPTY', null, 'GAUGE', 'GAUGE', 'NALLBSGMPTY.actual' );
insert into Measurementcounter ( TYPEID, DATANAME, DESCRIPTION, TIMEAGGREGATION, GROUPAGGREGATION, COUNTAGGREGATION, COLNUMBER, DATATYPE, DATASIZE, DATASCALE, INCLUDESQL, UNIVOBJECT, UNIVCLASS, COUNTERTYPE, COUNTERPROCESS, DATAID ) values ( 'DC_E_CUDB:((3)):DC_E_CUDB_ALLBSG', 'NALLBSGOICK', 'Number of mobile subscribers registered in CUDB due to HLR 					application with the OICK SS active', 'AVG', 'AVG', 'GAUGE', 112, 'numeric', 18, 8, 1, 'NALLBSGOICK', null, 'GAUGE', 'GAUGE', 'NALLBSGOICK.actual' );
insert into Measurementcounter ( TYPEID, DATANAME, DESCRIPTION, TIMEAGGREGATION, GROUPAGGREGATION, COUNTAGGREGATION, COLNUMBER, DATATYPE, DATASIZE, DATASCALE, INCLUDESQL, UNIVOBJECT, UNIVCLASS, COUNTERTYPE, COUNTERPROCESS, DATAID ) values ( 'DC_E_CUDB:((3)):DC_E_CUDB_ALLBSG', 'NALLBSGOIN', 'Number of mobile subscribers registered in CUDB due to HLR 					application with the OIN SS active', 'AVG', 'AVG', 'GAUGE', 105, 'numeric', 18, 8, 1, 'NALLBSGOIN', null, 'GAUGE', 'GAUGE', 'NALLBSGOIN.actual' );
insert into Measurementcounter ( TYPEID, DATANAME, DESCRIPTION, TIMEAGGREGATION, GROUPAGGREGATION, COUNTAGGREGATION, COLNUMBER, DATATYPE, DATASIZE, DATASCALE, INCLUDESQL, UNIVOBJECT, UNIVCLASS, COUNTERTYPE, COUNTERPROCESS, DATAID ) values ( 'DC_E_CUDB:((3)):DC_E_CUDB_ALLBSG', 'NALLBSGPLMNO', 'Number of mobile subscribers registered in CUDB due to HLR 					application with the PLMNO SS active', 'AVG', 'AVG', 'GAUGE', 118, 'numeric', 18, 8, 1, 'NALLBSGPLMNO', null, 'GAUGE', 'GAUGE', 'NALLBSGPLMNO.actual' );
insert into Measurementcounter ( TYPEID, DATANAME, DESCRIPTION, TIMEAGGREGATION, GROUPAGGREGATION, COUNTAGGREGATION, COLNUMBER, DATATYPE, DATASIZE, DATASCALE, INCLUDESQL, UNIVOBJECT, UNIVCLASS, COUNTERTYPE, COUNTERPROCESS, DATAID ) values ( 'DC_E_CUDB:((3)):DC_E_CUDB_ALLBSG', 'NALLBSGRTCA', 'Number of mobile subscribers registered in CUDB due to HLR 					application with the RTCA SS active', 'AVG', 'AVG', 'GAUGE', 125, 'numeric', 18, 8, 1, 'NALLBSGRTCA', null, 'GAUGE', 'GAUGE', 'NALLBSGRTCA.actual' );
insert into Measurementcounter ( TYPEID, DATANAME, DESCRIPTION, TIMEAGGREGATION, GROUPAGGREGATION, COUNTAGGREGATION, COLNUMBER, DATATYPE, DATASIZE, DATASCALE, INCLUDESQL, UNIVOBJECT, UNIVCLASS, COUNTERTYPE, COUNTERPROCESS, DATAID ) values ( 'DC_E_CUDB:((3)):DC_E_CUDB_ALLBSG', 'NALLBSGSERVTL', 'Number of mobile subscribers registered in CUDB due to HLR 					application with the SERVTL SS active', 'AVG', 'AVG', 'GAUGE', 123, 'numeric', 18, 8, 1, 'NALLBSGSERVTL', null, 'GAUGE', 'GAUGE', 'NALLBSGSERVTL.actual' );
insert into Measurementcounter ( TYPEID, DATANAME, DESCRIPTION, TIMEAGGREGATION, GROUPAGGREGATION, COUNTAGGREGATION, COLNUMBER, DATATYPE, DATASIZE, DATASCALE, INCLUDESQL, UNIVOBJECT, UNIVCLASS, COUNTERTYPE, COUNTERPROCESS, DATAID ) values ( 'DC_E_CUDB:((3)):DC_E_CUDB_ALLBSG', 'NALLBSGTICK', 'Number of mobile subscribers registered in CUDB due to HLR 					application with the TICK SS active', 'AVG', 'AVG', 'GAUGE', 113, 'numeric', 18, 8, 1, 'NALLBSGTICK', null, 'GAUGE', 'GAUGE', 'NALLBSGTICK.actual' );
insert into Measurementcounter ( TYPEID, DATANAME, DESCRIPTION, TIMEAGGREGATION, GROUPAGGREGATION, COUNTAGGREGATION, COLNUMBER, DATATYPE, DATASIZE, DATASCALE, INCLUDESQL, UNIVOBJECT, UNIVCLASS, COUNTERTYPE, COUNTERPROCESS, DATAID ) values ( 'DC_E_CUDB:((3)):DC_E_CUDB_ALLBSG', 'NALLBSGTIN', 'Number of mobile subscribers registered in CUDB due to HLR 					application with the TIN SS active', 'AVG', 'AVG', 'GAUGE', 106, 'numeric', 18, 8, 1, 'NALLBSGTIN', null, 'GAUGE', 'GAUGE', 'NALLBSGTIN.actual' );
insert into Measurementcounter ( TYPEID, DATANAME, DESCRIPTION, TIMEAGGREGATION, GROUPAGGREGATION, COUNTAGGREGATION, COLNUMBER, DATATYPE, DATASIZE, DATASCALE, INCLUDESQL, UNIVOBJECT, UNIVCLASS, COUNTERTYPE, COUNTERPROCESS, DATAID ) values ( 'DC_E_CUDB:((3)):DC_E_CUDB_ALLBSG', 'NALLBSGTTP', 'Number of mobile subscribers registered in CUDB due to HLR 					application with the TTP SS active', 'AVG', 'AVG', 'GAUGE', 121, 'numeric', 18, 8, 1, 'NALLBSGTTP', null, 'GAUGE', 'GAUGE', 'NALLBSGTTP.actual' );
insert into Measurementcounter ( TYPEID, DATANAME, DESCRIPTION, TIMEAGGREGATION, GROUPAGGREGATION, COUNTAGGREGATION, COLNUMBER, DATATYPE, DATASIZE, DATASCALE, INCLUDESQL, UNIVOBJECT, UNIVCLASS, COUNTERTYPE, COUNTERPROCESS, DATAID ) values ( 'DC_E_CUDB:((3)):DC_E_CUDB_ALLBSG', 'NALLBSGUNIV', 'Number of mobile subscribers registered in CUDB due to HLR 					application with the UNIV SS active', 'AVG', 'AVG', 'GAUGE', 115, 'numeric', 18, 8, 1, 'NALLBSGUNIV', null, 'GAUGE', 'GAUGE', 'NALLBSGUNIV.actual' );
insert into Measurementtable ( MTABLEID, TABLELEVEL, TYPEID, BASETABLENAME, DEFAULT_TEMPLATE, PARTITIONPLAN ) values ( 'DC_E_CUDB:((3)):DC_E_CUDB_ALLBSG:RAW', 'RAW', 'DC_E_CUDB:((3)):DC_E_CUDB_ALLBSG', 'DC_E_CUDB_ALLBSG_RAW', null, 'small_raw' );
insert into Measurementcolumn ( MTABLEID, DATANAME, COLNUMBER, DATATYPE, DATASIZE, DATASCALE, UNIQUEVALUE, NULLABLE, INDEXES, DESCRIPTION, DATAID, RELEASEID, UNIQUEKEY, INCLUDESQL, COLTYPE ) values ( 'DC_E_CUDB:((3)):DC_E_CUDB_ALLBSG:RAW', 'BATCH_ID', 60, 'smallint', 0, 0, 255, 1, '', '', 'BATCH_ID', 'BASE_TP_090421', 0, 0, null );
insert into Measurementcolumn ( MTABLEID, DATANAME, COLNUMBER, DATATYPE, DATASIZE, DATASCALE, UNIQUEVALUE, NULLABLE, INDEXES, DESCRIPTION, DATAID, RELEASEID, UNIQUEKEY, INCLUDESQL, COLTYPE ) values ( 'DC_E_CUDB:((3)):DC_E_CUDB_ALLBSG:RAW', 'DATE_ID', 51, 'date', 0, 0, 255, 1, 'LF', '', 'DATE_ID', 'BASE_TP_090421', 0, 0, null );
insert into Measurementcolumn ( MTABLEID, DATANAME, COLNUMBER, DATATYPE, DATASIZE, DATASCALE, UNIQUEVALUE, NULLABLE, INDEXES, DESCRIPTION, DATAID, RELEASEID, UNIQUEKEY, INCLUDESQL, COLTYPE ) values ( 'DC_E_CUDB:((3)):DC_E_CUDB_ALLBSG:RAW', 'DATETIME_ID', 56, 'datetime', 0, 0, 255, 1, 'HG', '', 'DATETIME_ID', 'BASE_TP_090421', 1, 1, null );
insert into Measurementcolumn ( MTABLEID, DATANAME, COLNUMBER, DATATYPE, DATASIZE, DATASCALE, UNIQUEVALUE, NULLABLE, INDEXES, DESCRIPTION, DATAID, RELEASEID, UNIQUEKEY, INCLUDESQL, COLTYPE ) values ( 'DC_E_CUDB:((3)):DC_E_CUDB_ALLBSG:RAW', 'DAY_ID', 54, 'tinyint', 0, 0, 31, 1, 'LF', '', 'DAY_ID', 'BASE_TP_090421', 0, 0, null );
insert into Measurementcolumn ( MTABLEID, DATANAME, COLNUMBER, DATATYPE, DATASIZE, DATASCALE, UNIQUEVALUE, NULLABLE, INDEXES, DESCRIPTION, DATAID, RELEASEID, UNIQUEKEY, INCLUDESQL, COLTYPE ) values ( 'DC_E_CUDB:((3)):DC_E_CUDB_ALLBSG:RAW', 'DC_RELEASE', 63, 'varchar', 16, 0, 2, 1, 'LF', '', 'DC_RELEASE', 'BASE_TP_090421', 0, 1, null );
insert into Measurementcolumn ( MTABLEID, DATANAME, COLNUMBER, DATATYPE, DATASIZE, DATASCALE, UNIQUEVALUE, NULLABLE, INDEXES, DESCRIPTION, DATAID, RELEASEID, UNIQUEKEY, INCLUDESQL, COLTYPE ) values ( 'DC_E_CUDB:((3)):DC_E_CUDB_ALLBSG:RAW', 'DC_SOURCE', 64, 'varchar', 16, 0, 2, 1, 'LF', '', 'DC_SOURCE', 'BASE_TP_090421', 0, 1, null );
insert into Measurementcolumn ( MTABLEID, DATANAME, COLNUMBER, DATATYPE, DATASIZE, DATASCALE, UNIQUEVALUE, NULLABLE, INDEXES, DESCRIPTION, DATAID, RELEASEID, UNIQUEKEY, INCLUDESQL, COLTYPE ) values ( 'DC_E_CUDB:((3)):DC_E_CUDB_ALLBSG:RAW', 'DC_SUSPECTFLAG', 66, 'int', 0, 0, 2, 1, 'LF', '', 'DC_SUSPECTFLAG', 'BASE_TP_090421', 0, 1, null );
insert into Measurementcolumn ( MTABLEID, DATANAME, COLNUMBER, DATATYPE, DATASIZE, DATASCALE, UNIQUEVALUE, NULLABLE, INDEXES, DESCRIPTION, DATAID, RELEASEID, UNIQUEKEY, INCLUDESQL, COLTYPE ) values ( 'DC_E_CUDB:((3)):DC_E_CUDB_ALLBSG:RAW', 'DC_TIMEZONE', 65, 'varchar', 16, 0, 2, 1, 'LF', '', 'DC_TIMEZONE', 'BASE_TP_090421', 0, 1, null );
insert into Measurementcolumn ( MTABLEID, DATANAME, COLNUMBER, DATATYPE, DATASIZE, DATASCALE, UNIQUEVALUE, NULLABLE, INDEXES, DESCRIPTION, DATAID, RELEASEID, UNIQUEKEY, INCLUDESQL, COLTYPE ) values ( 'DC_E_CUDB:((3)):DC_E_CUDB_ALLBSG:RAW', 'HOUR_ID', 55, 'tinyint', 0, 0, 24, 1, 'LF', '', 'HOUR_ID', 'BASE_TP_090421', 0, 0, null );
insert into Measurementcolumn ( MTABLEID, DATANAME, COLNUMBER, DATATYPE, DATASIZE, DATASCALE, UNIQUEVALUE, NULLABLE, INDEXES, DESCRIPTION, DATAID, RELEASEID, UNIQUEKEY, INCLUDESQL, COLTYPE ) values ( 'DC_E_CUDB:((3)):DC_E_CUDB_ALLBSG:RAW', 'MIN_ID', 57, 'tinyint', 0, 0, 60, 1, 'LF', '', 'MIN_ID', 'BASE_TP_090421', 0, 0, null );
insert into Measurementcolumn ( MTABLEID, DATANAME, COLNUMBER, DATATYPE, DATASIZE, DATASCALE, UNIQUEVALUE, NULLABLE, INDEXES, DESCRIPTION, DATAID, RELEASEID, UNIQUEKEY, INCLUDESQL, COLTYPE ) values ( 'DC_E_CUDB:((3)):DC_E_CUDB_ALLBSG:RAW', 'MONTH_ID', 53, 'tinyint', 0, 0, 12, 1, 'LF', '', 'MONTH_ID', 'BASE_TP_090421', 0, 0, null );
insert into Measurementcolumn ( MTABLEID, DATANAME, COLNUMBER, DATATYPE, DATASIZE, DATASCALE, UNIQUEVALUE, NULLABLE, INDEXES, DESCRIPTION, DATAID, RELEASEID, UNIQUEKEY, INCLUDESQL, COLTYPE ) values ( 'DC_E_CUDB:((3)):DC_E_CUDB_ALLBSG:RAW', 'NALLBSGACR', 124, 'numeric', 18, 8, 255, 1, '', 'Number of mobile subscribers registered in CUDB due to HLR 					application with the ACR SS active', 'NALLBSGACR.actual', 'DC_E_CUDB:((FINAL))', 0, 1, 'COUNTER' );
insert into Measurementcolumn ( MTABLEID, DATANAME, COLNUMBER, DATATYPE, DATASIZE, DATASCALE, UNIQUEVALUE, NULLABLE, INDEXES, DESCRIPTION, DATAID, RELEASEID, UNIQUEKEY, INCLUDESQL, COLTYPE ) values ( 'DC_E_CUDB:((3)):DC_E_CUDB_ALLBSG:RAW', 'NALLBSGAOCC', 102, 'numeric', 18, 8, 255, 1, '', 'Number of mobile subscribers registered in CUDB due to HLR 					application with the AOCC SS active', 'NALLBSGAOCC.actual', 'DC_E_CUDB:((FINAL))', 0, 1, 'COUNTER' );
insert into Measurementcolumn ( MTABLEID, DATANAME, COLNUMBER, DATATYPE, DATASIZE, DATASCALE, UNIQUEVALUE, NULLABLE, INDEXES, DESCRIPTION, DATAID, RELEASEID, UNIQUEKEY, INCLUDESQL, COLTYPE ) values ( 'DC_E_CUDB:((3)):DC_E_CUDB_ALLBSG:RAW', 'NALLBSGAOCI', 101, 'numeric', 18, 8, 255, 1, '', 'Number of mobile subscribers registered in CUDB due to HLR 					application with the AOCI SS active', 'NALLBSGAOCI.actual', 'DC_E_CUDB:((FINAL))', 0, 1, 'COUNTER' );
insert into Measurementcolumn ( MTABLEID, DATANAME, COLNUMBER, DATATYPE, DATASIZE, DATASCALE, UNIQUEVALUE, NULLABLE, INDEXES, DESCRIPTION, DATAID, RELEASEID, UNIQUEKEY, INCLUDESQL, COLTYPE ) values ( 'DC_E_CUDB:((3)):DC_E_CUDB_ALLBSG:RAW', 'NALLBSGASL', 120, 'numeric', 18, 8, 255, 1, '', 'Number of mobile subscribers registered in CUDB due to HLR 					application with the ASL SS active', 'NALLBSGASL.actual', 'DC_E_CUDB:((FINAL))', 0, 1, 'COUNTER' );
insert into Measurementcolumn ( MTABLEID, DATANAME, COLNUMBER, DATATYPE, DATASIZE, DATASCALE, UNIQUEVALUE, NULLABLE, INDEXES, DESCRIPTION, DATAID, RELEASEID, UNIQUEKEY, INCLUDESQL, COLTYPE ) values ( 'DC_E_CUDB:((3)):DC_E_CUDB_ALLBSG:RAW', 'NALLBSGBSL', 119, 'numeric', 18, 8, 255, 1, '', 'Number of mobile subscribers registered in CUDB due to HLR 					application with the BSL SS active', 'NALLBSGBSL.actual', 'DC_E_CUDB:((FINAL))', 0, 1, 'COUNTER' );
insert into Measurementcolumn ( MTABLEID, DATANAME, COLNUMBER, DATATYPE, DATASIZE, DATASCALE, UNIQUEVALUE, NULLABLE, INDEXES, DESCRIPTION, DATAID, RELEASEID, UNIQUEKEY, INCLUDESQL, COLTYPE ) values ( 'DC_E_CUDB:((3)):DC_E_CUDB_ALLBSG:RAW', 'NALLBSGCLIP', 108, 'numeric', 18, 8, 255, 1, '', 'Number of mobile subscribers registered in CUDB due to HLR 					application with the CLIP SS active', 'NALLBSGCLIP.actual', 'DC_E_CUDB:((FINAL))', 0, 1, 'COUNTER' );
insert into Measurementcolumn ( MTABLEID, DATANAME, COLNUMBER, DATATYPE, DATASIZE, DATASCALE, UNIQUEVALUE, NULLABLE, INDEXES, DESCRIPTION, DATAID, RELEASEID, UNIQUEKEY, INCLUDESQL, COLTYPE ) values ( 'DC_E_CUDB:((3)):DC_E_CUDB_ALLBSG:RAW', 'NALLBSGCLIR', 109, 'numeric', 18, 8, 255, 1, '', 'Number of mobile subscribers registered in CUDB due to HLR 					application with the CLIR SS active', 'NALLBSGCLIR.actual', 'DC_E_CUDB:((FINAL))', 0, 1, 'COUNTER' );
insert into Measurementcolumn ( MTABLEID, DATANAME, COLNUMBER, DATATYPE, DATASIZE, DATASCALE, UNIQUEVALUE, NULLABLE, INDEXES, DESCRIPTION, DATAID, RELEASEID, UNIQUEKEY, INCLUDESQL, COLTYPE ) values ( 'DC_E_CUDB:((3)):DC_E_CUDB_ALLBSG:RAW', 'NALLBSGCOLP', 110, 'numeric', 18, 8, 255, 1, '', 'Number of mobile subscribers registered in CUDB due to HLR 					application with the COLP SS active', 'NALLBSGCOLP.actual', 'DC_E_CUDB:((FINAL))', 0, 1, 'COUNTER' );
insert into Measurementcolumn ( MTABLEID, DATANAME, COLNUMBER, DATATYPE, DATASIZE, DATASCALE, UNIQUEVALUE, NULLABLE, INDEXES, DESCRIPTION, DATAID, RELEASEID, UNIQUEKEY, INCLUDESQL, COLTYPE ) values ( 'DC_E_CUDB:((3)):DC_E_CUDB_ALLBSG:RAW', 'NALLBSGCOLR', 111, 'numeric', 18, 8, 255, 1, '', 'Number of mobile subscribers registered in CUDB due to HLR 					application with the COLR SS active', 'NALLBSGCOLR.actual', 'DC_E_CUDB:((FINAL))', 0, 1, 'COUNTER' );
insert into Measurementcolumn ( MTABLEID, DATANAME, COLNUMBER, DATATYPE, DATASIZE, DATASCALE, UNIQUEVALUE, NULLABLE, INDEXES, DESCRIPTION, DATAID, RELEASEID, UNIQUEKEY, INCLUDESQL, COLTYPE ) values ( 'DC_E_CUDB:((3)):DC_E_CUDB_ALLBSG:RAW', 'NALLBSGCREL', 116, 'numeric', 18, 8, 255, 1, '', 'Number of mobile subscribers registered in CUDB due to HLR 					application with the CREL SS active', 'NALLBSGCREL.actual', 'DC_E_CUDB:((FINAL))', 0, 1, 'COUNTER' );
insert into Measurementcolumn ( MTABLEID, DATANAME, COLNUMBER, DATATYPE, DATASIZE, DATASCALE, UNIQUEVALUE, NULLABLE, INDEXES, DESCRIPTION, DATAID, RELEASEID, UNIQUEKEY, INCLUDESQL, COLTYPE ) values ( 'DC_E_CUDB:((3)):DC_E_CUDB_ALLBSG:RAW', 'NALLBSGCUNRL', 117, 'numeric', 18, 8, 255, 1, '', 'Number of mobile subscribers registered in CUDB due to HLR 					application with the CUNRL SS active', 'NALLBSGCUNRL.actual', 'DC_E_CUDB:((FINAL))', 0, 1, 'COUNTER' );
insert into Measurementcolumn ( MTABLEID, DATANAME, COLNUMBER, DATATYPE, DATASIZE, DATASCALE, UNIQUEVALUE, NULLABLE, INDEXES, DESCRIPTION, DATAID, RELEASEID, UNIQUEKEY, INCLUDESQL, COLTYPE ) values ( 'DC_E_CUDB:((3)):DC_E_CUDB_ALLBSG:RAW', 'NALLBSGECT', 122, 'numeric', 18, 8, 255, 1, '', 'Number of mobile subscribers registered in CUDB due to HLR 					application with the ECT SS active', 'NALLBSGECT.actual', 'DC_E_CUDB:((FINAL))', 0, 1, 'COUNTER' );
insert into Measurementcolumn ( MTABLEID, DATANAME, COLNUMBER, DATATYPE, DATASIZE, DATASCALE, UNIQUEVALUE, NULLABLE, INDEXES, DESCRIPTION, DATAID, RELEASEID, UNIQUEKEY, INCLUDESQL, COLTYPE ) values ( 'DC_E_CUDB:((3)):DC_E_CUDB_ALLBSG:RAW', 'NALLBSGEMLPP', 114, 'numeric', 18, 8, 255, 1, '', 'Number of mobile subscribers registered in CUDB due to HLR 					application with the EMLPP SS active', 'NALLBSGEMLPP.actual', 'DC_E_CUDB:((FINAL))', 0, 1, 'COUNTER' );
insert into Measurementcolumn ( MTABLEID, DATANAME, COLNUMBER, DATATYPE, DATASIZE, DATASCALE, UNIQUEVALUE, NULLABLE, INDEXES, DESCRIPTION, DATAID, RELEASEID, UNIQUEKEY, INCLUDESQL, COLTYPE ) values ( 'DC_E_CUDB:((3)):DC_E_CUDB_ALLBSG:RAW', 'NALLBSGHOLD', 103, 'numeric', 18, 8, 255, 1, '', 'Number of mobile subscribers registered in CUDB due to HLR 					application with the HOLD SS active', 'NALLBSGHOLD.actual', 'DC_E_CUDB:((FINAL))', 0, 1, 'COUNTER' );
insert into Measurementcolumn ( MTABLEID, DATANAME, COLNUMBER, DATATYPE, DATASIZE, DATASCALE, UNIQUEVALUE, NULLABLE, INDEXES, DESCRIPTION, DATAID, RELEASEID, UNIQUEKEY, INCLUDESQL, COLTYPE ) values ( 'DC_E_CUDB:((3)):DC_E_CUDB_ALLBSG:RAW', 'NALLBSGICI', 104, 'numeric', 18, 8, 255, 1, '', 'Number of mobile subscribers registered in CUDB due to HLR					application with the ICI SS active', 'NALLBSGICI.actual', 'DC_E_CUDB:((FINAL))', 0, 1, 'COUNTER' );
insert into Measurementcolumn ( MTABLEID, DATANAME, COLNUMBER, DATATYPE, DATASIZE, DATASCALE, UNIQUEVALUE, NULLABLE, INDEXES, DESCRIPTION, DATAID, RELEASEID, UNIQUEKEY, INCLUDESQL, COLTYPE ) values ( 'DC_E_CUDB:((3)):DC_E_CUDB_ALLBSG:RAW', 'NALLBSGMCA', 126, 'numeric', 18, 8, 255, 1, '', 'Number of mobile subscribers registered in CUDB due to HLR 					application with the MCA SS active', 'NALLBSGMCA.actual', 'DC_E_CUDB:((FINAL))', 0, 1, 'COUNTER' );
insert into Measurementcolumn ( MTABLEID, DATANAME, COLNUMBER, DATATYPE, DATASIZE, DATASCALE, UNIQUEVALUE, NULLABLE, INDEXES, DESCRIPTION, DATAID, RELEASEID, UNIQUEKEY, INCLUDESQL, COLTYPE ) values ( 'DC_E_CUDB:((3)):DC_E_CUDB_ALLBSG:RAW', 'NALLBSGMPTY', 107, 'numeric', 18, 8, 255, 1, '', 'Number of mobile subscribers registered in CUDB due to HLR 					application with the MPTY SS active', 'NALLBSGMPTY.actual', 'DC_E_CUDB:((FINAL))', 0, 1, 'COUNTER' );
insert into Measurementcolumn ( MTABLEID, DATANAME, COLNUMBER, DATATYPE, DATASIZE, DATASCALE, UNIQUEVALUE, NULLABLE, INDEXES, DESCRIPTION, DATAID, RELEASEID, UNIQUEKEY, INCLUDESQL, COLTYPE ) values ( 'DC_E_CUDB:((3)):DC_E_CUDB_ALLBSG:RAW', 'NALLBSGOICK', 112, 'numeric', 18, 8, 255, 1, '', 'Number of mobile subscribers registered in CUDB due to HLR 					application with the OICK SS active', 'NALLBSGOICK.actual', 'DC_E_CUDB:((FINAL))', 0, 1, 'COUNTER' );
insert into Measurementcolumn ( MTABLEID, DATANAME, COLNUMBER, DATATYPE, DATASIZE, DATASCALE, UNIQUEVALUE, NULLABLE, INDEXES, DESCRIPTION, DATAID, RELEASEID, UNIQUEKEY, INCLUDESQL, COLTYPE ) values ( 'DC_E_CUDB:((3)):DC_E_CUDB_ALLBSG:RAW', 'NALLBSGOIN', 105, 'numeric', 18, 8, 255, 1, '', 'Number of mobile subscribers registered in CUDB due to HLR 					application with the OIN SS active', 'NALLBSGOIN.actual', 'DC_E_CUDB:((FINAL))', 0, 1, 'COUNTER' );
insert into Measurementcolumn ( MTABLEID, DATANAME, COLNUMBER, DATATYPE, DATASIZE, DATASCALE, UNIQUEVALUE, NULLABLE, INDEXES, DESCRIPTION, DATAID, RELEASEID, UNIQUEKEY, INCLUDESQL, COLTYPE ) values ( 'DC_E_CUDB:((3)):DC_E_CUDB_ALLBSG:RAW', 'NALLBSGPLMNO', 118, 'numeric', 18, 8, 255, 1, '', 'Number of mobile subscribers registered in CUDB due to HLR 					application with the PLMNO SS active', 'NALLBSGPLMNO.actual', 'DC_E_CUDB:((FINAL))', 0, 1, 'COUNTER' );
insert into Measurementcolumn ( MTABLEID, DATANAME, COLNUMBER, DATATYPE, DATASIZE, DATASCALE, UNIQUEVALUE, NULLABLE, INDEXES, DESCRIPTION, DATAID, RELEASEID, UNIQUEKEY, INCLUDESQL, COLTYPE ) values ( 'DC_E_CUDB:((3)):DC_E_CUDB_ALLBSG:RAW', 'NALLBSGRTCA', 125, 'numeric', 18, 8, 255, 1, '', 'Number of mobile subscribers registered in CUDB due to HLR 					application with the RTCA SS active', 'NALLBSGRTCA.actual', 'DC_E_CUDB:((FINAL))', 0, 1, 'COUNTER' );
insert into Measurementcolumn ( MTABLEID, DATANAME, COLNUMBER, DATATYPE, DATASIZE, DATASCALE, UNIQUEVALUE, NULLABLE, INDEXES, DESCRIPTION, DATAID, RELEASEID, UNIQUEKEY, INCLUDESQL, COLTYPE ) values ( 'DC_E_CUDB:((3)):DC_E_CUDB_ALLBSG:RAW', 'NALLBSGSERVTL', 123, 'numeric', 18, 8, 255, 1, '', 'Number of mobile subscribers registered in CUDB due to HLR 					application with the SERVTL SS active', 'NALLBSGSERVTL.actual', 'DC_E_CUDB:((FINAL))', 0, 1, 'COUNTER' );
insert into Measurementcolumn ( MTABLEID, DATANAME, COLNUMBER, DATATYPE, DATASIZE, DATASCALE, UNIQUEVALUE, NULLABLE, INDEXES, DESCRIPTION, DATAID, RELEASEID, UNIQUEKEY, INCLUDESQL, COLTYPE ) values ( 'DC_E_CUDB:((3)):DC_E_CUDB_ALLBSG:RAW', 'NALLBSGTICK', 113, 'numeric', 18, 8, 255, 1, '', 'Number of mobile subscribers registered in CUDB due to HLR 					application with the TICK SS active', 'NALLBSGTICK.actual', 'DC_E_CUDB:((FINAL))', 0, 1, 'COUNTER' );
insert into Measurementcolumn ( MTABLEID, DATANAME, COLNUMBER, DATATYPE, DATASIZE, DATASCALE, UNIQUEVALUE, NULLABLE, INDEXES, DESCRIPTION, DATAID, RELEASEID, UNIQUEKEY, INCLUDESQL, COLTYPE ) values ( 'DC_E_CUDB:((3)):DC_E_CUDB_ALLBSG:RAW', 'NALLBSGTIN', 106, 'numeric', 18, 8, 255, 1, '', 'Number of mobile subscribers registered in CUDB due to HLR 					application with the TIN SS active', 'NALLBSGTIN.actual', 'DC_E_CUDB:((FINAL))', 0, 1, 'COUNTER' );
insert into Measurementcolumn ( MTABLEID, DATANAME, COLNUMBER, DATATYPE, DATASIZE, DATASCALE, UNIQUEVALUE, NULLABLE, INDEXES, DESCRIPTION, DATAID, RELEASEID, UNIQUEKEY, INCLUDESQL, COLTYPE ) values ( 'DC_E_CUDB:((3)):DC_E_CUDB_ALLBSG:RAW', 'NALLBSGTTP', 121, 'numeric', 18, 8, 255, 1, '', 'Number of mobile subscribers registered in CUDB due to HLR 					application with the TTP SS active', 'NALLBSGTTP.actual', 'DC_E_CUDB:((FINAL))', 0, 1, 'COUNTER' );
insert into Measurementcolumn ( MTABLEID, DATANAME, COLNUMBER, DATATYPE, DATASIZE, DATASCALE, UNIQUEVALUE, NULLABLE, INDEXES, DESCRIPTION, DATAID, RELEASEID, UNIQUEKEY, INCLUDESQL, COLTYPE ) values ( 'DC_E_CUDB:((3)):DC_E_CUDB_ALLBSG:RAW', 'NALLBSGUNIV', 115, 'numeric', 18, 8, 255, 1, '', 'Number of mobile subscribers registered in CUDB due to HLR 					application with the UNIV SS active', 'NALLBSGUNIV.actual', 'DC_E_CUDB:((FINAL))', 0, 1, 'COUNTER' );
insert into Measurementcolumn ( MTABLEID, DATANAME, COLNUMBER, DATATYPE, DATASIZE, DATASCALE, UNIQUEVALUE, NULLABLE, INDEXES, DESCRIPTION, DATAID, RELEASEID, UNIQUEKEY, INCLUDESQL, COLTYPE ) values ( 'DC_E_CUDB:((3)):DC_E_CUDB_ALLBSG:RAW', 'NE_ID', 2, 'varchar', 35, 0, 255, 0, 'HG', 'Network Element Id', 'NEID', 'DC_E_CUDB:((FINAL))', 1, 1, 'KEY' );
insert into Measurementcolumn ( MTABLEID, DATANAME, COLNUMBER, DATATYPE, DATASIZE, DATASCALE, UNIQUEVALUE, NULLABLE, INDEXES, DESCRIPTION, DATAID, RELEASEID, UNIQUEKEY, INCLUDESQL, COLTYPE ) values ( 'DC_E_CUDB:((3)):DC_E_CUDB_ALLBSG:RAW', 'OSS_ID', 1, 'varchar', 50, 0, 255, 0, 'HG', 'OSS Id', 'OSS_ID', 'DC_E_CUDB:((FINAL))', 1, 1, 'KEY' );
insert into Measurementcolumn ( MTABLEID, DATANAME, COLNUMBER, DATATYPE, DATASIZE, DATASCALE, UNIQUEVALUE, NULLABLE, INDEXES, DESCRIPTION, DATAID, RELEASEID, UNIQUEKEY, INCLUDESQL, COLTYPE ) values ( 'DC_E_CUDB:((3)):DC_E_CUDB_ALLBSG:RAW', 'PERIOD_DURATION', 61, 'unsigned int', 0, 0, 10, 1, '', '', 'PERIOD_DURATION', 'BASE_TP_090421', 0, 1, null );
insert into Measurementcolumn ( MTABLEID, DATANAME, COLNUMBER, DATATYPE, DATASIZE, DATASCALE, UNIQUEVALUE, NULLABLE, INDEXES, DESCRIPTION, DATAID, RELEASEID, UNIQUEKEY, INCLUDESQL, COLTYPE ) values ( 'DC_E_CUDB:((3)):DC_E_CUDB_ALLBSG:RAW', 'ROWSTATUS', 62, 'varchar', 16, 0, 10, 1, '', '', 'ROWSTATUS', 'BASE_TP_090421', 0, 1, null );
insert into Measurementcolumn ( MTABLEID, DATANAME, COLNUMBER, DATATYPE, DATASIZE, DATASCALE, UNIQUEVALUE, NULLABLE, INDEXES, DESCRIPTION, DATAID, RELEASEID, UNIQUEKEY, INCLUDESQL, COLTYPE ) values ( 'DC_E_CUDB:((3)):DC_E_CUDB_ALLBSG:RAW', 'SESSION_ID', 59, 'unsigned int', 0, 0, 255, 1, '', '', 'SESSION_ID', 'BASE_TP_090421', 0, 0, null );
insert into Measurementcolumn ( MTABLEID, DATANAME, COLNUMBER, DATATYPE, DATASIZE, DATASCALE, UNIQUEVALUE, NULLABLE, INDEXES, DESCRIPTION, DATAID, RELEASEID, UNIQUEKEY, INCLUDESQL, COLTYPE ) values ( 'DC_E_CUDB:((3)):DC_E_CUDB_ALLBSG:RAW', 'TIMELEVEL', 58, 'varchar', 10, 0, 10, 1, 'LF', '', 'TIMELEVEL', 'BASE_TP_090421', 0, 0, null );
insert into Measurementcolumn ( MTABLEID, DATANAME, COLNUMBER, DATATYPE, DATASIZE, DATASCALE, UNIQUEVALUE, NULLABLE, INDEXES, DESCRIPTION, DATAID, RELEASEID, UNIQUEKEY, INCLUDESQL, COLTYPE ) values ( 'DC_E_CUDB:((3)):DC_E_CUDB_ALLBSG:RAW', 'UTC_DATETIME_ID', 67, 'datetime', 0, 0, 255, 1, 'HG', '', 'UTC_DATETIME_ID', 'BASE_TP_090421', 1, 1, null );
insert into Measurementcolumn ( MTABLEID, DATANAME, COLNUMBER, DATATYPE, DATASIZE, DATASCALE, UNIQUEVALUE, NULLABLE, INDEXES, DESCRIPTION, DATAID, RELEASEID, UNIQUEKEY, INCLUDESQL, COLTYPE ) values ( 'DC_E_CUDB:((3)):DC_E_CUDB_ALLBSG:RAW', 'YEAR_ID', 52, 'smallint', 0, 0, 20, 1, 'LF', '', 'YEAR_ID', 'BASE_TP_090421', 0, 0, null );
insert into Measurementtable ( MTABLEID, TABLELEVEL, TYPEID, BASETABLENAME, DEFAULT_TEMPLATE, PARTITIONPLAN ) values ( 'DC_E_CUDB:((3)):DC_E_CUDB_ALLBSG:DAY', 'DAY', 'DC_E_CUDB:((3)):DC_E_CUDB_ALLBSG', 'DC_E_CUDB_ALLBSG_DAY', null, 'small_day' );
insert into Measurementcolumn ( MTABLEID, DATANAME, COLNUMBER, DATATYPE, DATASIZE, DATASCALE, UNIQUEVALUE, NULLABLE, INDEXES, DESCRIPTION, DATAID, RELEASEID, UNIQUEKEY, INCLUDESQL, COLTYPE ) values ( 'DC_E_CUDB:((3)):DC_E_CUDB_ALLBSG:DAY', 'AGG_COUNT', 57, 'smallint', 0, 0, 255, 1, '', '', 'AGG_COUNT', 'BASE_TP_090421', 0, 0, null );
insert into Measurementcolumn ( MTABLEID, DATANAME, COLNUMBER, DATATYPE, DATASIZE, DATASCALE, UNIQUEVALUE, NULLABLE, INDEXES, DESCRIPTION, DATAID, RELEASEID, UNIQUEKEY, INCLUDESQL, COLTYPE ) values ( 'DC_E_CUDB:((3)):DC_E_CUDB_ALLBSG:DAY', 'BATCH_ID', 60, 'smallint', 0, 0, 255, 1, '', '', 'BATCH_ID', 'BASE_TP_090421', 0, 0, null );
insert into Measurementcolumn ( MTABLEID, DATANAME, COLNUMBER, DATATYPE, DATASIZE, DATASCALE, UNIQUEVALUE, NULLABLE, INDEXES, DESCRIPTION, DATAID, RELEASEID, UNIQUEKEY, INCLUDESQL, COLTYPE ) values ( 'DC_E_CUDB:((3)):DC_E_CUDB_ALLBSG:DAY', 'DATACOVERAGE', 56, 'unsigned int', 0, 0, 255, 1, '', '', 'DATACOVERAGE', 'BASE_TP_090421', 0, 1, null );
insert into Measurementcolumn ( MTABLEID, DATANAME, COLNUMBER, DATATYPE, DATASIZE, DATASCALE, UNIQUEVALUE, NULLABLE, INDEXES, DESCRIPTION, DATAID, RELEASEID, UNIQUEKEY, INCLUDESQL, COLTYPE ) values ( 'DC_E_CUDB:((3)):DC_E_CUDB_ALLBSG:DAY', 'DATE_ID', 51, 'date', 0, 0, 255, 1, 'LF', '', 'DATE_ID', 'BASE_TP_090421', 1, 1, null );
insert into Measurementcolumn ( MTABLEID, DATANAME, COLNUMBER, DATATYPE, DATASIZE, DATASCALE, UNIQUEVALUE, NULLABLE, INDEXES, DESCRIPTION, DATAID, RELEASEID, UNIQUEKEY, INCLUDESQL, COLTYPE ) values ( 'DC_E_CUDB:((3)):DC_E_CUDB_ALLBSG:DAY', 'DAY_ID', 54, 'tinyint', 0, 0, 31, 1, 'LF', '', 'DAY_ID', 'BASE_TP_090421', 0, 0, null );
insert into Measurementcolumn ( MTABLEID, DATANAME, COLNUMBER, DATATYPE, DATASIZE, DATASCALE, UNIQUEVALUE, NULLABLE, INDEXES, DESCRIPTION, DATAID, RELEASEID, UNIQUEKEY, INCLUDESQL, COLTYPE ) values ( 'DC_E_CUDB:((3)):DC_E_CUDB_ALLBSG:DAY', 'DC_RELEASE', 63, 'varchar', 16, 0, 2, 1, 'LF', '', 'DC_RELEASE', 'BASE_TP_090421', 1, 1, null );
insert into Measurementcolumn ( MTABLEID, DATANAME, COLNUMBER, DATATYPE, DATASIZE, DATASCALE, UNIQUEVALUE, NULLABLE, INDEXES, DESCRIPTION, DATAID, RELEASEID, UNIQUEKEY, INCLUDESQL, COLTYPE ) values ( 'DC_E_CUDB:((3)):DC_E_CUDB_ALLBSG:DAY', 'DC_SOURCE', 64, 'varchar', 16, 0, 2, 1, 'LF', '', 'DC_SOURCE', 'BASE_TP_090421', 0, 1, null );
insert into Measurementcolumn ( MTABLEID, DATANAME, COLNUMBER, DATATYPE, DATASIZE, DATASCALE, UNIQUEVALUE, NULLABLE, INDEXES, DESCRIPTION, DATAID, RELEASEID, UNIQUEKEY, INCLUDESQL, COLTYPE ) values ( 'DC_E_CUDB:((3)):DC_E_CUDB_ALLBSG:DAY', 'DC_SUSPECTFLAG', 66, 'int', 0, 0, 2, 1, 'LF', '', 'DC_SUSPECTFLAG', 'BASE_TP_090421', 0, 1, null );
insert into Measurementcolumn ( MTABLEID, DATANAME, COLNUMBER, DATATYPE, DATASIZE, DATASCALE, UNIQUEVALUE, NULLABLE, INDEXES, DESCRIPTION, DATAID, RELEASEID, UNIQUEKEY, INCLUDESQL, COLTYPE ) values ( 'DC_E_CUDB:((3)):DC_E_CUDB_ALLBSG:DAY', 'DC_TIMEZONE', 65, 'varchar', 16, 0, 2, 1, 'LF', '', 'DC_TIMEZONE', 'BASE_TP_090421', 0, 1, null );
insert into Measurementcolumn ( MTABLEID, DATANAME, COLNUMBER, DATATYPE, DATASIZE, DATASCALE, UNIQUEVALUE, NULLABLE, INDEXES, DESCRIPTION, DATAID, RELEASEID, UNIQUEKEY, INCLUDESQL, COLTYPE ) values ( 'DC_E_CUDB:((3)):DC_E_CUDB_ALLBSG:DAY', 'MONTH_ID', 53, 'tinyint', 0, 0, 12, 1, 'LF', '', 'MONTH_ID', 'BASE_TP_090421', 0, 0, null );
insert into Measurementcolumn ( MTABLEID, DATANAME, COLNUMBER, DATATYPE, DATASIZE, DATASCALE, UNIQUEVALUE, NULLABLE, INDEXES, DESCRIPTION, DATAID, RELEASEID, UNIQUEKEY, INCLUDESQL, COLTYPE ) values ( 'DC_E_CUDB:((3)):DC_E_CUDB_ALLBSG:DAY', 'NALLBSGACR', 124, 'numeric', 18, 8, 255, 1, '', 'Number of mobile subscribers registered in CUDB due to HLR 					application with the ACR SS active', 'NALLBSGACR.actual', 'DC_E_CUDB:((FINAL))', 0, 1, 'COUNTER' );
insert into Measurementcolumn ( MTABLEID, DATANAME, COLNUMBER, DATATYPE, DATASIZE, DATASCALE, UNIQUEVALUE, NULLABLE, INDEXES, DESCRIPTION, DATAID, RELEASEID, UNIQUEKEY, INCLUDESQL, COLTYPE ) values ( 'DC_E_CUDB:((3)):DC_E_CUDB_ALLBSG:DAY', 'NALLBSGAOCC', 102, 'numeric', 18, 8, 255, 1, '', 'Number of mobile subscribers registered in CUDB due to HLR 					application with the AOCC SS active', 'NALLBSGAOCC.actual', 'DC_E_CUDB:((FINAL))', 0, 1, 'COUNTER' );
insert into Measurementcolumn ( MTABLEID, DATANAME, COLNUMBER, DATATYPE, DATASIZE, DATASCALE, UNIQUEVALUE, NULLABLE, INDEXES, DESCRIPTION, DATAID, RELEASEID, UNIQUEKEY, INCLUDESQL, COLTYPE ) values ( 'DC_E_CUDB:((3)):DC_E_CUDB_ALLBSG:DAY', 'NALLBSGAOCI', 101, 'numeric', 18, 8, 255, 1, '', 'Number of mobile subscribers registered in CUDB due to HLR 					application with the AOCI SS active', 'NALLBSGAOCI.actual', 'DC_E_CUDB:((FINAL))', 0, 1, 'COUNTER' );
insert into Measurementcolumn ( MTABLEID, DATANAME, COLNUMBER, DATATYPE, DATASIZE, DATASCALE, UNIQUEVALUE, NULLABLE, INDEXES, DESCRIPTION, DATAID, RELEASEID, UNIQUEKEY, INCLUDESQL, COLTYPE ) values ( 'DC_E_CUDB:((3)):DC_E_CUDB_ALLBSG:DAY', 'NALLBSGASL', 120, 'numeric', 18, 8, 255, 1, '', 'Number of mobile subscribers registered in CUDB due to HLR 					application with the ASL SS active', 'NALLBSGASL.actual', 'DC_E_CUDB:((FINAL))', 0, 1, 'COUNTER' );
insert into Measurementcolumn ( MTABLEID, DATANAME, COLNUMBER, DATATYPE, DATASIZE, DATASCALE, UNIQUEVALUE, NULLABLE, INDEXES, DESCRIPTION, DATAID, RELEASEID, UNIQUEKEY, INCLUDESQL, COLTYPE ) values ( 'DC_E_CUDB:((3)):DC_E_CUDB_ALLBSG:DAY', 'NALLBSGBSL', 119, 'numeric', 18, 8, 255, 1, '', 'Number of mobile subscribers registered in CUDB due to HLR 					application with the BSL SS active', 'NALLBSGBSL.actual', 'DC_E_CUDB:((FINAL))', 0, 1, 'COUNTER' );
insert into Measurementcolumn ( MTABLEID, DATANAME, COLNUMBER, DATATYPE, DATASIZE, DATASCALE, UNIQUEVALUE, NULLABLE, INDEXES, DESCRIPTION, DATAID, RELEASEID, UNIQUEKEY, INCLUDESQL, COLTYPE ) values ( 'DC_E_CUDB:((3)):DC_E_CUDB_ALLBSG:DAY', 'NALLBSGCLIP', 108, 'numeric', 18, 8, 255, 1, '', 'Number of mobile subscribers registered in CUDB due to HLR 					application with the CLIP SS active', 'NALLBSGCLIP.actual', 'DC_E_CUDB:((FINAL))', 0, 1, 'COUNTER' );
insert into Measurementcolumn ( MTABLEID, DATANAME, COLNUMBER, DATATYPE, DATASIZE, DATASCALE, UNIQUEVALUE, NULLABLE, INDEXES, DESCRIPTION, DATAID, RELEASEID, UNIQUEKEY, INCLUDESQL, COLTYPE ) values ( 'DC_E_CUDB:((3)):DC_E_CUDB_ALLBSG:DAY', 'NALLBSGCLIR', 109, 'numeric', 18, 8, 255, 1, '', 'Number of mobile subscribers registered in CUDB due to HLR 					application with the CLIR SS active', 'NALLBSGCLIR.actual', 'DC_E_CUDB:((FINAL))', 0, 1, 'COUNTER' );
insert into Measurementcolumn ( MTABLEID, DATANAME, COLNUMBER, DATATYPE, DATASIZE, DATASCALE, UNIQUEVALUE, NULLABLE, INDEXES, DESCRIPTION, DATAID, RELEASEID, UNIQUEKEY, INCLUDESQL, COLTYPE ) values ( 'DC_E_CUDB:((3)):DC_E_CUDB_ALLBSG:DAY', 'NALLBSGCOLP', 110, 'numeric', 18, 8, 255, 1, '', 'Number of mobile subscribers registered in CUDB due to HLR 					application with the COLP SS active', 'NALLBSGCOLP.actual', 'DC_E_CUDB:((FINAL))', 0, 1, 'COUNTER' );
insert into Measurementcolumn ( MTABLEID, DATANAME, COLNUMBER, DATATYPE, DATASIZE, DATASCALE, UNIQUEVALUE, NULLABLE, INDEXES, DESCRIPTION, DATAID, RELEASEID, UNIQUEKEY, INCLUDESQL, COLTYPE ) values ( 'DC_E_CUDB:((3)):DC_E_CUDB_ALLBSG:DAY', 'NALLBSGCOLR', 111, 'numeric', 18, 8, 255, 1, '', 'Number of mobile subscribers registered in CUDB due to HLR 					application with the COLR SS active', 'NALLBSGCOLR.actual', 'DC_E_CUDB:((FINAL))', 0, 1, 'COUNTER' );
insert into Measurementcolumn ( MTABLEID, DATANAME, COLNUMBER, DATATYPE, DATASIZE, DATASCALE, UNIQUEVALUE, NULLABLE, INDEXES, DESCRIPTION, DATAID, RELEASEID, UNIQUEKEY, INCLUDESQL, COLTYPE ) values ( 'DC_E_CUDB:((3)):DC_E_CUDB_ALLBSG:DAY', 'NALLBSGCREL', 116, 'numeric', 18, 8, 255, 1, '', 'Number of mobile subscribers registered in CUDB due to HLR 					application with the CREL SS active', 'NALLBSGCREL.actual', 'DC_E_CUDB:((FINAL))', 0, 1, 'COUNTER' );
insert into Measurementcolumn ( MTABLEID, DATANAME, COLNUMBER, DATATYPE, DATASIZE, DATASCALE, UNIQUEVALUE, NULLABLE, INDEXES, DESCRIPTION, DATAID, RELEASEID, UNIQUEKEY, INCLUDESQL, COLTYPE ) values ( 'DC_E_CUDB:((3)):DC_E_CUDB_ALLBSG:DAY', 'NALLBSGCUNRL', 117, 'numeric', 18, 8, 255, 1, '', 'Number of mobile subscribers registered in CUDB due to HLR 					application with the CUNRL SS active', 'NALLBSGCUNRL.actual', 'DC_E_CUDB:((FINAL))', 0, 1, 'COUNTER' );
insert into Measurementcolumn ( MTABLEID, DATANAME, COLNUMBER, DATATYPE, DATASIZE, DATASCALE, UNIQUEVALUE, NULLABLE, INDEXES, DESCRIPTION, DATAID, RELEASEID, UNIQUEKEY, INCLUDESQL, COLTYPE ) values ( 'DC_E_CUDB:((3)):DC_E_CUDB_ALLBSG:DAY', 'NALLBSGECT', 122, 'numeric', 18, 8, 255, 1, '', 'Number of mobile subscribers registered in CUDB due to HLR 					application with the ECT SS active', 'NALLBSGECT.actual', 'DC_E_CUDB:((FINAL))', 0, 1, 'COUNTER' );
insert into Measurementcolumn ( MTABLEID, DATANAME, COLNUMBER, DATATYPE, DATASIZE, DATASCALE, UNIQUEVALUE, NULLABLE, INDEXES, DESCRIPTION, DATAID, RELEASEID, UNIQUEKEY, INCLUDESQL, COLTYPE ) values ( 'DC_E_CUDB:((3)):DC_E_CUDB_ALLBSG:DAY', 'NALLBSGEMLPP', 114, 'numeric', 18, 8, 255, 1, '', 'Number of mobile subscribers registered in CUDB due to HLR 					application with the EMLPP SS active', 'NALLBSGEMLPP.actual', 'DC_E_CUDB:((FINAL))', 0, 1, 'COUNTER' );
insert into Measurementcolumn ( MTABLEID, DATANAME, COLNUMBER, DATATYPE, DATASIZE, DATASCALE, UNIQUEVALUE, NULLABLE, INDEXES, DESCRIPTION, DATAID, RELEASEID, UNIQUEKEY, INCLUDESQL, COLTYPE ) values ( 'DC_E_CUDB:((3)):DC_E_CUDB_ALLBSG:DAY', 'NALLBSGHOLD', 103, 'numeric', 18, 8, 255, 1, '', 'Number of mobile subscribers registered in CUDB due to HLR 					application with the HOLD SS active', 'NALLBSGHOLD.actual', 'DC_E_CUDB:((FINAL))', 0, 1, 'COUNTER' );
insert into Measurementcolumn ( MTABLEID, DATANAME, COLNUMBER, DATATYPE, DATASIZE, DATASCALE, UNIQUEVALUE, NULLABLE, INDEXES, DESCRIPTION, DATAID, RELEASEID, UNIQUEKEY, INCLUDESQL, COLTYPE ) values ( 'DC_E_CUDB:((3)):DC_E_CUDB_ALLBSG:DAY', 'NALLBSGICI', 104, 'numeric', 18, 8, 255, 1, '', 'Number of mobile subscribers registered in CUDB due to HLR					application with the ICI SS active', 'NALLBSGICI.actual', 'DC_E_CUDB:((FINAL))', 0, 1, 'COUNTER' );
insert into Measurementcolumn ( MTABLEID, DATANAME, COLNUMBER, DATATYPE, DATASIZE, DATASCALE, UNIQUEVALUE, NULLABLE, INDEXES, DESCRIPTION, DATAID, RELEASEID, UNIQUEKEY, INCLUDESQL, COLTYPE ) values ( 'DC_E_CUDB:((3)):DC_E_CUDB_ALLBSG:DAY', 'NALLBSGMCA', 126, 'numeric', 18, 8, 255, 1, '', 'Number of mobile subscribers registered in CUDB due to HLR 					application with the MCA SS active', 'NALLBSGMCA.actual', 'DC_E_CUDB:((FINAL))', 0, 1, 'COUNTER' );
insert into Measurementcolumn ( MTABLEID, DATANAME, COLNUMBER, DATATYPE, DATASIZE, DATASCALE, UNIQUEVALUE, NULLABLE, INDEXES, DESCRIPTION, DATAID, RELEASEID, UNIQUEKEY, INCLUDESQL, COLTYPE ) values ( 'DC_E_CUDB:((3)):DC_E_CUDB_ALLBSG:DAY', 'NALLBSGMPTY', 107, 'numeric', 18, 8, 255, 1, '', 'Number of mobile subscribers registered in CUDB due to HLR 					application with the MPTY SS active', 'NALLBSGMPTY.actual', 'DC_E_CUDB:((FINAL))', 0, 1, 'COUNTER' );
insert into Measurementcolumn ( MTABLEID, DATANAME, COLNUMBER, DATATYPE, DATASIZE, DATASCALE, UNIQUEVALUE, NULLABLE, INDEXES, DESCRIPTION, DATAID, RELEASEID, UNIQUEKEY, INCLUDESQL, COLTYPE ) values ( 'DC_E_CUDB:((3)):DC_E_CUDB_ALLBSG:DAY', 'NALLBSGOICK', 112, 'numeric', 18, 8, 255, 1, '', 'Number of mobile subscribers registered in CUDB due to HLR 					application with the OICK SS active', 'NALLBSGOICK.actual', 'DC_E_CUDB:((FINAL))', 0, 1, 'COUNTER' );
insert into Measurementcolumn ( MTABLEID, DATANAME, COLNUMBER, DATATYPE, DATASIZE, DATASCALE, UNIQUEVALUE, NULLABLE, INDEXES, DESCRIPTION, DATAID, RELEASEID, UNIQUEKEY, INCLUDESQL, COLTYPE ) values ( 'DC_E_CUDB:((3)):DC_E_CUDB_ALLBSG:DAY', 'NALLBSGOIN', 105, 'numeric', 18, 8, 255, 1, '', 'Number of mobile subscribers registered in CUDB due to HLR 					application with the OIN SS active', 'NALLBSGOIN.actual', 'DC_E_CUDB:((FINAL))', 0, 1, 'COUNTER' );
insert into Measurementcolumn ( MTABLEID, DATANAME, COLNUMBER, DATATYPE, DATASIZE, DATASCALE, UNIQUEVALUE, NULLABLE, INDEXES, DESCRIPTION, DATAID, RELEASEID, UNIQUEKEY, INCLUDESQL, COLTYPE ) values ( 'DC_E_CUDB:((3)):DC_E_CUDB_ALLBSG:DAY', 'NALLBSGPLMNO', 118, 'numeric', 18, 8, 255, 1, '', 'Number of mobile subscribers registered in CUDB due to HLR 					application with the PLMNO SS active', 'NALLBSGPLMNO.actual', 'DC_E_CUDB:((FINAL))', 0, 1, 'COUNTER' );
insert into Measurementcolumn ( MTABLEID, DATANAME, COLNUMBER, DATATYPE, DATASIZE, DATASCALE, UNIQUEVALUE, NULLABLE, INDEXES, DESCRIPTION, DATAID, RELEASEID, UNIQUEKEY, INCLUDESQL, COLTYPE ) values ( 'DC_E_CUDB:((3)):DC_E_CUDB_ALLBSG:DAY', 'NALLBSGRTCA', 125, 'numeric', 18, 8, 255, 1, '', 'Number of mobile subscribers registered in CUDB due to HLR 					application with the RTCA SS active', 'NALLBSGRTCA.actual', 'DC_E_CUDB:((FINAL))', 0, 1, 'COUNTER' );
insert into Measurementcolumn ( MTABLEID, DATANAME, COLNUMBER, DATATYPE, DATASIZE, DATASCALE, UNIQUEVALUE, NULLABLE, INDEXES, DESCRIPTION, DATAID, RELEASEID, UNIQUEKEY, INCLUDESQL, COLTYPE ) values ( 'DC_E_CUDB:((3)):DC_E_CUDB_ALLBSG:DAY', 'NALLBSGSERVTL', 123, 'numeric', 18, 8, 255, 1, '', 'Number of mobile subscribers registered in CUDB due to HLR 					application with the SERVTL SS active', 'NALLBSGSERVTL.actual', 'DC_E_CUDB:((FINAL))', 0, 1, 'COUNTER' );
insert into Measurementcolumn ( MTABLEID, DATANAME, COLNUMBER, DATATYPE, DATASIZE, DATASCALE, UNIQUEVALUE, NULLABLE, INDEXES, DESCRIPTION, DATAID, RELEASEID, UNIQUEKEY, INCLUDESQL, COLTYPE ) values ( 'DC_E_CUDB:((3)):DC_E_CUDB_ALLBSG:DAY', 'NALLBSGTICK', 113, 'numeric', 18, 8, 255, 1, '', 'Number of mobile subscribers registered in CUDB due to HLR 					application with the TICK SS active', 'NALLBSGTICK.actual', 'DC_E_CUDB:((FINAL))', 0, 1, 'COUNTER' );
insert into Measurementcolumn ( MTABLEID, DATANAME, COLNUMBER, DATATYPE, DATASIZE, DATASCALE, UNIQUEVALUE, NULLABLE, INDEXES, DESCRIPTION, DATAID, RELEASEID, UNIQUEKEY, INCLUDESQL, COLTYPE ) values ( 'DC_E_CUDB:((3)):DC_E_CUDB_ALLBSG:DAY', 'NALLBSGTIN', 106, 'numeric', 18, 8, 255, 1, '', 'Number of mobile subscribers registered in CUDB due to HLR 					application with the TIN SS active', 'NALLBSGTIN.actual', 'DC_E_CUDB:((FINAL))', 0, 1, 'COUNTER' );
insert into Measurementcolumn ( MTABLEID, DATANAME, COLNUMBER, DATATYPE, DATASIZE, DATASCALE, UNIQUEVALUE, NULLABLE, INDEXES, DESCRIPTION, DATAID, RELEASEID, UNIQUEKEY, INCLUDESQL, COLTYPE ) values ( 'DC_E_CUDB:((3)):DC_E_CUDB_ALLBSG:DAY', 'NALLBSGTTP', 121, 'numeric', 18, 8, 255, 1, '', 'Number of mobile subscribers registered in CUDB due to HLR 					application with the TTP SS active', 'NALLBSGTTP.actual', 'DC_E_CUDB:((FINAL))', 0, 1, 'COUNTER' );
insert into Measurementcolumn ( MTABLEID, DATANAME, COLNUMBER, DATATYPE, DATASIZE, DATASCALE, UNIQUEVALUE, NULLABLE, INDEXES, DESCRIPTION, DATAID, RELEASEID, UNIQUEKEY, INCLUDESQL, COLTYPE ) values ( 'DC_E_CUDB:((3)):DC_E_CUDB_ALLBSG:DAY', 'NALLBSGUNIV', 115, 'numeric', 18, 8, 255, 1, '', 'Number of mobile subscribers registered in CUDB due to HLR 					application with the UNIV SS active', 'NALLBSGUNIV.actual', 'DC_E_CUDB:((FINAL))', 0, 1, 'COUNTER' );
insert into Measurementcolumn ( MTABLEID, DATANAME, COLNUMBER, DATATYPE, DATASIZE, DATASCALE, UNIQUEVALUE, NULLABLE, INDEXES, DESCRIPTION, DATAID, RELEASEID, UNIQUEKEY, INCLUDESQL, COLTYPE ) values ( 'DC_E_CUDB:((3)):DC_E_CUDB_ALLBSG:DAY', 'NE_ID', 2, 'varchar', 35, 0, 255, 0, 'HG', 'Network Element Id', 'NEID', 'DC_E_CUDB:((FINAL))', 1, 1, 'KEY' );
insert into Measurementcolumn ( MTABLEID, DATANAME, COLNUMBER, DATATYPE, DATASIZE, DATASCALE, UNIQUEVALUE, NULLABLE, INDEXES, DESCRIPTION, DATAID, RELEASEID, UNIQUEKEY, INCLUDESQL, COLTYPE ) values ( 'DC_E_CUDB:((3)):DC_E_CUDB_ALLBSG:DAY', 'OSS_ID', 1, 'varchar', 50, 0, 255, 0, 'HG', 'OSS Id', 'OSS_ID', 'DC_E_CUDB:((FINAL))', 1, 1, 'KEY' );
insert into Measurementcolumn ( MTABLEID, DATANAME, COLNUMBER, DATATYPE, DATASIZE, DATASCALE, UNIQUEVALUE, NULLABLE, INDEXES, DESCRIPTION, DATAID, RELEASEID, UNIQUEKEY, INCLUDESQL, COLTYPE ) values ( 'DC_E_CUDB:((3)):DC_E_CUDB_ALLBSG:DAY', 'PERIOD_DURATION', 61, 'unsigned int', 0, 0, 10, 1, '', '', 'PERIOD_DURATION', 'BASE_TP_090421', 0, 1, null );
insert into Measurementcolumn ( MTABLEID, DATANAME, COLNUMBER, DATATYPE, DATASIZE, DATASCALE, UNIQUEVALUE, NULLABLE, INDEXES, DESCRIPTION, DATAID, RELEASEID, UNIQUEKEY, INCLUDESQL, COLTYPE ) values ( 'DC_E_CUDB:((3)):DC_E_CUDB_ALLBSG:DAY', 'ROWSTATUS', 62, 'varchar', 16, 0, 10, 1, '', '', 'ROWSTATUS', 'BASE_TP_090421', 0, 1, null );
insert into Measurementcolumn ( MTABLEID, DATANAME, COLNUMBER, DATATYPE, DATASIZE, DATASCALE, UNIQUEVALUE, NULLABLE, INDEXES, DESCRIPTION, DATAID, RELEASEID, UNIQUEKEY, INCLUDESQL, COLTYPE ) values ( 'DC_E_CUDB:((3)):DC_E_CUDB_ALLBSG:DAY', 'SESSION_ID', 59, 'unsigned int', 0, 0, 255, 1, '', '', 'SESSION_ID', 'BASE_TP_090421', 0, 0, null );
insert into Measurementcolumn ( MTABLEID, DATANAME, COLNUMBER, DATATYPE, DATASIZE, DATASCALE, UNIQUEVALUE, NULLABLE, INDEXES, DESCRIPTION, DATAID, RELEASEID, UNIQUEKEY, INCLUDESQL, COLTYPE ) values ( 'DC_E_CUDB:((3)):DC_E_CUDB_ALLBSG:DAY', 'TIMELEVEL', 58, 'varchar', 10, 0, 10, 1, 'LF', '', 'TIMELEVEL', 'BASE_TP_090421', 0, 0, null );
insert into Measurementcolumn ( MTABLEID, DATANAME, COLNUMBER, DATATYPE, DATASIZE, DATASCALE, UNIQUEVALUE, NULLABLE, INDEXES, DESCRIPTION, DATAID, RELEASEID, UNIQUEKEY, INCLUDESQL, COLTYPE ) values ( 'DC_E_CUDB:((3)):DC_E_CUDB_ALLBSG:DAY', 'WEEK_ID', 55, 'tinyint', 0, 0, 53, 1, 'LF', '', 'WEEK_ID', 'BASE_TP_090421', 0, 0, null );
insert into Measurementcolumn ( MTABLEID, DATANAME, COLNUMBER, DATATYPE, DATASIZE, DATASCALE, UNIQUEVALUE, NULLABLE, INDEXES, DESCRIPTION, DATAID, RELEASEID, UNIQUEKEY, INCLUDESQL, COLTYPE ) values ( 'DC_E_CUDB:((3)):DC_E_CUDB_ALLBSG:DAY', 'YEAR_ID', 52, 'smallint', 0, 0, 20, 1, 'LF', '', 'YEAR_ID', 'BASE_TP_090421', 0, 0, null );
insert into Measurementtype ( TYPEID, TYPECLASSID, TYPENAME, VENDORID, FOLDERNAME, DESCRIPTION, STATUS, VERSIONID, OBJECTID, OBJECTNAME, OBJECTVERSION, OBJECTTYPE, JOINABLE, SIZING, TOTALAGG, ELEMENTBHSUPPORT, RANKINGTABLE, DELTACALCSUPPORT, PLAINTABLE, UNIVERSEEXTENSION, VECTORSUPPORT, DATAFORMATSUPPORT ) values ( 'DC_E_CUDB:((3)):DC_E_CUDB_ASYNCR', 'DC_E_CUDB:((3)):DC_E_CUDB_HLR', 'DC_E_CUDB_ASYNCR', 'DC_E_CUDB', 'DC_E_CUDB_ASYNCR', 'HLR application subscriber counters', null, 'DC_E_CUDB:((3))', 'DC_E_CUDB:((3)):DC_E_CUDB_ASYNCR', 'DC_E_CUDB_ASYNCR', null, null, '', 'small', 1, 0, 0, 0, 0, 'ALL', 0, 1 );
insert into Measurementkey ( TYPEID, DATANAME, DESCRIPTION, ISELEMENT, UNIQUEKEY, COLNUMBER, DATATYPE, DATASIZE, DATASCALE, UNIQUEVALUE, NULLABLE, INDEXES, INCLUDESQL, UNIVOBJECT, JOINABLE, DATAID ) values ( 'DC_E_CUDB:((3)):DC_E_CUDB_ASYNCR', 'NE_ID', 'Network Element Id', 1, 1, 2, 'varchar', 35, 0, 255, 0, 'HG', 1, 'NE_ID', null, 'NEID' );
insert into Measurementkey ( TYPEID, DATANAME, DESCRIPTION, ISELEMENT, UNIQUEKEY, COLNUMBER, DATATYPE, DATASIZE, DATASCALE, UNIQUEVALUE, NULLABLE, INDEXES, INCLUDESQL, UNIVOBJECT, JOINABLE, DATAID ) values ( 'DC_E_CUDB:((3)):DC_E_CUDB_ASYNCR', 'OSS_ID', 'OSS Id', 0, 1, 1, 'varchar', 50, 0, 255, 0, 'HG', 1, 'OSS_ID', null, 'OSS_ID' );
insert into Measurementcounter ( TYPEID, DATANAME, DESCRIPTION, TIMEAGGREGATION, GROUPAGGREGATION, COUNTAGGREGATION, COLNUMBER, DATATYPE, DATASIZE, DATASCALE, INCLUDESQL, UNIVOBJECT, UNIVCLASS, COUNTERTYPE, COUNTERPROCESS, DATAID ) values ( 'DC_E_CUDB:((3)):DC_E_CUDB_ASYNCR', 'NASYNCRBAIC', 'Number of mobile subscribers registered in CUDB due to HLR 					application with the BAIC SS active for BSG All Data 						Circuit Asynchronous', 'AVG', 'AVG', 'GAUGE', 108, 'numeric', 18, 8, 1, 'NASYNCRBAIC', null, 'GAUGE', 'GAUGE', 'NASYNCRBAIC.actual' );
insert into Measurementcounter ( TYPEID, DATANAME, DESCRIPTION, TIMEAGGREGATION, GROUPAGGREGATION, COUNTAGGREGATION, COLNUMBER, DATATYPE, DATASIZE, DATASCALE, INCLUDESQL, UNIVOBJECT, UNIVCLASS, COUNTERTYPE, COUNTERPROCESS, DATAID ) values ( 'DC_E_CUDB:((3)):DC_E_CUDB_ASYNCR', 'NASYNCRBAOC', 'Number of mobile subscribers registered in CUDB due to HLR 					application with the BAOC SS active for BSG All Data 						Circuit Asynchronous', 'AVG', 'AVG', 'GAUGE', 105, 'numeric', 18, 8, 1, 'NASYNCRBAOC', null, 'GAUGE', 'GAUGE', 'NASYNCRBAOC.actual' );
insert into Measurementcounter ( TYPEID, DATANAME, DESCRIPTION, TIMEAGGREGATION, GROUPAGGREGATION, COUNTAGGREGATION, COLNUMBER, DATATYPE, DATASIZE, DATASCALE, INCLUDESQL, UNIVOBJECT, UNIVCLASS, COUNTERTYPE, COUNTERPROCESS, DATAID ) values ( 'DC_E_CUDB:((3)):DC_E_CUDB_ASYNCR', 'NASYNCRBICRO', 'Number of mobile subscribers registered in CUDB due to HLR 					application with the BICRO SS active for BSG All Data 						Circuit Asynchronous', 'AVG', 'AVG', 'GAUGE', 109, 'numeric', 18, 8, 1, 'NASYNCRBICRO', null, 'GAUGE', 'GAUGE', 'NASYNCRBICRO.actual' );
insert into Measurementcounter ( TYPEID, DATANAME, DESCRIPTION, TIMEAGGREGATION, GROUPAGGREGATION, COUNTAGGREGATION, COLNUMBER, DATATYPE, DATASIZE, DATASCALE, INCLUDESQL, UNIVOBJECT, UNIVCLASS, COUNTERTYPE, COUNTERPROCESS, DATAID ) values ( 'DC_E_CUDB:((3)):DC_E_CUDB_ASYNCR', 'NASYNCRBOIC', 'Number of mobile subscribers registered in CUDB due to HLR 					application with the BOIC SS active for BSG All Data 						Circuit Asynchronous', 'AVG', 'AVG', 'GAUGE', 106, 'numeric', 18, 8, 1, 'NASYNCRBOIC', null, 'GAUGE', 'GAUGE', 'NASYNCRBOIC.actual' );
insert into Measurementcounter ( TYPEID, DATANAME, DESCRIPTION, TIMEAGGREGATION, GROUPAGGREGATION, COUNTAGGREGATION, COLNUMBER, DATATYPE, DATASIZE, DATASCALE, INCLUDESQL, UNIVOBJECT, UNIVCLASS, COUNTERTYPE, COUNTERPROCESS, DATAID ) values ( 'DC_E_CUDB:((3)):DC_E_CUDB_ASYNCR', 'NASYNCRBOIEXH', 'Number of mobile subscribers registered in CUDB due to HLR 					application with the BOIEXH SS active for BSG All Data 					Circuit Asynchronous', 'AVG', 'AVG', 'GAUGE', 107, 'numeric', 18, 8, 1, 'NASYNCRBOIEXH', null, 'GAUGE', 'GAUGE', 'NASYNCRBOIEXH.actual' );
insert into Measurementcounter ( TYPEID, DATANAME, DESCRIPTION, TIMEAGGREGATION, GROUPAGGREGATION, COUNTAGGREGATION, COLNUMBER, DATATYPE, DATASIZE, DATASCALE, INCLUDESQL, UNIVOBJECT, UNIVCLASS, COUNTERTYPE, COUNTERPROCESS, DATAID ) values ( 'DC_E_CUDB:((3)):DC_E_CUDB_ASYNCR', 'NASYNCRCAW', 'Number of mobile subscribers registered in CUDB due to HLR 					application with the CAW SS active for BSG All Data 						Circuit Asynchronous', 'AVG', 'AVG', 'GAUGE', 110, 'numeric', 18, 8, 1, 'NASYNCRCAW', null, 'GAUGE', 'GAUGE', 'NASYNCRCAW.actual' );
insert into Measurementcounter ( TYPEID, DATANAME, DESCRIPTION, TIMEAGGREGATION, GROUPAGGREGATION, COUNTAGGREGATION, COLNUMBER, DATATYPE, DATASIZE, DATASCALE, INCLUDESQL, UNIVOBJECT, UNIVCLASS, COUNTERTYPE, COUNTERPROCESS, DATAID ) values ( 'DC_E_CUDB:((3)):DC_E_CUDB_ASYNCR', 'NASYNCRCFB', 'Number of mobile subscribers registered in CUDB due to HLR 					application with the CFB SS active for BSG All Data 						Circuit', 'AVG', 'AVG', 'GAUGE', 102, 'numeric', 18, 8, 1, 'NASYNCRCFB', null, 'GAUGE', 'GAUGE', 'NASYNCRCFB.actual' );
insert into Measurementcounter ( TYPEID, DATANAME, DESCRIPTION, TIMEAGGREGATION, GROUPAGGREGATION, COUNTAGGREGATION, COLNUMBER, DATATYPE, DATASIZE, DATASCALE, INCLUDESQL, UNIVOBJECT, UNIVCLASS, COUNTERTYPE, COUNTERPROCESS, DATAID ) values ( 'DC_E_CUDB:((3)):DC_E_CUDB_ASYNCR', 'NASYNCRCFNRC', 'Number of mobile subscribers registered in CUDB due to HLR 					application with the CFNRC SS active for BSG All Data 						Circuit Asynchronous', 'AVG', 'AVG', 'GAUGE', 104, 'numeric', 18, 8, 1, 'NASYNCRCFNRC', null, 'GAUGE', 'GAUGE', 'NASYNCRCFNRC.actual' );
insert into Measurementcounter ( TYPEID, DATANAME, DESCRIPTION, TIMEAGGREGATION, GROUPAGGREGATION, COUNTAGGREGATION, COLNUMBER, DATATYPE, DATASIZE, DATASCALE, INCLUDESQL, UNIVOBJECT, UNIVCLASS, COUNTERTYPE, COUNTERPROCESS, DATAID ) values ( 'DC_E_CUDB:((3)):DC_E_CUDB_ASYNCR', 'NASYNCRCFNRY', 'Number of mobile subscribers registered in CUDB due to HLR 					application with the CFNRY SS active for BSG All Data 						Circuit Asynchronous', 'AVG', 'AVG', 'GAUGE', 103, 'numeric', 18, 8, 1, 'NASYNCRCFNRY', null, 'GAUGE', 'GAUGE', 'NASYNCRCFNRY.actual' );
insert into Measurementcounter ( TYPEID, DATANAME, DESCRIPTION, TIMEAGGREGATION, GROUPAGGREGATION, COUNTAGGREGATION, COLNUMBER, DATATYPE, DATASIZE, DATASCALE, INCLUDESQL, UNIVOBJECT, UNIVCLASS, COUNTERTYPE, COUNTERPROCESS, DATAID ) values ( 'DC_E_CUDB:((3)):DC_E_CUDB_ASYNCR', 'NASYNCRCFU', 'Number of mobile subscribers registered in CUDB due to HLR 					application with the CFU SS active for BSG All Data 						Circuit Asynchronous', 'AVG', 'AVG', 'GAUGE', 101, 'numeric', 18, 8, 1, 'NASYNCRCFU', null, 'GAUGE', 'GAUGE', 'NASYNCRCFU.actual' );
insert into Measurementcounter ( TYPEID, DATANAME, DESCRIPTION, TIMEAGGREGATION, GROUPAGGREGATION, COUNTAGGREGATION, COLNUMBER, DATATYPE, DATASIZE, DATASCALE, INCLUDESQL, UNIVOBJECT, UNIVCLASS, COUNTERTYPE, COUNTERPROCESS, DATAID ) values ( 'DC_E_CUDB:((3)):DC_E_CUDB_ASYNCR', 'NASYNCRDCF', 'Number of mobile subscribers registered in CUDB due to HLR 					application with the DCF SS active for BSG All Data 						Circuit Asynchronous', 'AVG', 'AVG', 'GAUGE', 111, 'numeric', 18, 8, 1, 'NASYNCRDCF', null, 'GAUGE', 'GAUGE', 'NASYNCRDCF.actual' );
insert into Measurementtable ( MTABLEID, TABLELEVEL, TYPEID, BASETABLENAME, DEFAULT_TEMPLATE, PARTITIONPLAN ) values ( 'DC_E_CUDB:((3)):DC_E_CUDB_ASYNCR:RAW', 'RAW', 'DC_E_CUDB:((3)):DC_E_CUDB_ASYNCR', 'DC_E_CUDB_ASYNCR_RAW', null, 'small_raw' );
insert into Measurementcolumn ( MTABLEID, DATANAME, COLNUMBER, DATATYPE, DATASIZE, DATASCALE, UNIQUEVALUE, NULLABLE, INDEXES, DESCRIPTION, DATAID, RELEASEID, UNIQUEKEY, INCLUDESQL, COLTYPE ) values ( 'DC_E_CUDB:((3)):DC_E_CUDB_ASYNCR:RAW', 'BATCH_ID', 60, 'smallint', 0, 0, 255, 1, '', '', 'BATCH_ID', 'BASE_TP_090421', 0, 0, null );
insert into Measurementcolumn ( MTABLEID, DATANAME, COLNUMBER, DATATYPE, DATASIZE, DATASCALE, UNIQUEVALUE, NULLABLE, INDEXES, DESCRIPTION, DATAID, RELEASEID, UNIQUEKEY, INCLUDESQL, COLTYPE ) values ( 'DC_E_CUDB:((3)):DC_E_CUDB_ASYNCR:RAW', 'DATE_ID', 51, 'date', 0, 0, 255, 1, 'LF', '', 'DATE_ID', 'BASE_TP_090421', 0, 0, null );
insert into Measurementcolumn ( MTABLEID, DATANAME, COLNUMBER, DATATYPE, DATASIZE, DATASCALE, UNIQUEVALUE, NULLABLE, INDEXES, DESCRIPTION, DATAID, RELEASEID, UNIQUEKEY, INCLUDESQL, COLTYPE ) values ( 'DC_E_CUDB:((3)):DC_E_CUDB_ASYNCR:RAW', 'DATETIME_ID', 56, 'datetime', 0, 0, 255, 1, 'HG', '', 'DATETIME_ID', 'BASE_TP_090421', 1, 1, null );
insert into Measurementcolumn ( MTABLEID, DATANAME, COLNUMBER, DATATYPE, DATASIZE, DATASCALE, UNIQUEVALUE, NULLABLE, INDEXES, DESCRIPTION, DATAID, RELEASEID, UNIQUEKEY, INCLUDESQL, COLTYPE ) values ( 'DC_E_CUDB:((3)):DC_E_CUDB_ASYNCR:RAW', 'DAY_ID', 54, 'tinyint', 0, 0, 31, 1, 'LF', '', 'DAY_ID', 'BASE_TP_090421', 0, 0, null );
insert into Measurementcolumn ( MTABLEID, DATANAME, COLNUMBER, DATATYPE, DATASIZE, DATASCALE, UNIQUEVALUE, NULLABLE, INDEXES, DESCRIPTION, DATAID, RELEASEID, UNIQUEKEY, INCLUDESQL, COLTYPE ) values ( 'DC_E_CUDB:((3)):DC_E_CUDB_ASYNCR:RAW', 'DC_RELEASE', 63, 'varchar', 16, 0, 2, 1, 'LF', '', 'DC_RELEASE', 'BASE_TP_090421', 0, 1, null );
insert into Measurementcolumn ( MTABLEID, DATANAME, COLNUMBER, DATATYPE, DATASIZE, DATASCALE, UNIQUEVALUE, NULLABLE, INDEXES, DESCRIPTION, DATAID, RELEASEID, UNIQUEKEY, INCLUDESQL, COLTYPE ) values ( 'DC_E_CUDB:((3)):DC_E_CUDB_ASYNCR:RAW', 'DC_SOURCE', 64, 'varchar', 16, 0, 2, 1, 'LF', '', 'DC_SOURCE', 'BASE_TP_090421', 0, 1, null );
insert into Measurementcolumn ( MTABLEID, DATANAME, COLNUMBER, DATATYPE, DATASIZE, DATASCALE, UNIQUEVALUE, NULLABLE, INDEXES, DESCRIPTION, DATAID, RELEASEID, UNIQUEKEY, INCLUDESQL, COLTYPE ) values ( 'DC_E_CUDB:((3)):DC_E_CUDB_ASYNCR:RAW', 'DC_SUSPECTFLAG', 66, 'int', 0, 0, 2, 1, 'LF', '', 'DC_SUSPECTFLAG', 'BASE_TP_090421', 0, 1, null );
insert into Measurementcolumn ( MTABLEID, DATANAME, COLNUMBER, DATATYPE, DATASIZE, DATASCALE, UNIQUEVALUE, NULLABLE, INDEXES, DESCRIPTION, DATAID, RELEASEID, UNIQUEKEY, INCLUDESQL, COLTYPE ) values ( 'DC_E_CUDB:((3)):DC_E_CUDB_ASYNCR:RAW', 'DC_TIMEZONE', 65, 'varchar', 16, 0, 2, 1, 'LF', '', 'DC_TIMEZONE', 'BASE_TP_090421', 0, 1, null );
insert into Measurementcolumn ( MTABLEID, DATANAME, COLNUMBER, DATATYPE, DATASIZE, DATASCALE, UNIQUEVALUE, NULLABLE, INDEXES, DESCRIPTION, DATAID, RELEASEID, UNIQUEKEY, INCLUDESQL, COLTYPE ) values ( 'DC_E_CUDB:((3)):DC_E_CUDB_ASYNCR:RAW', 'HOUR_ID', 55, 'tinyint', 0, 0, 24, 1, 'LF', '', 'HOUR_ID', 'BASE_TP_090421', 0, 0, null );
insert into Measurementcolumn ( MTABLEID, DATANAME, COLNUMBER, DATATYPE, DATASIZE, DATASCALE, UNIQUEVALUE, NULLABLE, INDEXES, DESCRIPTION, DATAID, RELEASEID, UNIQUEKEY, INCLUDESQL, COLTYPE ) values ( 'DC_E_CUDB:((3)):DC_E_CUDB_ASYNCR:RAW', 'MIN_ID', 57, 'tinyint', 0, 0, 60, 1, 'LF', '', 'MIN_ID', 'BASE_TP_090421', 0, 0, null );
insert into Measurementcolumn ( MTABLEID, DATANAME, COLNUMBER, DATATYPE, DATASIZE, DATASCALE, UNIQUEVALUE, NULLABLE, INDEXES, DESCRIPTION, DATAID, RELEASEID, UNIQUEKEY, INCLUDESQL, COLTYPE ) values ( 'DC_E_CUDB:((3)):DC_E_CUDB_ASYNCR:RAW', 'MONTH_ID', 53, 'tinyint', 0, 0, 12, 1, 'LF', '', 'MONTH_ID', 'BASE_TP_090421', 0, 0, null );
insert into Measurementcolumn ( MTABLEID, DATANAME, COLNUMBER, DATATYPE, DATASIZE, DATASCALE, UNIQUEVALUE, NULLABLE, INDEXES, DESCRIPTION, DATAID, RELEASEID, UNIQUEKEY, INCLUDESQL, COLTYPE ) values ( 'DC_E_CUDB:((3)):DC_E_CUDB_ASYNCR:RAW', 'NASYNCRBAIC', 108, 'numeric', 18, 8, 255, 1, '', 'Number of mobile subscribers registered in CUDB due to HLR 					application with the BAIC SS active for BSG All Data 						Circuit Asynchronous', 'NASYNCRBAIC.actual', 'DC_E_CUDB:((FINAL))', 0, 1, 'COUNTER' );
insert into Measurementcolumn ( MTABLEID, DATANAME, COLNUMBER, DATATYPE, DATASIZE, DATASCALE, UNIQUEVALUE, NULLABLE, INDEXES, DESCRIPTION, DATAID, RELEASEID, UNIQUEKEY, INCLUDESQL, COLTYPE ) values ( 'DC_E_CUDB:((3)):DC_E_CUDB_ASYNCR:RAW', 'NASYNCRBAOC', 105, 'numeric', 18, 8, 255, 1, '', 'Number of mobile subscribers registered in CUDB due to HLR 					application with the BAOC SS active for BSG All Data 						Circuit Asynchronous', 'NASYNCRBAOC.actual', 'DC_E_CUDB:((FINAL))', 0, 1, 'COUNTER' );
insert into Measurementcolumn ( MTABLEID, DATANAME, COLNUMBER, DATATYPE, DATASIZE, DATASCALE, UNIQUEVALUE, NULLABLE, INDEXES, DESCRIPTION, DATAID, RELEASEID, UNIQUEKEY, INCLUDESQL, COLTYPE ) values ( 'DC_E_CUDB:((3)):DC_E_CUDB_ASYNCR:RAW', 'NASYNCRBICRO', 109, 'numeric', 18, 8, 255, 1, '', 'Number of mobile subscribers registered in CUDB due to HLR 					application with the BICRO SS active for BSG All Data 						Circuit Asynchronous', 'NASYNCRBICRO.actual', 'DC_E_CUDB:((FINAL))', 0, 1, 'COUNTER' );
insert into Measurementcolumn ( MTABLEID, DATANAME, COLNUMBER, DATATYPE, DATASIZE, DATASCALE, UNIQUEVALUE, NULLABLE, INDEXES, DESCRIPTION, DATAID, RELEASEID, UNIQUEKEY, INCLUDESQL, COLTYPE ) values ( 'DC_E_CUDB:((3)):DC_E_CUDB_ASYNCR:RAW', 'NASYNCRBOIC', 106, 'numeric', 18, 8, 255, 1, '', 'Number of mobile subscribers registered in CUDB due to HLR 					application with the BOIC SS active for BSG All Data 						Circuit Asynchronous', 'NASYNCRBOIC.actual', 'DC_E_CUDB:((FINAL))', 0, 1, 'COUNTER' );
insert into Measurementcolumn ( MTABLEID, DATANAME, COLNUMBER, DATATYPE, DATASIZE, DATASCALE, UNIQUEVALUE, NULLABLE, INDEXES, DESCRIPTION, DATAID, RELEASEID, UNIQUEKEY, INCLUDESQL, COLTYPE ) values ( 'DC_E_CUDB:((3)):DC_E_CUDB_ASYNCR:RAW', 'NASYNCRBOIEXH', 107, 'numeric', 18, 8, 255, 1, '', 'Number of mobile subscribers registered in CUDB due to HLR 					application with the BOIEXH SS active for BSG All Data 					Circuit Asynchronous', 'NASYNCRBOIEXH.actual', 'DC_E_CUDB:((FINAL))', 0, 1, 'COUNTER' );
insert into Measurementcolumn ( MTABLEID, DATANAME, COLNUMBER, DATATYPE, DATASIZE, DATASCALE, UNIQUEVALUE, NULLABLE, INDEXES, DESCRIPTION, DATAID, RELEASEID, UNIQUEKEY, INCLUDESQL, COLTYPE ) values ( 'DC_E_CUDB:((3)):DC_E_CUDB_ASYNCR:RAW', 'NASYNCRCAW', 110, 'numeric', 18, 8, 255, 1, '', 'Number of mobile subscribers registered in CUDB due to HLR 					application with the CAW SS active for BSG All Data 						Circuit Asynchronous', 'NASYNCRCAW.actual', 'DC_E_CUDB:((FINAL))', 0, 1, 'COUNTER' );
insert into Measurementcolumn ( MTABLEID, DATANAME, COLNUMBER, DATATYPE, DATASIZE, DATASCALE, UNIQUEVALUE, NULLABLE, INDEXES, DESCRIPTION, DATAID, RELEASEID, UNIQUEKEY, INCLUDESQL, COLTYPE ) values ( 'DC_E_CUDB:((3)):DC_E_CUDB_ASYNCR:RAW', 'NASYNCRCFB', 102, 'numeric', 18, 8, 255, 1, '', 'Number of mobile subscribers registered in CUDB due to HLR 					application with the CFB SS active for BSG All Data 						Circuit', 'NASYNCRCFB.actual', 'DC_E_CUDB:((FINAL))', 0, 1, 'COUNTER' );
insert into Measurementcolumn ( MTABLEID, DATANAME, COLNUMBER, DATATYPE, DATASIZE, DATASCALE, UNIQUEVALUE, NULLABLE, INDEXES, DESCRIPTION, DATAID, RELEASEID, UNIQUEKEY, INCLUDESQL, COLTYPE ) values ( 'DC_E_CUDB:((3)):DC_E_CUDB_ASYNCR:RAW', 'NASYNCRCFNRC', 104, 'numeric', 18, 8, 255, 1, '', 'Number of mobile subscribers registered in CUDB due to HLR 					application with the CFNRC SS active for BSG All Data 						Circuit Asynchronous', 'NASYNCRCFNRC.actual', 'DC_E_CUDB:((FINAL))', 0, 1, 'COUNTER' );
insert into Measurementcolumn ( MTABLEID, DATANAME, COLNUMBER, DATATYPE, DATASIZE, DATASCALE, UNIQUEVALUE, NULLABLE, INDEXES, DESCRIPTION, DATAID, RELEASEID, UNIQUEKEY, INCLUDESQL, COLTYPE ) values ( 'DC_E_CUDB:((3)):DC_E_CUDB_ASYNCR:RAW', 'NASYNCRCFNRY', 103, 'numeric', 18, 8, 255, 1, '', 'Number of mobile subscribers registered in CUDB due to HLR 					application with the CFNRY SS active for BSG All Data 						Circuit Asynchronous', 'NASYNCRCFNRY.actual', 'DC_E_CUDB:((FINAL))', 0, 1, 'COUNTER' );
insert into Measurementcolumn ( MTABLEID, DATANAME, COLNUMBER, DATATYPE, DATASIZE, DATASCALE, UNIQUEVALUE, NULLABLE, INDEXES, DESCRIPTION, DATAID, RELEASEID, UNIQUEKEY, INCLUDESQL, COLTYPE ) values ( 'DC_E_CUDB:((3)):DC_E_CUDB_ASYNCR:RAW', 'NASYNCRCFU', 101, 'numeric', 18, 8, 255, 1, '', 'Number of mobile subscribers registered in CUDB due to HLR 					application with the CFU SS active for BSG All Data 						Circuit Asynchronous', 'NASYNCRCFU.actual', 'DC_E_CUDB:((FINAL))', 0, 1, 'COUNTER' );
insert into Measurementcolumn ( MTABLEID, DATANAME, COLNUMBER, DATATYPE, DATASIZE, DATASCALE, UNIQUEVALUE, NULLABLE, INDEXES, DESCRIPTION, DATAID, RELEASEID, UNIQUEKEY, INCLUDESQL, COLTYPE ) values ( 'DC_E_CUDB:((3)):DC_E_CUDB_ASYNCR:RAW', 'NASYNCRDCF', 111, 'numeric', 18, 8, 255, 1, '', 'Number of mobile subscribers registered in CUDB due to HLR 					application with the DCF SS active for BSG All Data 						Circuit Asynchronous', 'NASYNCRDCF.actual', 'DC_E_CUDB:((FINAL))', 0, 1, 'COUNTER' );
insert into Measurementcolumn ( MTABLEID, DATANAME, COLNUMBER, DATATYPE, DATASIZE, DATASCALE, UNIQUEVALUE, NULLABLE, INDEXES, DESCRIPTION, DATAID, RELEASEID, UNIQUEKEY, INCLUDESQL, COLTYPE ) values ( 'DC_E_CUDB:((3)):DC_E_CUDB_ASYNCR:RAW', 'NE_ID', 2, 'varchar', 35, 0, 255, 0, 'HG', 'Network Element Id', 'NEID', 'DC_E_CUDB:((FINAL))', 1, 1, 'KEY' );
insert into Measurementcolumn ( MTABLEID, DATANAME, COLNUMBER, DATATYPE, DATASIZE, DATASCALE, UNIQUEVALUE, NULLABLE, INDEXES, DESCRIPTION, DATAID, RELEASEID, UNIQUEKEY, INCLUDESQL, COLTYPE ) values ( 'DC_E_CUDB:((3)):DC_E_CUDB_ASYNCR:RAW', 'OSS_ID', 1, 'varchar', 50, 0, 255, 0, 'HG', 'OSS Id', 'OSS_ID', 'DC_E_CUDB:((FINAL))', 1, 1, 'KEY' );
insert into Measurementcolumn ( MTABLEID, DATANAME, COLNUMBER, DATATYPE, DATASIZE, DATASCALE, UNIQUEVALUE, NULLABLE, INDEXES, DESCRIPTION, DATAID, RELEASEID, UNIQUEKEY, INCLUDESQL, COLTYPE ) values ( 'DC_E_CUDB:((3)):DC_E_CUDB_ASYNCR:RAW', 'PERIOD_DURATION', 61, 'unsigned int', 0, 0, 10, 1, '', '', 'PERIOD_DURATION', 'BASE_TP_090421', 0, 1, null );
insert into Measurementcolumn ( MTABLEID, DATANAME, COLNUMBER, DATATYPE, DATASIZE, DATASCALE, UNIQUEVALUE, NULLABLE, INDEXES, DESCRIPTION, DATAID, RELEASEID, UNIQUEKEY, INCLUDESQL, COLTYPE ) values ( 'DC_E_CUDB:((3)):DC_E_CUDB_ASYNCR:RAW', 'ROWSTATUS', 62, 'varchar', 16, 0, 10, 1, '', '', 'ROWSTATUS', 'BASE_TP_090421', 0, 1, null );
insert into Measurementcolumn ( MTABLEID, DATANAME, COLNUMBER, DATATYPE, DATASIZE, DATASCALE, UNIQUEVALUE, NULLABLE, INDEXES, DESCRIPTION, DATAID, RELEASEID, UNIQUEKEY, INCLUDESQL, COLTYPE ) values ( 'DC_E_CUDB:((3)):DC_E_CUDB_ASYNCR:RAW', 'SESSION_ID', 59, 'unsigned int', 0, 0, 255, 1, '', '', 'SESSION_ID', 'BASE_TP_090421', 0, 0, null );
insert into Measurementcolumn ( MTABLEID, DATANAME, COLNUMBER, DATATYPE, DATASIZE, DATASCALE, UNIQUEVALUE, NULLABLE, INDEXES, DESCRIPTION, DATAID, RELEASEID, UNIQUEKEY, INCLUDESQL, COLTYPE ) values ( 'DC_E_CUDB:((3)):DC_E_CUDB_ASYNCR:RAW', 'TIMELEVEL', 58, 'varchar', 10, 0, 10, 1, 'LF', '', 'TIMELEVEL', 'BASE_TP_090421', 0, 0, null );
insert into Measurementcolumn ( MTABLEID, DATANAME, COLNUMBER, DATATYPE, DATASIZE, DATASCALE, UNIQUEVALUE, NULLABLE, INDEXES, DESCRIPTION, DATAID, RELEASEID, UNIQUEKEY, INCLUDESQL, COLTYPE ) values ( 'DC_E_CUDB:((3)):DC_E_CUDB_ASYNCR:RAW', 'UTC_DATETIME_ID', 67, 'datetime', 0, 0, 255, 1, 'HG', '', 'UTC_DATETIME_ID', 'BASE_TP_090421', 1, 1, null );
insert into Measurementcolumn ( MTABLEID, DATANAME, COLNUMBER, DATATYPE, DATASIZE, DATASCALE, UNIQUEVALUE, NULLABLE, INDEXES, DESCRIPTION, DATAID, RELEASEID, UNIQUEKEY, INCLUDESQL, COLTYPE ) values ( 'DC_E_CUDB:((3)):DC_E_CUDB_ASYNCR:RAW', 'YEAR_ID', 52, 'smallint', 0, 0, 20, 1, 'LF', '', 'YEAR_ID', 'BASE_TP_090421', 0, 0, null );
insert into Measurementtable ( MTABLEID, TABLELEVEL, TYPEID, BASETABLENAME, DEFAULT_TEMPLATE, PARTITIONPLAN ) values ( 'DC_E_CUDB:((3)):DC_E_CUDB_ASYNCR:DAY', 'DAY', 'DC_E_CUDB:((3)):DC_E_CUDB_ASYNCR', 'DC_E_CUDB_ASYNCR_DAY', null, 'small_day' );
insert into Measurementcolumn ( MTABLEID, DATANAME, COLNUMBER, DATATYPE, DATASIZE, DATASCALE, UNIQUEVALUE, NULLABLE, INDEXES, DESCRIPTION, DATAID, RELEASEID, UNIQUEKEY, INCLUDESQL, COLTYPE ) values ( 'DC_E_CUDB:((3)):DC_E_CUDB_ASYNCR:DAY', 'AGG_COUNT', 57, 'smallint', 0, 0, 255, 1, '', '', 'AGG_COUNT', 'BASE_TP_090421', 0, 0, null );
insert into Measurementcolumn ( MTABLEID, DATANAME, COLNUMBER, DATATYPE, DATASIZE, DATASCALE, UNIQUEVALUE, NULLABLE, INDEXES, DESCRIPTION, DATAID, RELEASEID, UNIQUEKEY, INCLUDESQL, COLTYPE ) values ( 'DC_E_CUDB:((3)):DC_E_CUDB_ASYNCR:DAY', 'BATCH_ID', 60, 'smallint', 0, 0, 255, 1, '', '', 'BATCH_ID', 'BASE_TP_090421', 0, 0, null );
insert into Measurementcolumn ( MTABLEID, DATANAME, COLNUMBER, DATATYPE, DATASIZE, DATASCALE, UNIQUEVALUE, NULLABLE, INDEXES, DESCRIPTION, DATAID, RELEASEID, UNIQUEKEY, INCLUDESQL, COLTYPE ) values ( 'DC_E_CUDB:((3)):DC_E_CUDB_ASYNCR:DAY', 'DATACOVERAGE', 56, 'unsigned int', 0, 0, 255, 1, '', '', 'DATACOVERAGE', 'BASE_TP_090421', 0, 1, null );
insert into Measurementcolumn ( MTABLEID, DATANAME, COLNUMBER, DATATYPE, DATASIZE, DATASCALE, UNIQUEVALUE, NULLABLE, INDEXES, DESCRIPTION, DATAID, RELEASEID, UNIQUEKEY, INCLUDESQL, COLTYPE ) values ( 'DC_E_CUDB:((3)):DC_E_CUDB_ASYNCR:DAY', 'DATE_ID', 51, 'date', 0, 0, 255, 1, 'LF', '', 'DATE_ID', 'BASE_TP_090421', 1, 1, null );
insert into Measurementcolumn ( MTABLEID, DATANAME, COLNUMBER, DATATYPE, DATASIZE, DATASCALE, UNIQUEVALUE, NULLABLE, INDEXES, DESCRIPTION, DATAID, RELEASEID, UNIQUEKEY, INCLUDESQL, COLTYPE ) values ( 'DC_E_CUDB:((3)):DC_E_CUDB_ASYNCR:DAY', 'DAY_ID', 54, 'tinyint', 0, 0, 31, 1, 'LF', '', 'DAY_ID', 'BASE_TP_090421', 0, 0, null );
insert into Measurementcolumn ( MTABLEID, DATANAME, COLNUMBER, DATATYPE, DATASIZE, DATASCALE, UNIQUEVALUE, NULLABLE, INDEXES, DESCRIPTION, DATAID, RELEASEID, UNIQUEKEY, INCLUDESQL, COLTYPE ) values ( 'DC_E_CUDB:((3)):DC_E_CUDB_ASYNCR:DAY', 'DC_RELEASE', 63, 'varchar', 16, 0, 2, 1, 'LF', '', 'DC_RELEASE', 'BASE_TP_090421', 1, 1, null );
insert into Measurementcolumn ( MTABLEID, DATANAME, COLNUMBER, DATATYPE, DATASIZE, DATASCALE, UNIQUEVALUE, NULLABLE, INDEXES, DESCRIPTION, DATAID, RELEASEID, UNIQUEKEY, INCLUDESQL, COLTYPE ) values ( 'DC_E_CUDB:((3)):DC_E_CUDB_ASYNCR:DAY', 'DC_SOURCE', 64, 'varchar', 16, 0, 2, 1, 'LF', '', 'DC_SOURCE', 'BASE_TP_090421', 0, 1, null );
insert into Measurementcolumn ( MTABLEID, DATANAME, COLNUMBER, DATATYPE, DATASIZE, DATASCALE, UNIQUEVALUE, NULLABLE, INDEXES, DESCRIPTION, DATAID, RELEASEID, UNIQUEKEY, INCLUDESQL, COLTYPE ) values ( 'DC_E_CUDB:((3)):DC_E_CUDB_ASYNCR:DAY', 'DC_SUSPECTFLAG', 66, 'int', 0, 0, 2, 1, 'LF', '', 'DC_SUSPECTFLAG', 'BASE_TP_090421', 0, 1, null );
insert into Measurementcolumn ( MTABLEID, DATANAME, COLNUMBER, DATATYPE, DATASIZE, DATASCALE, UNIQUEVALUE, NULLABLE, INDEXES, DESCRIPTION, DATAID, RELEASEID, UNIQUEKEY, INCLUDESQL, COLTYPE ) values ( 'DC_E_CUDB:((3)):DC_E_CUDB_ASYNCR:DAY', 'DC_TIMEZONE', 65, 'varchar', 16, 0, 2, 1, 'LF', '', 'DC_TIMEZONE', 'BASE_TP_090421', 0, 1, null );
insert into Measurementcolumn ( MTABLEID, DATANAME, COLNUMBER, DATATYPE, DATASIZE, DATASCALE, UNIQUEVALUE, NULLABLE, INDEXES, DESCRIPTION, DATAID, RELEASEID, UNIQUEKEY, INCLUDESQL, COLTYPE ) values ( 'DC_E_CUDB:((3)):DC_E_CUDB_ASYNCR:DAY', 'MONTH_ID', 53, 'tinyint', 0, 0, 12, 1, 'LF', '', 'MONTH_ID', 'BASE_TP_090421', 0, 0, null );
insert into Measurementcolumn ( MTABLEID, DATANAME, COLNUMBER, DATATYPE, DATASIZE, DATASCALE, UNIQUEVALUE, NULLABLE, INDEXES, DESCRIPTION, DATAID, RELEASEID, UNIQUEKEY, INCLUDESQL, COLTYPE ) values ( 'DC_E_CUDB:((3)):DC_E_CUDB_ASYNCR:DAY', 'NASYNCRBAIC', 108, 'numeric', 18, 8, 255, 1, '', 'Number of mobile subscribers registered in CUDB due to HLR 					application with the BAIC SS active for BSG All Data 						Circuit Asynchronous', 'NASYNCRBAIC.actual', 'DC_E_CUDB:((FINAL))', 0, 1, 'COUNTER' );
insert into Measurementcolumn ( MTABLEID, DATANAME, COLNUMBER, DATATYPE, DATASIZE, DATASCALE, UNIQUEVALUE, NULLABLE, INDEXES, DESCRIPTION, DATAID, RELEASEID, UNIQUEKEY, INCLUDESQL, COLTYPE ) values ( 'DC_E_CUDB:((3)):DC_E_CUDB_ASYNCR:DAY', 'NASYNCRBAOC', 105, 'numeric', 18, 8, 255, 1, '', 'Number of mobile subscribers registered in CUDB due to HLR 					application with the BAOC SS active for BSG All Data 						Circuit Asynchronous', 'NASYNCRBAOC.actual', 'DC_E_CUDB:((FINAL))', 0, 1, 'COUNTER' );
insert into Measurementcolumn ( MTABLEID, DATANAME, COLNUMBER, DATATYPE, DATASIZE, DATASCALE, UNIQUEVALUE, NULLABLE, INDEXES, DESCRIPTION, DATAID, RELEASEID, UNIQUEKEY, INCLUDESQL, COLTYPE ) values ( 'DC_E_CUDB:((3)):DC_E_CUDB_ASYNCR:DAY', 'NASYNCRBICRO', 109, 'numeric', 18, 8, 255, 1, '', 'Number of mobile subscribers registered in CUDB due to HLR 					application with the BICRO SS active for BSG All Data 						Circuit Asynchronous', 'NASYNCRBICRO.actual', 'DC_E_CUDB:((FINAL))', 0, 1, 'COUNTER' );
insert into Measurementcolumn ( MTABLEID, DATANAME, COLNUMBER, DATATYPE, DATASIZE, DATASCALE, UNIQUEVALUE, NULLABLE, INDEXES, DESCRIPTION, DATAID, RELEASEID, UNIQUEKEY, INCLUDESQL, COLTYPE ) values ( 'DC_E_CUDB:((3)):DC_E_CUDB_ASYNCR:DAY', 'NASYNCRBOIC', 106, 'numeric', 18, 8, 255, 1, '', 'Number of mobile subscribers registered in CUDB due to HLR 					application with the BOIC SS active for BSG All Data 						Circuit Asynchronous', 'NASYNCRBOIC.actual', 'DC_E_CUDB:((FINAL))', 0, 1, 'COUNTER' );
insert into Measurementcolumn ( MTABLEID, DATANAME, COLNUMBER, DATATYPE, DATASIZE, DATASCALE, UNIQUEVALUE, NULLABLE, INDEXES, DESCRIPTION, DATAID, RELEASEID, UNIQUEKEY, INCLUDESQL, COLTYPE ) values ( 'DC_E_CUDB:((3)):DC_E_CUDB_ASYNCR:DAY', 'NASYNCRBOIEXH', 107, 'numeric', 18, 8, 255, 1, '', 'Number of mobile subscribers registered in CUDB due to HLR 					application with the BOIEXH SS active for BSG All Data 					Circuit Asynchronous', 'NASYNCRBOIEXH.actual', 'DC_E_CUDB:((FINAL))', 0, 1, 'COUNTER' );
insert into Measurementcolumn ( MTABLEID, DATANAME, COLNUMBER, DATATYPE, DATASIZE, DATASCALE, UNIQUEVALUE, NULLABLE, INDEXES, DESCRIPTION, DATAID, RELEASEID, UNIQUEKEY, INCLUDESQL, COLTYPE ) values ( 'DC_E_CUDB:((3)):DC_E_CUDB_ASYNCR:DAY', 'NASYNCRCAW', 110, 'numeric', 18, 8, 255, 1, '', 'Number of mobile subscribers registered in CUDB due to HLR 					application with the CAW SS active for BSG All Data 						Circuit Asynchronous', 'NASYNCRCAW.actual', 'DC_E_CUDB:((FINAL))', 0, 1, 'COUNTER' );
insert into Measurementcolumn ( MTABLEID, DATANAME, COLNUMBER, DATATYPE, DATASIZE, DATASCALE, UNIQUEVALUE, NULLABLE, INDEXES, DESCRIPTION, DATAID, RELEASEID, UNIQUEKEY, INCLUDESQL, COLTYPE ) values ( 'DC_E_CUDB:((3)):DC_E_CUDB_ASYNCR:DAY', 'NASYNCRCFB', 102, 'numeric', 18, 8, 255, 1, '', 'Number of mobile subscribers registered in CUDB due to HLR 					application with the CFB SS active for BSG All Data 						Circuit', 'NASYNCRCFB.actual', 'DC_E_CUDB:((FINAL))', 0, 1, 'COUNTER' );
insert into Measurementcolumn ( MTABLEID, DATANAME, COLNUMBER, DATATYPE, DATASIZE, DATASCALE, UNIQUEVALUE, NULLABLE, INDEXES, DESCRIPTION, DATAID, RELEASEID, UNIQUEKEY, INCLUDESQL, COLTYPE ) values ( 'DC_E_CUDB:((3)):DC_E_CUDB_ASYNCR:DAY', 'NASYNCRCFNRC', 104, 'numeric', 18, 8, 255, 1, '', 'Number of mobile subscribers registered in CUDB due to HLR 					application with the CFNRC SS active for BSG All Data 						Circuit Asynchronous', 'NASYNCRCFNRC.actual', 'DC_E_CUDB:((FINAL))', 0, 1, 'COUNTER' );
insert into Measurementcolumn ( MTABLEID, DATANAME, COLNUMBER, DATATYPE, DATASIZE, DATASCALE, UNIQUEVALUE, NULLABLE, INDEXES, DESCRIPTION, DATAID, RELEASEID, UNIQUEKEY, INCLUDESQL, COLTYPE ) values ( 'DC_E_CUDB:((3)):DC_E_CUDB_ASYNCR:DAY', 'NASYNCRCFNRY', 103, 'numeric', 18, 8, 255, 1, '', 'Number of mobile subscribers registered in CUDB due to HLR 					application with the CFNRY SS active for BSG All Data 						Circuit Asynchronous', 'NASYNCRCFNRY.actual', 'DC_E_CUDB:((FINAL))', 0, 1, 'COUNTER' );
insert into Measurementcolumn ( MTABLEID, DATANAME, COLNUMBER, DATATYPE, DATASIZE, DATASCALE, UNIQUEVALUE, NULLABLE, INDEXES, DESCRIPTION, DATAID, RELEASEID, UNIQUEKEY, INCLUDESQL, COLTYPE ) values ( 'DC_E_CUDB:((3)):DC_E_CUDB_ASYNCR:DAY', 'NASYNCRCFU', 101, 'numeric', 18, 8, 255, 1, '', 'Number of mobile subscribers registered in CUDB due to HLR 					application with the CFU SS active for BSG All Data 						Circuit Asynchronous', 'NASYNCRCFU.actual', 'DC_E_CUDB:((FINAL))', 0, 1, 'COUNTER' );
insert into Measurementcolumn ( MTABLEID, DATANAME, COLNUMBER, DATATYPE, DATASIZE, DATASCALE, UNIQUEVALUE, NULLABLE, INDEXES, DESCRIPTION, DATAID, RELEASEID, UNIQUEKEY, INCLUDESQL, COLTYPE ) values ( 'DC_E_CUDB:((3)):DC_E_CUDB_ASYNCR:DAY', 'NASYNCRDCF', 111, 'numeric', 18, 8, 255, 1, '', 'Number of mobile subscribers registered in CUDB due to HLR 					application with the DCF SS active for BSG All Data 						Circuit Asynchronous', 'NASYNCRDCF.actual', 'DC_E_CUDB:((FINAL))', 0, 1, 'COUNTER' );
insert into Measurementcolumn ( MTABLEID, DATANAME, COLNUMBER, DATATYPE, DATASIZE, DATASCALE, UNIQUEVALUE, NULLABLE, INDEXES, DESCRIPTION, DATAID, RELEASEID, UNIQUEKEY, INCLUDESQL, COLTYPE ) values ( 'DC_E_CUDB:((3)):DC_E_CUDB_ASYNCR:DAY', 'NE_ID', 2, 'varchar', 35, 0, 255, 0, 'HG', 'Network Element Id', 'NEID', 'DC_E_CUDB:((FINAL))', 1, 1, 'KEY' );
insert into Measurementcolumn ( MTABLEID, DATANAME, COLNUMBER, DATATYPE, DATASIZE, DATASCALE, UNIQUEVALUE, NULLABLE, INDEXES, DESCRIPTION, DATAID, RELEASEID, UNIQUEKEY, INCLUDESQL, COLTYPE ) values ( 'DC_E_CUDB:((3)):DC_E_CUDB_ASYNCR:DAY', 'OSS_ID', 1, 'varchar', 50, 0, 255, 0, 'HG', 'OSS Id', 'OSS_ID', 'DC_E_CUDB:((FINAL))', 1, 1, 'KEY' );
insert into Measurementcolumn ( MTABLEID, DATANAME, COLNUMBER, DATATYPE, DATASIZE, DATASCALE, UNIQUEVALUE, NULLABLE, INDEXES, DESCRIPTION, DATAID, RELEASEID, UNIQUEKEY, INCLUDESQL, COLTYPE ) values ( 'DC_E_CUDB:((3)):DC_E_CUDB_ASYNCR:DAY', 'PERIOD_DURATION', 61, 'unsigned int', 0, 0, 10, 1, '', '', 'PERIOD_DURATION', 'BASE_TP_090421', 0, 1, null );
insert into Measurementcolumn ( MTABLEID, DATANAME, COLNUMBER, DATATYPE, DATASIZE, DATASCALE, UNIQUEVALUE, NULLABLE, INDEXES, DESCRIPTION, DATAID, RELEASEID, UNIQUEKEY, INCLUDESQL, COLTYPE ) values ( 'DC_E_CUDB:((3)):DC_E_CUDB_ASYNCR:DAY', 'ROWSTATUS', 62, 'varchar', 16, 0, 10, 1, '', '', 'ROWSTATUS', 'BASE_TP_090421', 0, 1, null );
insert into Measurementcolumn ( MTABLEID, DATANAME, COLNUMBER, DATATYPE, DATASIZE, DATASCALE, UNIQUEVALUE, NULLABLE, INDEXES, DESCRIPTION, DATAID, RELEASEID, UNIQUEKEY, INCLUDESQL, COLTYPE ) values ( 'DC_E_CUDB:((3)):DC_E_CUDB_ASYNCR:DAY', 'SESSION_ID', 59, 'unsigned int', 0, 0, 255, 1, '', '', 'SESSION_ID', 'BASE_TP_090421', 0, 0, null );
insert into Measurementcolumn ( MTABLEID, DATANAME, COLNUMBER, DATATYPE, DATASIZE, DATASCALE, UNIQUEVALUE, NULLABLE, INDEXES, DESCRIPTION, DATAID, RELEASEID, UNIQUEKEY, INCLUDESQL, COLTYPE ) values ( 'DC_E_CUDB:((3)):DC_E_CUDB_ASYNCR:DAY', 'TIMELEVEL', 58, 'varchar', 10, 0, 10, 1, 'LF', '', 'TIMELEVEL', 'BASE_TP_090421', 0, 0, null );
insert into Measurementcolumn ( MTABLEID, DATANAME, COLNUMBER, DATATYPE, DATASIZE, DATASCALE, UNIQUEVALUE, NULLABLE, INDEXES, DESCRIPTION, DATAID, RELEASEID, UNIQUEKEY, INCLUDESQL, COLTYPE ) values ( 'DC_E_CUDB:((3)):DC_E_CUDB_ASYNCR:DAY', 'WEEK_ID', 55, 'tinyint', 0, 0, 53, 1, 'LF', '', 'WEEK_ID', 'BASE_TP_090421', 0, 0, null );
insert into Measurementcolumn ( MTABLEID, DATANAME, COLNUMBER, DATATYPE, DATASIZE, DATASCALE, UNIQUEVALUE, NULLABLE, INDEXES, DESCRIPTION, DATAID, RELEASEID, UNIQUEKEY, INCLUDESQL, COLTYPE ) values ( 'DC_E_CUDB:((3)):DC_E_CUDB_ASYNCR:DAY', 'YEAR_ID', 52, 'smallint', 0, 0, 20, 1, 'LF', '', 'YEAR_ID', 'BASE_TP_090421', 0, 0, null );
insert into Measurementtype ( TYPEID, TYPECLASSID, TYPENAME, VENDORID, FOLDERNAME, DESCRIPTION, STATUS, VERSIONID, OBJECTID, OBJECTNAME, OBJECTVERSION, OBJECTTYPE, JOINABLE, SIZING, TOTALAGG, ELEMENTBHSUPPORT, RANKINGTABLE, DELTACALCSUPPORT, PLAINTABLE, UNIVERSEEXTENSION, VECTORSUPPORT, DATAFORMATSUPPORT ) values ( 'DC_E_CUDB:((3)):DC_E_CUDB_AUXSPEE', 'DC_E_CUDB:((3)):DC_E_CUDB_HLR', 'DC_E_CUDB_AUXSPEE', 'DC_E_CUDB', 'DC_E_CUDB_AUXSPEE', 'HLR application subscriber counters', null, 'DC_E_CUDB:((3))', 'DC_E_CUDB:((3)):DC_E_CUDB_AUXSPEE', 'DC_E_CUDB_AUXSPEE', null, null, '', 'small', 1, 0, 0, 0, 0, 'ALL', 0, 1 );
insert into Measurementkey ( TYPEID, DATANAME, DESCRIPTION, ISELEMENT, UNIQUEKEY, COLNUMBER, DATATYPE, DATASIZE, DATASCALE, UNIQUEVALUE, NULLABLE, INDEXES, INCLUDESQL, UNIVOBJECT, JOINABLE, DATAID ) values ( 'DC_E_CUDB:((3)):DC_E_CUDB_AUXSPEE', 'NE_ID', 'Network Element Id', 1, 1, 2, 'varchar', 35, 0, 255, 0, 'HG', 1, 'NE_ID', null, 'NEID' );
insert into Measurementkey ( TYPEID, DATANAME, DESCRIPTION, ISELEMENT, UNIQUEKEY, COLNUMBER, DATATYPE, DATASIZE, DATASCALE, UNIQUEVALUE, NULLABLE, INDEXES, INCLUDESQL, UNIVOBJECT, JOINABLE, DATAID ) values ( 'DC_E_CUDB:((3)):DC_E_CUDB_AUXSPEE', 'OSS_ID', 'OSS Id', 0, 1, 1, 'varchar', 50, 0, 255, 0, 'HG', 1, 'OSS_ID', null, 'OSS_ID' );
insert into Measurementcounter ( TYPEID, DATANAME, DESCRIPTION, TIMEAGGREGATION, GROUPAGGREGATION, COUNTAGGREGATION, COLNUMBER, DATATYPE, DATASIZE, DATASCALE, INCLUDESQL, UNIVOBJECT, UNIVCLASS, COUNTERTYPE, COUNTERPROCESS, DATAID ) values ( 'DC_E_CUDB:((3)):DC_E_CUDB_AUXSPEE', 'NAUXSPEEBAIC', 'Number of mobile subscribers registered in CUDB due to HLR 					application with the BAIC SS active for BSG Auxiliary 						Speech', 'AVG', 'AVG', 'GAUGE', 108, 'numeric', 18, 8, 1, 'NAUXSPEEBAIC', null, 'GAUGE', 'GAUGE', 'NAUXSPEEBAIC.actual' );
insert into Measurementcounter ( TYPEID, DATANAME, DESCRIPTION, TIMEAGGREGATION, GROUPAGGREGATION, COUNTAGGREGATION, COLNUMBER, DATATYPE, DATASIZE, DATASCALE, INCLUDESQL, UNIVOBJECT, UNIVCLASS, COUNTERTYPE, COUNTERPROCESS, DATAID ) values ( 'DC_E_CUDB:((3)):DC_E_CUDB_AUXSPEE', 'NAUXSPEEBAOC', 'Number of mobile subscribers registered in CUDB due to HLR 					application with the BAOC SS active for BSG Auxiliary 						Speech', 'AVG', 'AVG', 'GAUGE', 105, 'numeric', 18, 8, 1, 'NAUXSPEEBAOC', null, 'GAUGE', 'GAUGE', 'NAUXSPEEBAOC.actual' );
insert into Measurementcounter ( TYPEID, DATANAME, DESCRIPTION, TIMEAGGREGATION, GROUPAGGREGATION, COUNTAGGREGATION, COLNUMBER, DATATYPE, DATASIZE, DATASCALE, INCLUDESQL, UNIVOBJECT, UNIVCLASS, COUNTERTYPE, COUNTERPROCESS, DATAID ) values ( 'DC_E_CUDB:((3)):DC_E_CUDB_AUXSPEE', 'NAUXSPEEBICRO', 'Number of mobile subscribers registered in CUDB due to HLR 					application with the BICRO SS active for BSG Auxiliary 					Speech', 'AVG', 'AVG', 'GAUGE', 109, 'numeric', 18, 8, 1, 'NAUXSPEEBICRO', null, 'GAUGE', 'GAUGE', 'NAUXSPEEBICRO.actual' );
insert into Measurementcounter ( TYPEID, DATANAME, DESCRIPTION, TIMEAGGREGATION, GROUPAGGREGATION, COUNTAGGREGATION, COLNUMBER, DATATYPE, DATASIZE, DATASCALE, INCLUDESQL, UNIVOBJECT, UNIVCLASS, COUNTERTYPE, COUNTERPROCESS, DATAID ) values ( 'DC_E_CUDB:((3)):DC_E_CUDB_AUXSPEE', 'NAUXSPEEBOIC', 'Number of mobile subscribers registered in CUDB due to HLR 					application with the BOIC SS active for BSG Auxiliary 						Speech', 'AVG', 'AVG', 'GAUGE', 106, 'numeric', 18, 8, 1, 'NAUXSPEEBOIC', null, 'GAUGE', 'GAUGE', 'NAUXSPEEBOIC.actual' );
insert into Measurementcounter ( TYPEID, DATANAME, DESCRIPTION, TIMEAGGREGATION, GROUPAGGREGATION, COUNTAGGREGATION, COLNUMBER, DATATYPE, DATASIZE, DATASCALE, INCLUDESQL, UNIVOBJECT, UNIVCLASS, COUNTERTYPE, COUNTERPROCESS, DATAID ) values ( 'DC_E_CUDB:((3)):DC_E_CUDB_AUXSPEE', 'NAUXSPEEBOIEXH', 'Number of mobile subscribers registered in CUDB due to HLR 					application with the CFU BOIEXH active for BSG Auxiliary 					Speech', 'AVG', 'AVG', 'GAUGE', 107, 'numeric', 18, 8, 1, 'NAUXSPEEBOIEXH', null, 'GAUGE', 'GAUGE', 'NAUXSPEEBOIEXH.actual' );
insert into Measurementcounter ( TYPEID, DATANAME, DESCRIPTION, TIMEAGGREGATION, GROUPAGGREGATION, COUNTAGGREGATION, COLNUMBER, DATATYPE, DATASIZE, DATASCALE, INCLUDESQL, UNIVOBJECT, UNIVCLASS, COUNTERTYPE, COUNTERPROCESS, DATAID ) values ( 'DC_E_CUDB:((3)):DC_E_CUDB_AUXSPEE', 'NAUXSPEECAW', 'Number of mobile subscribers registered in CUDB due to HLR 					application with the CAW SS active for BSG Auxiliary 						Speech', 'AVG', 'AVG', 'GAUGE', 110, 'numeric', 18, 8, 1, 'NAUXSPEECAW', null, 'GAUGE', 'GAUGE', 'NAUXSPEECAW.actual' );
insert into Measurementcounter ( TYPEID, DATANAME, DESCRIPTION, TIMEAGGREGATION, GROUPAGGREGATION, COUNTAGGREGATION, COLNUMBER, DATATYPE, DATASIZE, DATASCALE, INCLUDESQL, UNIVOBJECT, UNIVCLASS, COUNTERTYPE, COUNTERPROCESS, DATAID ) values ( 'DC_E_CUDB:((3)):DC_E_CUDB_AUXSPEE', 'NAUXSPEECFB', 'Number of mobile subscribers registered in CUDB due to HLR 					application with the CFB SS active for BSG Auxiliary 						Speech', 'AVG', 'AVG', 'GAUGE', 102, 'numeric', 18, 8, 1, 'NAUXSPEECFB', null, 'GAUGE', 'GAUGE', 'NAUXSPEECFB.actual' );
insert into Measurementcounter ( TYPEID, DATANAME, DESCRIPTION, TIMEAGGREGATION, GROUPAGGREGATION, COUNTAGGREGATION, COLNUMBER, DATATYPE, DATASIZE, DATASCALE, INCLUDESQL, UNIVOBJECT, UNIVCLASS, COUNTERTYPE, COUNTERPROCESS, DATAID ) values ( 'DC_E_CUDB:((3)):DC_E_CUDB_AUXSPEE', 'NAUXSPEECFNRC', 'Number of mobile subscribers registered in CUDB due to HLR 					application with the CFNRC SS active for BSG Auxiliary 					Speech', 'AVG', 'AVG', 'GAUGE', 104, 'numeric', 18, 8, 1, 'NAUXSPEECFNRC', null, 'GAUGE', 'GAUGE', 'NAUXSPEECFNRC.actual' );
insert into Measurementcounter ( TYPEID, DATANAME, DESCRIPTION, TIMEAGGREGATION, GROUPAGGREGATION, COUNTAGGREGATION, COLNUMBER, DATATYPE, DATASIZE, DATASCALE, INCLUDESQL, UNIVOBJECT, UNIVCLASS, COUNTERTYPE, COUNTERPROCESS, DATAID ) values ( 'DC_E_CUDB:((3)):DC_E_CUDB_AUXSPEE', 'NAUXSPEECFNRY', 'Number of mobile subscribers registered in CUDB due to HLR 					application with the CFNRY SS active for BSG Auxiliary 					Speech', 'AVG', 'AVG', 'GAUGE', 103, 'numeric', 18, 8, 1, 'NAUXSPEECFNRY', null, 'GAUGE', 'GAUGE', 'NAUXSPEECFNRY.actual' );
insert into Measurementcounter ( TYPEID, DATANAME, DESCRIPTION, TIMEAGGREGATION, GROUPAGGREGATION, COUNTAGGREGATION, COLNUMBER, DATATYPE, DATASIZE, DATASCALE, INCLUDESQL, UNIVOBJECT, UNIVCLASS, COUNTERTYPE, COUNTERPROCESS, DATAID ) values ( 'DC_E_CUDB:((3)):DC_E_CUDB_AUXSPEE', 'NAUXSPEECFU', 'Number of mobile subscribers registered in CUDB due to HLR 					application with the CFU SS active for BSG Auxiliary 						Speech', 'AVG', 'AVG', 'GAUGE', 101, 'numeric', 18, 8, 1, 'NAUXSPEECFU', null, 'GAUGE', 'GAUGE', 'NAUXSPEECFU.actual' );
insert into Measurementcounter ( TYPEID, DATANAME, DESCRIPTION, TIMEAGGREGATION, GROUPAGGREGATION, COUNTAGGREGATION, COLNUMBER, DATATYPE, DATASIZE, DATASCALE, INCLUDESQL, UNIVOBJECT, UNIVCLASS, COUNTERTYPE, COUNTERPROCESS, DATAID ) values ( 'DC_E_CUDB:((3)):DC_E_CUDB_AUXSPEE', 'NAUXSPEEDCF', 'Number of mobile subscribers registered in CUDB due to HLR 					application with the DCF SS active for BSG Auxiliary 						Speech', 'AVG', 'AVG', 'GAUGE', 111, 'numeric', 18, 8, 1, 'NAUXSPEEDCF', null, 'GAUGE', 'GAUGE', 'NAUXSPEEDCF.actual' );
insert into Measurementtable ( MTABLEID, TABLELEVEL, TYPEID, BASETABLENAME, DEFAULT_TEMPLATE, PARTITIONPLAN ) values ( 'DC_E_CUDB:((3)):DC_E_CUDB_AUXSPEE:RAW', 'RAW', 'DC_E_CUDB:((3)):DC_E_CUDB_AUXSPEE', 'DC_E_CUDB_AUXSPEE_RAW', null, 'small_raw' );
insert into Measurementcolumn ( MTABLEID, DATANAME, COLNUMBER, DATATYPE, DATASIZE, DATASCALE, UNIQUEVALUE, NULLABLE, INDEXES, DESCRIPTION, DATAID, RELEASEID, UNIQUEKEY, INCLUDESQL, COLTYPE ) values ( 'DC_E_CUDB:((3)):DC_E_CUDB_AUXSPEE:RAW', 'BATCH_ID', 60, 'smallint', 0, 0, 255, 1, '', '', 'BATCH_ID', 'BASE_TP_090421', 0, 0, null );
insert into Measurementcolumn ( MTABLEID, DATANAME, COLNUMBER, DATATYPE, DATASIZE, DATASCALE, UNIQUEVALUE, NULLABLE, INDEXES, DESCRIPTION, DATAID, RELEASEID, UNIQUEKEY, INCLUDESQL, COLTYPE ) values ( 'DC_E_CUDB:((3)):DC_E_CUDB_AUXSPEE:RAW', 'DATE_ID', 51, 'date', 0, 0, 255, 1, 'LF', '', 'DATE_ID', 'BASE_TP_090421', 0, 0, null );
insert into Measurementcolumn ( MTABLEID, DATANAME, COLNUMBER, DATATYPE, DATASIZE, DATASCALE, UNIQUEVALUE, NULLABLE, INDEXES, DESCRIPTION, DATAID, RELEASEID, UNIQUEKEY, INCLUDESQL, COLTYPE ) values ( 'DC_E_CUDB:((3)):DC_E_CUDB_AUXSPEE:RAW', 'DATETIME_ID', 56, 'datetime', 0, 0, 255, 1, 'HG', '', 'DATETIME_ID', 'BASE_TP_090421', 1, 1, null );
insert into Measurementcolumn ( MTABLEID, DATANAME, COLNUMBER, DATATYPE, DATASIZE, DATASCALE, UNIQUEVALUE, NULLABLE, INDEXES, DESCRIPTION, DATAID, RELEASEID, UNIQUEKEY, INCLUDESQL, COLTYPE ) values ( 'DC_E_CUDB:((3)):DC_E_CUDB_AUXSPEE:RAW', 'DAY_ID', 54, 'tinyint', 0, 0, 31, 1, 'LF', '', 'DAY_ID', 'BASE_TP_090421', 0, 0, null );
insert into Measurementcolumn ( MTABLEID, DATANAME, COLNUMBER, DATATYPE, DATASIZE, DATASCALE, UNIQUEVALUE, NULLABLE, INDEXES, DESCRIPTION, DATAID, RELEASEID, UNIQUEKEY, INCLUDESQL, COLTYPE ) values ( 'DC_E_CUDB:((3)):DC_E_CUDB_AUXSPEE:RAW', 'DC_RELEASE', 63, 'varchar', 16, 0, 2, 1, 'LF', '', 'DC_RELEASE', 'BASE_TP_090421', 0, 1, null );
insert into Measurementcolumn ( MTABLEID, DATANAME, COLNUMBER, DATATYPE, DATASIZE, DATASCALE, UNIQUEVALUE, NULLABLE, INDEXES, DESCRIPTION, DATAID, RELEASEID, UNIQUEKEY, INCLUDESQL, COLTYPE ) values ( 'DC_E_CUDB:((3)):DC_E_CUDB_AUXSPEE:RAW', 'DC_SOURCE', 64, 'varchar', 16, 0, 2, 1, 'LF', '', 'DC_SOURCE', 'BASE_TP_090421', 0, 1, null );
insert into Measurementcolumn ( MTABLEID, DATANAME, COLNUMBER, DATATYPE, DATASIZE, DATASCALE, UNIQUEVALUE, NULLABLE, INDEXES, DESCRIPTION, DATAID, RELEASEID, UNIQUEKEY, INCLUDESQL, COLTYPE ) values ( 'DC_E_CUDB:((3)):DC_E_CUDB_AUXSPEE:RAW', 'DC_SUSPECTFLAG', 66, 'int', 0, 0, 2, 1, 'LF', '', 'DC_SUSPECTFLAG', 'BASE_TP_090421', 0, 1, null );
insert into Measurementcolumn ( MTABLEID, DATANAME, COLNUMBER, DATATYPE, DATASIZE, DATASCALE, UNIQUEVALUE, NULLABLE, INDEXES, DESCRIPTION, DATAID, RELEASEID, UNIQUEKEY, INCLUDESQL, COLTYPE ) values ( 'DC_E_CUDB:((3)):DC_E_CUDB_AUXSPEE:RAW', 'DC_TIMEZONE', 65, 'varchar', 16, 0, 2, 1, 'LF', '', 'DC_TIMEZONE', 'BASE_TP_090421', 0, 1, null );
insert into Measurementcolumn ( MTABLEID, DATANAME, COLNUMBER, DATATYPE, DATASIZE, DATASCALE, UNIQUEVALUE, NULLABLE, INDEXES, DESCRIPTION, DATAID, RELEASEID, UNIQUEKEY, INCLUDESQL, COLTYPE ) values ( 'DC_E_CUDB:((3)):DC_E_CUDB_AUXSPEE:RAW', 'HOUR_ID', 55, 'tinyint', 0, 0, 24, 1, 'LF', '', 'HOUR_ID', 'BASE_TP_090421', 0, 0, null );
insert into Measurementcolumn ( MTABLEID, DATANAME, COLNUMBER, DATATYPE, DATASIZE, DATASCALE, UNIQUEVALUE, NULLABLE, INDEXES, DESCRIPTION, DATAID, RELEASEID, UNIQUEKEY, INCLUDESQL, COLTYPE ) values ( 'DC_E_CUDB:((3)):DC_E_CUDB_AUXSPEE:RAW', 'MIN_ID', 57, 'tinyint', 0, 0, 60, 1, 'LF', '', 'MIN_ID', 'BASE_TP_090421', 0, 0, null );
insert into Measurementcolumn ( MTABLEID, DATANAME, COLNUMBER, DATATYPE, DATASIZE, DATASCALE, UNIQUEVALUE, NULLABLE, INDEXES, DESCRIPTION, DATAID, RELEASEID, UNIQUEKEY, INCLUDESQL, COLTYPE ) values ( 'DC_E_CUDB:((3)):DC_E_CUDB_AUXSPEE:RAW', 'MONTH_ID', 53, 'tinyint', 0, 0, 12, 1, 'LF', '', 'MONTH_ID', 'BASE_TP_090421', 0, 0, null );
insert into Measurementcolumn ( MTABLEID, DATANAME, COLNUMBER, DATATYPE, DATASIZE, DATASCALE, UNIQUEVALUE, NULLABLE, INDEXES, DESCRIPTION, DATAID, RELEASEID, UNIQUEKEY, INCLUDESQL, COLTYPE ) values ( 'DC_E_CUDB:((3)):DC_E_CUDB_AUXSPEE:RAW', 'NAUXSPEEBAIC', 108, 'numeric', 18, 8, 255, 1, '', 'Number of mobile subscribers registered in CUDB due to HLR 					application with the BAIC SS active for BSG Auxiliary 						Speech', 'NAUXSPEEBAIC.actual', 'DC_E_CUDB:((FINAL))', 0, 1, 'COUNTER' );
insert into Measurementcolumn ( MTABLEID, DATANAME, COLNUMBER, DATATYPE, DATASIZE, DATASCALE, UNIQUEVALUE, NULLABLE, INDEXES, DESCRIPTION, DATAID, RELEASEID, UNIQUEKEY, INCLUDESQL, COLTYPE ) values ( 'DC_E_CUDB:((3)):DC_E_CUDB_AUXSPEE:RAW', 'NAUXSPEEBAOC', 105, 'numeric', 18, 8, 255, 1, '', 'Number of mobile subscribers registered in CUDB due to HLR 					application with the BAOC SS active for BSG Auxiliary 						Speech', 'NAUXSPEEBAOC.actual', 'DC_E_CUDB:((FINAL))', 0, 1, 'COUNTER' );
insert into Measurementcolumn ( MTABLEID, DATANAME, COLNUMBER, DATATYPE, DATASIZE, DATASCALE, UNIQUEVALUE, NULLABLE, INDEXES, DESCRIPTION, DATAID, RELEASEID, UNIQUEKEY, INCLUDESQL, COLTYPE ) values ( 'DC_E_CUDB:((3)):DC_E_CUDB_AUXSPEE:RAW', 'NAUXSPEEBICRO', 109, 'numeric', 18, 8, 255, 1, '', 'Number of mobile subscribers registered in CUDB due to HLR 					application with the BICRO SS active for BSG Auxiliary 					Speech', 'NAUXSPEEBICRO.actual', 'DC_E_CUDB:((FINAL))', 0, 1, 'COUNTER' );
insert into Measurementcolumn ( MTABLEID, DATANAME, COLNUMBER, DATATYPE, DATASIZE, DATASCALE, UNIQUEVALUE, NULLABLE, INDEXES, DESCRIPTION, DATAID, RELEASEID, UNIQUEKEY, INCLUDESQL, COLTYPE ) values ( 'DC_E_CUDB:((3)):DC_E_CUDB_AUXSPEE:RAW', 'NAUXSPEEBOIC', 106, 'numeric', 18, 8, 255, 1, '', 'Number of mobile subscribers registered in CUDB due to HLR 					application with the BOIC SS active for BSG Auxiliary 						Speech', 'NAUXSPEEBOIC.actual', 'DC_E_CUDB:((FINAL))', 0, 1, 'COUNTER' );
insert into Measurementcolumn ( MTABLEID, DATANAME, COLNUMBER, DATATYPE, DATASIZE, DATASCALE, UNIQUEVALUE, NULLABLE, INDEXES, DESCRIPTION, DATAID, RELEASEID, UNIQUEKEY, INCLUDESQL, COLTYPE ) values ( 'DC_E_CUDB:((3)):DC_E_CUDB_AUXSPEE:RAW', 'NAUXSPEEBOIEXH', 107, 'numeric', 18, 8, 255, 1, '', 'Number of mobile subscribers registered in CUDB due to HLR 					application with the CFU BOIEXH active for BSG Auxiliary 					Speech', 'NAUXSPEEBOIEXH.actual', 'DC_E_CUDB:((FINAL))', 0, 1, 'COUNTER' );
insert into Measurementcolumn ( MTABLEID, DATANAME, COLNUMBER, DATATYPE, DATASIZE, DATASCALE, UNIQUEVALUE, NULLABLE, INDEXES, DESCRIPTION, DATAID, RELEASEID, UNIQUEKEY, INCLUDESQL, COLTYPE ) values ( 'DC_E_CUDB:((3)):DC_E_CUDB_AUXSPEE:RAW', 'NAUXSPEECAW', 110, 'numeric', 18, 8, 255, 1, '', 'Number of mobile subscribers registered in CUDB due to HLR 					application with the CAW SS active for BSG Auxiliary 						Speech', 'NAUXSPEECAW.actual', 'DC_E_CUDB:((FINAL))', 0, 1, 'COUNTER' );
insert into Measurementcolumn ( MTABLEID, DATANAME, COLNUMBER, DATATYPE, DATASIZE, DATASCALE, UNIQUEVALUE, NULLABLE, INDEXES, DESCRIPTION, DATAID, RELEASEID, UNIQUEKEY, INCLUDESQL, COLTYPE ) values ( 'DC_E_CUDB:((3)):DC_E_CUDB_AUXSPEE:RAW', 'NAUXSPEECFB', 102, 'numeric', 18, 8, 255, 1, '', 'Number of mobile subscribers registered in CUDB due to HLR 					application with the CFB SS active for BSG Auxiliary 						Speech', 'NAUXSPEECFB.actual', 'DC_E_CUDB:((FINAL))', 0, 1, 'COUNTER' );
insert into Measurementcolumn ( MTABLEID, DATANAME, COLNUMBER, DATATYPE, DATASIZE, DATASCALE, UNIQUEVALUE, NULLABLE, INDEXES, DESCRIPTION, DATAID, RELEASEID, UNIQUEKEY, INCLUDESQL, COLTYPE ) values ( 'DC_E_CUDB:((3)):DC_E_CUDB_AUXSPEE:RAW', 'NAUXSPEECFNRC', 104, 'numeric', 18, 8, 255, 1, '', 'Number of mobile subscribers registered in CUDB due to HLR 					application with the CFNRC SS active for BSG Auxiliary 					Speech', 'NAUXSPEECFNRC.actual', 'DC_E_CUDB:((FINAL))', 0, 1, 'COUNTER' );
insert into Measurementcolumn ( MTABLEID, DATANAME, COLNUMBER, DATATYPE, DATASIZE, DATASCALE, UNIQUEVALUE, NULLABLE, INDEXES, DESCRIPTION, DATAID, RELEASEID, UNIQUEKEY, INCLUDESQL, COLTYPE ) values ( 'DC_E_CUDB:((3)):DC_E_CUDB_AUXSPEE:RAW', 'NAUXSPEECFNRY', 103, 'numeric', 18, 8, 255, 1, '', 'Number of mobile subscribers registered in CUDB due to HLR 					application with the CFNRY SS active for BSG Auxiliary 					Speech', 'NAUXSPEECFNRY.actual', 'DC_E_CUDB:((FINAL))', 0, 1, 'COUNTER' );
insert into Measurementcolumn ( MTABLEID, DATANAME, COLNUMBER, DATATYPE, DATASIZE, DATASCALE, UNIQUEVALUE, NULLABLE, INDEXES, DESCRIPTION, DATAID, RELEASEID, UNIQUEKEY, INCLUDESQL, COLTYPE ) values ( 'DC_E_CUDB:((3)):DC_E_CUDB_AUXSPEE:RAW', 'NAUXSPEECFU', 101, 'numeric', 18, 8, 255, 1, '', 'Number of mobile subscribers registered in CUDB due to HLR 					application with the CFU SS active for BSG Auxiliary 						Speech', 'NAUXSPEECFU.actual', 'DC_E_CUDB:((FINAL))', 0, 1, 'COUNTER' );
insert into Measurementcolumn ( MTABLEID, DATANAME, COLNUMBER, DATATYPE, DATASIZE, DATASCALE, UNIQUEVALUE, NULLABLE, INDEXES, DESCRIPTION, DATAID, RELEASEID, UNIQUEKEY, INCLUDESQL, COLTYPE ) values ( 'DC_E_CUDB:((3)):DC_E_CUDB_AUXSPEE:RAW', 'NAUXSPEEDCF', 111, 'numeric', 18, 8, 255, 1, '', 'Number of mobile subscribers registered in CUDB due to HLR 					application with the DCF SS active for BSG Auxiliary 						Speech', 'NAUXSPEEDCF.actual', 'DC_E_CUDB:((FINAL))', 0, 1, 'COUNTER' );
insert into Measurementcolumn ( MTABLEID, DATANAME, COLNUMBER, DATATYPE, DATASIZE, DATASCALE, UNIQUEVALUE, NULLABLE, INDEXES, DESCRIPTION, DATAID, RELEASEID, UNIQUEKEY, INCLUDESQL, COLTYPE ) values ( 'DC_E_CUDB:((3)):DC_E_CUDB_AUXSPEE:RAW', 'NE_ID', 2, 'varchar', 35, 0, 255, 0, 'HG', 'Network Element Id', 'NEID', 'DC_E_CUDB:((FINAL))', 1, 1, 'KEY' );
insert into Measurementcolumn ( MTABLEID, DATANAME, COLNUMBER, DATATYPE, DATASIZE, DATASCALE, UNIQUEVALUE, NULLABLE, INDEXES, DESCRIPTION, DATAID, RELEASEID, UNIQUEKEY, INCLUDESQL, COLTYPE ) values ( 'DC_E_CUDB:((3)):DC_E_CUDB_AUXSPEE:RAW', 'OSS_ID', 1, 'varchar', 50, 0, 255, 0, 'HG', 'OSS Id', 'OSS_ID', 'DC_E_CUDB:((FINAL))', 1, 1, 'KEY' );
insert into Measurementcolumn ( MTABLEID, DATANAME, COLNUMBER, DATATYPE, DATASIZE, DATASCALE, UNIQUEVALUE, NULLABLE, INDEXES, DESCRIPTION, DATAID, RELEASEID, UNIQUEKEY, INCLUDESQL, COLTYPE ) values ( 'DC_E_CUDB:((3)):DC_E_CUDB_AUXSPEE:RAW', 'PERIOD_DURATION', 61, 'unsigned int', 0, 0, 10, 1, '', '', 'PERIOD_DURATION', 'BASE_TP_090421', 0, 1, null );
insert into Measurementcolumn ( MTABLEID, DATANAME, COLNUMBER, DATATYPE, DATASIZE, DATASCALE, UNIQUEVALUE, NULLABLE, INDEXES, DESCRIPTION, DATAID, RELEASEID, UNIQUEKEY, INCLUDESQL, COLTYPE ) values ( 'DC_E_CUDB:((3)):DC_E_CUDB_AUXSPEE:RAW', 'ROWSTATUS', 62, 'varchar', 16, 0, 10, 1, '', '', 'ROWSTATUS', 'BASE_TP_090421', 0, 1, null );
insert into Measurementcolumn ( MTABLEID, DATANAME, COLNUMBER, DATATYPE, DATASIZE, DATASCALE, UNIQUEVALUE, NULLABLE, INDEXES, DESCRIPTION, DATAID, RELEASEID, UNIQUEKEY, INCLUDESQL, COLTYPE ) values ( 'DC_E_CUDB:((3)):DC_E_CUDB_AUXSPEE:RAW', 'SESSION_ID', 59, 'unsigned int', 0, 0, 255, 1, '', '', 'SESSION_ID', 'BASE_TP_090421', 0, 0, null );
insert into Measurementcolumn ( MTABLEID, DATANAME, COLNUMBER, DATATYPE, DATASIZE, DATASCALE, UNIQUEVALUE, NULLABLE, INDEXES, DESCRIPTION, DATAID, RELEASEID, UNIQUEKEY, INCLUDESQL, COLTYPE ) values ( 'DC_E_CUDB:((3)):DC_E_CUDB_AUXSPEE:RAW', 'TIMELEVEL', 58, 'varchar', 10, 0, 10, 1, 'LF', '', 'TIMELEVEL', 'BASE_TP_090421', 0, 0, null );
insert into Measurementcolumn ( MTABLEID, DATANAME, COLNUMBER, DATATYPE, DATASIZE, DATASCALE, UNIQUEVALUE, NULLABLE, INDEXES, DESCRIPTION, DATAID, RELEASEID, UNIQUEKEY, INCLUDESQL, COLTYPE ) values ( 'DC_E_CUDB:((3)):DC_E_CUDB_AUXSPEE:RAW', 'UTC_DATETIME_ID', 67, 'datetime', 0, 0, 255, 1, 'HG', '', 'UTC_DATETIME_ID', 'BASE_TP_090421', 1, 1, null );
insert into Measurementcolumn ( MTABLEID, DATANAME, COLNUMBER, DATATYPE, DATASIZE, DATASCALE, UNIQUEVALUE, NULLABLE, INDEXES, DESCRIPTION, DATAID, RELEASEID, UNIQUEKEY, INCLUDESQL, COLTYPE ) values ( 'DC_E_CUDB:((3)):DC_E_CUDB_AUXSPEE:RAW', 'YEAR_ID', 52, 'smallint', 0, 0, 20, 1, 'LF', '', 'YEAR_ID', 'BASE_TP_090421', 0, 0, null );
insert into Measurementtable ( MTABLEID, TABLELEVEL, TYPEID, BASETABLENAME, DEFAULT_TEMPLATE, PARTITIONPLAN ) values ( 'DC_E_CUDB:((3)):DC_E_CUDB_AUXSPEE:DAY', 'DAY', 'DC_E_CUDB:((3)):DC_E_CUDB_AUXSPEE', 'DC_E_CUDB_AUXSPEE_DAY', null, 'small_day' );
insert into Measurementcolumn ( MTABLEID, DATANAME, COLNUMBER, DATATYPE, DATASIZE, DATASCALE, UNIQUEVALUE, NULLABLE, INDEXES, DESCRIPTION, DATAID, RELEASEID, UNIQUEKEY, INCLUDESQL, COLTYPE ) values ( 'DC_E_CUDB:((3)):DC_E_CUDB_AUXSPEE:DAY', 'AGG_COUNT', 57, 'smallint', 0, 0, 255, 1, '', '', 'AGG_COUNT', 'BASE_TP_090421', 0, 0, null );
insert into Measurementcolumn ( MTABLEID, DATANAME, COLNUMBER, DATATYPE, DATASIZE, DATASCALE, UNIQUEVALUE, NULLABLE, INDEXES, DESCRIPTION, DATAID, RELEASEID, UNIQUEKEY, INCLUDESQL, COLTYPE ) values ( 'DC_E_CUDB:((3)):DC_E_CUDB_AUXSPEE:DAY', 'BATCH_ID', 60, 'smallint', 0, 0, 255, 1, '', '', 'BATCH_ID', 'BASE_TP_090421', 0, 0, null );
insert into Measurementcolumn ( MTABLEID, DATANAME, COLNUMBER, DATATYPE, DATASIZE, DATASCALE, UNIQUEVALUE, NULLABLE, INDEXES, DESCRIPTION, DATAID, RELEASEID, UNIQUEKEY, INCLUDESQL, COLTYPE ) values ( 'DC_E_CUDB:((3)):DC_E_CUDB_AUXSPEE:DAY', 'DATACOVERAGE', 56, 'unsigned int', 0, 0, 255, 1, '', '', 'DATACOVERAGE', 'BASE_TP_090421', 0, 1, null );
insert into Measurementcolumn ( MTABLEID, DATANAME, COLNUMBER, DATATYPE, DATASIZE, DATASCALE, UNIQUEVALUE, NULLABLE, INDEXES, DESCRIPTION, DATAID, RELEASEID, UNIQUEKEY, INCLUDESQL, COLTYPE ) values ( 'DC_E_CUDB:((3)):DC_E_CUDB_AUXSPEE:DAY', 'DATE_ID', 51, 'date', 0, 0, 255, 1, 'LF', '', 'DATE_ID', 'BASE_TP_090421', 1, 1, null );
insert into Measurementcolumn ( MTABLEID, DATANAME, COLNUMBER, DATATYPE, DATASIZE, DATASCALE, UNIQUEVALUE, NULLABLE, INDEXES, DESCRIPTION, DATAID, RELEASEID, UNIQUEKEY, INCLUDESQL, COLTYPE ) values ( 'DC_E_CUDB:((3)):DC_E_CUDB_AUXSPEE:DAY', 'DAY_ID', 54, 'tinyint', 0, 0, 31, 1, 'LF', '', 'DAY_ID', 'BASE_TP_090421', 0, 0, null );
insert into Measurementcolumn ( MTABLEID, DATANAME, COLNUMBER, DATATYPE, DATASIZE, DATASCALE, UNIQUEVALUE, NULLABLE, INDEXES, DESCRIPTION, DATAID, RELEASEID, UNIQUEKEY, INCLUDESQL, COLTYPE ) values ( 'DC_E_CUDB:((3)):DC_E_CUDB_AUXSPEE:DAY', 'DC_RELEASE', 63, 'varchar', 16, 0, 2, 1, 'LF', '', 'DC_RELEASE', 'BASE_TP_090421', 1, 1, null );
insert into Measurementcolumn ( MTABLEID, DATANAME, COLNUMBER, DATATYPE, DATASIZE, DATASCALE, UNIQUEVALUE, NULLABLE, INDEXES, DESCRIPTION, DATAID, RELEASEID, UNIQUEKEY, INCLUDESQL, COLTYPE ) values ( 'DC_E_CUDB:((3)):DC_E_CUDB_AUXSPEE:DAY', 'DC_SOURCE', 64, 'varchar', 16, 0, 2, 1, 'LF', '', 'DC_SOURCE', 'BASE_TP_090421', 0, 1, null );
insert into Measurementcolumn ( MTABLEID, DATANAME, COLNUMBER, DATATYPE, DATASIZE, DATASCALE, UNIQUEVALUE, NULLABLE, INDEXES, DESCRIPTION, DATAID, RELEASEID, UNIQUEKEY, INCLUDESQL, COLTYPE ) values ( 'DC_E_CUDB:((3)):DC_E_CUDB_AUXSPEE:DAY', 'DC_SUSPECTFLAG', 66, 'int', 0, 0, 2, 1, 'LF', '', 'DC_SUSPECTFLAG', 'BASE_TP_090421', 0, 1, null );
insert into Measurementcolumn ( MTABLEID, DATANAME, COLNUMBER, DATATYPE, DATASIZE, DATASCALE, UNIQUEVALUE, NULLABLE, INDEXES, DESCRIPTION, DATAID, RELEASEID, UNIQUEKEY, INCLUDESQL, COLTYPE ) values ( 'DC_E_CUDB:((3)):DC_E_CUDB_AUXSPEE:DAY', 'DC_TIMEZONE', 65, 'varchar', 16, 0, 2, 1, 'LF', '', 'DC_TIMEZONE', 'BASE_TP_090421', 0, 1, null );
insert into Measurementcolumn ( MTABLEID, DATANAME, COLNUMBER, DATATYPE, DATASIZE, DATASCALE, UNIQUEVALUE, NULLABLE, INDEXES, DESCRIPTION, DATAID, RELEASEID, UNIQUEKEY, INCLUDESQL, COLTYPE ) values ( 'DC_E_CUDB:((3)):DC_E_CUDB_AUXSPEE:DAY', 'MONTH_ID', 53, 'tinyint', 0, 0, 12, 1, 'LF', '', 'MONTH_ID', 'BASE_TP_090421', 0, 0, null );
insert into Measurementcolumn ( MTABLEID, DATANAME, COLNUMBER, DATATYPE, DATASIZE, DATASCALE, UNIQUEVALUE, NULLABLE, INDEXES, DESCRIPTION, DATAID, RELEASEID, UNIQUEKEY, INCLUDESQL, COLTYPE ) values ( 'DC_E_CUDB:((3)):DC_E_CUDB_AUXSPEE:DAY', 'NAUXSPEEBAIC', 108, 'numeric', 18, 8, 255, 1, '', 'Number of mobile subscribers registered in CUDB due to HLR 					application with the BAIC SS active for BSG Auxiliary 						Speech', 'NAUXSPEEBAIC.actual', 'DC_E_CUDB:((FINAL))', 0, 1, 'COUNTER' );
insert into Measurementcolumn ( MTABLEID, DATANAME, COLNUMBER, DATATYPE, DATASIZE, DATASCALE, UNIQUEVALUE, NULLABLE, INDEXES, DESCRIPTION, DATAID, RELEASEID, UNIQUEKEY, INCLUDESQL, COLTYPE ) values ( 'DC_E_CUDB:((3)):DC_E_CUDB_AUXSPEE:DAY', 'NAUXSPEEBAOC', 105, 'numeric', 18, 8, 255, 1, '', 'Number of mobile subscribers registered in CUDB due to HLR 					application with the BAOC SS active for BSG Auxiliary 						Speech', 'NAUXSPEEBAOC.actual', 'DC_E_CUDB:((FINAL))', 0, 1, 'COUNTER' );
insert into Measurementcolumn ( MTABLEID, DATANAME, COLNUMBER, DATATYPE, DATASIZE, DATASCALE, UNIQUEVALUE, NULLABLE, INDEXES, DESCRIPTION, DATAID, RELEASEID, UNIQUEKEY, INCLUDESQL, COLTYPE ) values ( 'DC_E_CUDB:((3)):DC_E_CUDB_AUXSPEE:DAY', 'NAUXSPEEBICRO', 109, 'numeric', 18, 8, 255, 1, '', 'Number of mobile subscribers registered in CUDB due to HLR 					application with the BICRO SS active for BSG Auxiliary 					Speech', 'NAUXSPEEBICRO.actual', 'DC_E_CUDB:((FINAL))', 0, 1, 'COUNTER' );
insert into Measurementcolumn ( MTABLEID, DATANAME, COLNUMBER, DATATYPE, DATASIZE, DATASCALE, UNIQUEVALUE, NULLABLE, INDEXES, DESCRIPTION, DATAID, RELEASEID, UNIQUEKEY, INCLUDESQL, COLTYPE ) values ( 'DC_E_CUDB:((3)):DC_E_CUDB_AUXSPEE:DAY', 'NAUXSPEEBOIC', 106, 'numeric', 18, 8, 255, 1, '', 'Number of mobile subscribers registered in CUDB due to HLR 					application with the BOIC SS active for BSG Auxiliary 						Speech', 'NAUXSPEEBOIC.actual', 'DC_E_CUDB:((FINAL))', 0, 1, 'COUNTER' );
insert into Measurementcolumn ( MTABLEID, DATANAME, COLNUMBER, DATATYPE, DATASIZE, DATASCALE, UNIQUEVALUE, NULLABLE, INDEXES, DESCRIPTION, DATAID, RELEASEID, UNIQUEKEY, INCLUDESQL, COLTYPE ) values ( 'DC_E_CUDB:((3)):DC_E_CUDB_AUXSPEE:DAY', 'NAUXSPEEBOIEXH', 107, 'numeric', 18, 8, 255, 1, '', 'Number of mobile subscribers registered in CUDB due to HLR 					application with the CFU BOIEXH active for BSG Auxiliary 					Speech', 'NAUXSPEEBOIEXH.actual', 'DC_E_CUDB:((FINAL))', 0, 1, 'COUNTER' );
insert into Measurementcolumn ( MTABLEID, DATANAME, COLNUMBER, DATATYPE, DATASIZE, DATASCALE, UNIQUEVALUE, NULLABLE, INDEXES, DESCRIPTION, DATAID, RELEASEID, UNIQUEKEY, INCLUDESQL, COLTYPE ) values ( 'DC_E_CUDB:((3)):DC_E_CUDB_AUXSPEE:DAY', 'NAUXSPEECAW', 110, 'numeric', 18, 8, 255, 1, '', 'Number of mobile subscribers registered in CUDB due to HLR 					application with the CAW SS active for BSG Auxiliary 						Speech', 'NAUXSPEECAW.actual', 'DC_E_CUDB:((FINAL))', 0, 1, 'COUNTER' );
insert into Measurementcolumn ( MTABLEID, DATANAME, COLNUMBER, DATATYPE, DATASIZE, DATASCALE, UNIQUEVALUE, NULLABLE, INDEXES, DESCRIPTION, DATAID, RELEASEID, UNIQUEKEY, INCLUDESQL, COLTYPE ) values ( 'DC_E_CUDB:((3)):DC_E_CUDB_AUXSPEE:DAY', 'NAUXSPEECFB', 102, 'numeric', 18, 8, 255, 1, '', 'Number of mobile subscribers registered in CUDB due to HLR 					application with the CFB SS active for BSG Auxiliary 						Speech', 'NAUXSPEECFB.actual', 'DC_E_CUDB:((FINAL))', 0, 1, 'COUNTER' );
insert into Measurementcolumn ( MTABLEID, DATANAME, COLNUMBER, DATATYPE, DATASIZE, DATASCALE, UNIQUEVALUE, NULLABLE, INDEXES, DESCRIPTION, DATAID, RELEASEID, UNIQUEKEY, INCLUDESQL, COLTYPE ) values ( 'DC_E_CUDB:((3)):DC_E_CUDB_AUXSPEE:DAY', 'NAUXSPEECFNRC', 104, 'numeric', 18, 8, 255, 1, '', 'Number of mobile subscribers registered in CUDB due to HLR 					application with the CFNRC SS active for BSG Auxiliary 					Speech', 'NAUXSPEECFNRC.actual', 'DC_E_CUDB:((FINAL))', 0, 1, 'COUNTER' );
insert into Measurementcolumn ( MTABLEID, DATANAME, COLNUMBER, DATATYPE, DATASIZE, DATASCALE, UNIQUEVALUE, NULLABLE, INDEXES, DESCRIPTION, DATAID, RELEASEID, UNIQUEKEY, INCLUDESQL, COLTYPE ) values ( 'DC_E_CUDB:((3)):DC_E_CUDB_AUXSPEE:DAY', 'NAUXSPEECFNRY', 103, 'numeric', 18, 8, 255, 1, '', 'Number of mobile subscribers registered in CUDB due to HLR 					application with the CFNRY SS active for BSG Auxiliary 					Speech', 'NAUXSPEECFNRY.actual', 'DC_E_CUDB:((FINAL))', 0, 1, 'COUNTER' );
insert into Measurementcolumn ( MTABLEID, DATANAME, COLNUMBER, DATATYPE, DATASIZE, DATASCALE, UNIQUEVALUE, NULLABLE, INDEXES, DESCRIPTION, DATAID, RELEASEID, UNIQUEKEY, INCLUDESQL, COLTYPE ) values ( 'DC_E_CUDB:((3)):DC_E_CUDB_AUXSPEE:DAY', 'NAUXSPEECFU', 101, 'numeric', 18, 8, 255, 1, '', 'Number of mobile subscribers registered in CUDB due to HLR 					application with the CFU SS active for BSG Auxiliary 						Speech', 'NAUXSPEECFU.actual', 'DC_E_CUDB:((FINAL))', 0, 1, 'COUNTER' );
insert into Measurementcolumn ( MTABLEID, DATANAME, COLNUMBER, DATATYPE, DATASIZE, DATASCALE, UNIQUEVALUE, NULLABLE, INDEXES, DESCRIPTION, DATAID, RELEASEID, UNIQUEKEY, INCLUDESQL, COLTYPE ) values ( 'DC_E_CUDB:((3)):DC_E_CUDB_AUXSPEE:DAY', 'NAUXSPEEDCF', 111, 'numeric', 18, 8, 255, 1, '', 'Number of mobile subscribers registered in CUDB due to HLR 					application with the DCF SS active for BSG Auxiliary 						Speech', 'NAUXSPEEDCF.actual', 'DC_E_CUDB:((FINAL))', 0, 1, 'COUNTER' );
insert into Measurementcolumn ( MTABLEID, DATANAME, COLNUMBER, DATATYPE, DATASIZE, DATASCALE, UNIQUEVALUE, NULLABLE, INDEXES, DESCRIPTION, DATAID, RELEASEID, UNIQUEKEY, INCLUDESQL, COLTYPE ) values ( 'DC_E_CUDB:((3)):DC_E_CUDB_AUXSPEE:DAY', 'NE_ID', 2, 'varchar', 35, 0, 255, 0, 'HG', 'Network Element Id', 'NEID', 'DC_E_CUDB:((FINAL))', 1, 1, 'KEY' );
insert into Measurementcolumn ( MTABLEID, DATANAME, COLNUMBER, DATATYPE, DATASIZE, DATASCALE, UNIQUEVALUE, NULLABLE, INDEXES, DESCRIPTION, DATAID, RELEASEID, UNIQUEKEY, INCLUDESQL, COLTYPE ) values ( 'DC_E_CUDB:((3)):DC_E_CUDB_AUXSPEE:DAY', 'OSS_ID', 1, 'varchar', 50, 0, 255, 0, 'HG', 'OSS Id', 'OSS_ID', 'DC_E_CUDB:((FINAL))', 1, 1, 'KEY' );
insert into Measurementcolumn ( MTABLEID, DATANAME, COLNUMBER, DATATYPE, DATASIZE, DATASCALE, UNIQUEVALUE, NULLABLE, INDEXES, DESCRIPTION, DATAID, RELEASEID, UNIQUEKEY, INCLUDESQL, COLTYPE ) values ( 'DC_E_CUDB:((3)):DC_E_CUDB_AUXSPEE:DAY', 'PERIOD_DURATION', 61, 'unsigned int', 0, 0, 10, 1, '', '', 'PERIOD_DURATION', 'BASE_TP_090421', 0, 1, null );
insert into Measurementcolumn ( MTABLEID, DATANAME, COLNUMBER, DATATYPE, DATASIZE, DATASCALE, UNIQUEVALUE, NULLABLE, INDEXES, DESCRIPTION, DATAID, RELEASEID, UNIQUEKEY, INCLUDESQL, COLTYPE ) values ( 'DC_E_CUDB:((3)):DC_E_CUDB_AUXSPEE:DAY', 'ROWSTATUS', 62, 'varchar', 16, 0, 10, 1, '', '', 'ROWSTATUS', 'BASE_TP_090421', 0, 1, null );
insert into Measurementcolumn ( MTABLEID, DATANAME, COLNUMBER, DATATYPE, DATASIZE, DATASCALE, UNIQUEVALUE, NULLABLE, INDEXES, DESCRIPTION, DATAID, RELEASEID, UNIQUEKEY, INCLUDESQL, COLTYPE ) values ( 'DC_E_CUDB:((3)):DC_E_CUDB_AUXSPEE:DAY', 'SESSION_ID', 59, 'unsigned int', 0, 0, 255, 1, '', '', 'SESSION_ID', 'BASE_TP_090421', 0, 0, null );
insert into Measurementcolumn ( MTABLEID, DATANAME, COLNUMBER, DATATYPE, DATASIZE, DATASCALE, UNIQUEVALUE, NULLABLE, INDEXES, DESCRIPTION, DATAID, RELEASEID, UNIQUEKEY, INCLUDESQL, COLTYPE ) values ( 'DC_E_CUDB:((3)):DC_E_CUDB_AUXSPEE:DAY', 'TIMELEVEL', 58, 'varchar', 10, 0, 10, 1, 'LF', '', 'TIMELEVEL', 'BASE_TP_090421', 0, 0, null );
insert into Measurementcolumn ( MTABLEID, DATANAME, COLNUMBER, DATATYPE, DATASIZE, DATASCALE, UNIQUEVALUE, NULLABLE, INDEXES, DESCRIPTION, DATAID, RELEASEID, UNIQUEKEY, INCLUDESQL, COLTYPE ) values ( 'DC_E_CUDB:((3)):DC_E_CUDB_AUXSPEE:DAY', 'WEEK_ID', 55, 'tinyint', 0, 0, 53, 1, 'LF', '', 'WEEK_ID', 'BASE_TP_090421', 0, 0, null );
insert into Measurementcolumn ( MTABLEID, DATANAME, COLNUMBER, DATATYPE, DATASIZE, DATASCALE, UNIQUEVALUE, NULLABLE, INDEXES, DESCRIPTION, DATAID, RELEASEID, UNIQUEKEY, INCLUDESQL, COLTYPE ) values ( 'DC_E_CUDB:((3)):DC_E_CUDB_AUXSPEE:DAY', 'YEAR_ID', 52, 'smallint', 0, 0, 20, 1, 'LF', '', 'YEAR_ID', 'BASE_TP_090421', 0, 0, null );
insert into Measurementtype ( TYPEID, TYPECLASSID, TYPENAME, VENDORID, FOLDERNAME, DESCRIPTION, STATUS, VERSIONID, OBJECTID, OBJECTNAME, OBJECTVERSION, OBJECTTYPE, JOINABLE, SIZING, TOTALAGG, ELEMENTBHSUPPORT, RANKINGTABLE, DELTACALCSUPPORT, PLAINTABLE, UNIVERSEEXTENSION, VECTORSUPPORT, DATAFORMATSUPPORT ) values ( 'DC_E_CUDB:((3)):DC_E_CUDB_CUGBSG', 'DC_E_CUDB:((3)):DC_E_CUDB_HLR', 'DC_E_CUDB_CUGBSG', 'DC_E_CUDB', 'DC_E_CUDB_CUGBSG', 'HLR application subscriber counters', null, 'DC_E_CUDB:((3))', 'DC_E_CUDB:((3)):DC_E_CUDB_CUGBSG', 'DC_E_CUDB_CUGBSG', null, null, '', 'small', 1, 0, 0, 0, 0, 'ALL', 0, 1 );
insert into Measurementkey ( TYPEID, DATANAME, DESCRIPTION, ISELEMENT, UNIQUEKEY, COLNUMBER, DATATYPE, DATASIZE, DATASCALE, UNIQUEVALUE, NULLABLE, INDEXES, INCLUDESQL, UNIVOBJECT, JOINABLE, DATAID ) values ( 'DC_E_CUDB:((3)):DC_E_CUDB_CUGBSG', 'NE_ID', 'Network Element Id', 1, 1, 2, 'varchar', 35, 0, 255, 0, 'HG', 1, 'NE_ID', null, 'NEID' );
insert into Measurementkey ( TYPEID, DATANAME, DESCRIPTION, ISELEMENT, UNIQUEKEY, COLNUMBER, DATATYPE, DATASIZE, DATASCALE, UNIQUEVALUE, NULLABLE, INDEXES, INCLUDESQL, UNIVOBJECT, JOINABLE, DATAID ) values ( 'DC_E_CUDB:((3)):DC_E_CUDB_CUGBSG', 'OSS_ID', 'OSS Id', 0, 1, 1, 'varchar', 50, 0, 255, 0, 'HG', 1, 'OSS_ID', null, 'OSS_ID' );
insert into Measurementcounter ( TYPEID, DATANAME, DESCRIPTION, TIMEAGGREGATION, GROUPAGGREGATION, COUNTAGGREGATION, COLNUMBER, DATATYPE, DATASIZE, DATASCALE, INCLUDESQL, UNIVOBJECT, UNIVCLASS, COUNTERTYPE, COUNTERPROCESS, DATAID ) values ( 'DC_E_CUDB:((3)):DC_E_CUDB_CUGBSG', 'NCUGBSGBS20', 'Number of mobile subscribers registered in CUDB due to HLR application with the CUG SS active for BSG All Data  Circuit Asynchronous', 'AVG', 'AVG', 'GAUGE', 104, 'numeric', 18, 8, 1, 'NCUGBSGBS20', null, 'GAUGE', 'GAUGE', 'NCUGBSGBS20.actual' );
insert into Measurementcounter ( TYPEID, DATANAME, DESCRIPTION, TIMEAGGREGATION, GROUPAGGREGATION, COUNTAGGREGATION, COLNUMBER, DATATYPE, DATASIZE, DATASCALE, INCLUDESQL, UNIVOBJECT, UNIVCLASS, COUNTERTYPE, COUNTERPROCESS, DATAID ) values ( 'DC_E_CUDB:((3)):DC_E_CUDB_CUGBSG', 'NCUGBSGBS30', 'Number of mobile subscribers registered in CUDB due to HLR application with the CUG SS active for BSG All Data  Circuit Synchronous', 'AVG', 'AVG', 'GAUGE', 105, 'numeric', 18, 8, 1, 'NCUGBSGBS30', null, 'GAUGE', 'GAUGE', 'NCUGBSGBS30.actual' );
insert into Measurementcounter ( TYPEID, DATANAME, DESCRIPTION, TIMEAGGREGATION, GROUPAGGREGATION, COUNTAGGREGATION, COLNUMBER, DATATYPE, DATASIZE, DATASCALE, INCLUDESQL, UNIVOBJECT, UNIVCLASS, COUNTERTYPE, COUNTERPROCESS, DATAID ) values ( 'DC_E_CUDB:((3)):DC_E_CUDB_CUGBSG', 'NCUGBSGTS10', 'Number of mobile subscribers registered in CUDB due to HLR application with the CUG SS active for BSG Speech', 'AVG', 'AVG', 'GAUGE', 101, 'numeric', 18, 8, 1, 'NCUGBSGTS10', null, 'GAUGE', 'GAUGE', 'NCUGBSGTS10.actual' );
insert into Measurementcounter ( TYPEID, DATANAME, DESCRIPTION, TIMEAGGREGATION, GROUPAGGREGATION, COUNTAGGREGATION, COLNUMBER, DATATYPE, DATASIZE, DATASCALE, INCLUDESQL, UNIVOBJECT, UNIVCLASS, COUNTERTYPE, COUNTERPROCESS, DATAID ) values ( 'DC_E_CUDB:((3)):DC_E_CUDB_CUGBSG', 'NCUGBSGTS60', 'Number of mobile subscribers registered in CUDB due to HLR application with the CUG SS active for BSG Facsimil', 'AVG', 'AVG', 'GAUGE', 102, 'numeric', 18, 8, 1, 'NCUGBSGTS60', null, 'GAUGE', 'GAUGE', 'NCUGBSGTS60.actual' );
insert into Measurementcounter ( TYPEID, DATANAME, DESCRIPTION, TIMEAGGREGATION, GROUPAGGREGATION, COUNTAGGREGATION, COLNUMBER, DATATYPE, DATASIZE, DATASCALE, INCLUDESQL, UNIVOBJECT, UNIVCLASS, COUNTERTYPE, COUNTERPROCESS, DATAID ) values ( 'DC_E_CUDB:((3)):DC_E_CUDB_CUGBSG', 'NCUGBSGTSD0', 'Number of mobile subscribers registered in CUDB due to HLR application with the CUG SS active for BSG Auxiliary  Speech', 'AVG', 'AVG', 'GAUGE', 103, 'numeric', 18, 8, 1, 'NCUGBSGTSD0', null, 'GAUGE', 'GAUGE', 'NCUGBSGTSD0.actual' );
insert into Measurementtable ( MTABLEID, TABLELEVEL, TYPEID, BASETABLENAME, DEFAULT_TEMPLATE, PARTITIONPLAN ) values ( 'DC_E_CUDB:((3)):DC_E_CUDB_CUGBSG:RAW', 'RAW', 'DC_E_CUDB:((3)):DC_E_CUDB_CUGBSG', 'DC_E_CUDB_CUGBSG_RAW', null, 'small_raw' );
insert into Measurementcolumn ( MTABLEID, DATANAME, COLNUMBER, DATATYPE, DATASIZE, DATASCALE, UNIQUEVALUE, NULLABLE, INDEXES, DESCRIPTION, DATAID, RELEASEID, UNIQUEKEY, INCLUDESQL, COLTYPE ) values ( 'DC_E_CUDB:((3)):DC_E_CUDB_CUGBSG:RAW', 'BATCH_ID', 60, 'smallint', 0, 0, 255, 1, '', '', 'BATCH_ID', 'BASE_TP_090421', 0, 0, null );
insert into Measurementcolumn ( MTABLEID, DATANAME, COLNUMBER, DATATYPE, DATASIZE, DATASCALE, UNIQUEVALUE, NULLABLE, INDEXES, DESCRIPTION, DATAID, RELEASEID, UNIQUEKEY, INCLUDESQL, COLTYPE ) values ( 'DC_E_CUDB:((3)):DC_E_CUDB_CUGBSG:RAW', 'DATE_ID', 51, 'date', 0, 0, 255, 1, 'LF', '', 'DATE_ID', 'BASE_TP_090421', 0, 0, null );
insert into Measurementcolumn ( MTABLEID, DATANAME, COLNUMBER, DATATYPE, DATASIZE, DATASCALE, UNIQUEVALUE, NULLABLE, INDEXES, DESCRIPTION, DATAID, RELEASEID, UNIQUEKEY, INCLUDESQL, COLTYPE ) values ( 'DC_E_CUDB:((3)):DC_E_CUDB_CUGBSG:RAW', 'DATETIME_ID', 56, 'datetime', 0, 0, 255, 1, 'HG', '', 'DATETIME_ID', 'BASE_TP_090421', 1, 1, null );
insert into Measurementcolumn ( MTABLEID, DATANAME, COLNUMBER, DATATYPE, DATASIZE, DATASCALE, UNIQUEVALUE, NULLABLE, INDEXES, DESCRIPTION, DATAID, RELEASEID, UNIQUEKEY, INCLUDESQL, COLTYPE ) values ( 'DC_E_CUDB:((3)):DC_E_CUDB_CUGBSG:RAW', 'DAY_ID', 54, 'tinyint', 0, 0, 31, 1, 'LF', '', 'DAY_ID', 'BASE_TP_090421', 0, 0, null );
insert into Measurementcolumn ( MTABLEID, DATANAME, COLNUMBER, DATATYPE, DATASIZE, DATASCALE, UNIQUEVALUE, NULLABLE, INDEXES, DESCRIPTION, DATAID, RELEASEID, UNIQUEKEY, INCLUDESQL, COLTYPE ) values ( 'DC_E_CUDB:((3)):DC_E_CUDB_CUGBSG:RAW', 'DC_RELEASE', 63, 'varchar', 16, 0, 2, 1, 'LF', '', 'DC_RELEASE', 'BASE_TP_090421', 0, 1, null );
insert into Measurementcolumn ( MTABLEID, DATANAME, COLNUMBER, DATATYPE, DATASIZE, DATASCALE, UNIQUEVALUE, NULLABLE, INDEXES, DESCRIPTION, DATAID, RELEASEID, UNIQUEKEY, INCLUDESQL, COLTYPE ) values ( 'DC_E_CUDB:((3)):DC_E_CUDB_CUGBSG:RAW', 'DC_SOURCE', 64, 'varchar', 16, 0, 2, 1, 'LF', '', 'DC_SOURCE', 'BASE_TP_090421', 0, 1, null );
insert into Measurementcolumn ( MTABLEID, DATANAME, COLNUMBER, DATATYPE, DATASIZE, DATASCALE, UNIQUEVALUE, NULLABLE, INDEXES, DESCRIPTION, DATAID, RELEASEID, UNIQUEKEY, INCLUDESQL, COLTYPE ) values ( 'DC_E_CUDB:((3)):DC_E_CUDB_CUGBSG:RAW', 'DC_SUSPECTFLAG', 66, 'int', 0, 0, 2, 1, 'LF', '', 'DC_SUSPECTFLAG', 'BASE_TP_090421', 0, 1, null );
insert into Measurementcolumn ( MTABLEID, DATANAME, COLNUMBER, DATATYPE, DATASIZE, DATASCALE, UNIQUEVALUE, NULLABLE, INDEXES, DESCRIPTION, DATAID, RELEASEID, UNIQUEKEY, INCLUDESQL, COLTYPE ) values ( 'DC_E_CUDB:((3)):DC_E_CUDB_CUGBSG:RAW', 'DC_TIMEZONE', 65, 'varchar', 16, 0, 2, 1, 'LF', '', 'DC_TIMEZONE', 'BASE_TP_090421', 0, 1, null );
insert into Measurementcolumn ( MTABLEID, DATANAME, COLNUMBER, DATATYPE, DATASIZE, DATASCALE, UNIQUEVALUE, NULLABLE, INDEXES, DESCRIPTION, DATAID, RELEASEID, UNIQUEKEY, INCLUDESQL, COLTYPE ) values ( 'DC_E_CUDB:((3)):DC_E_CUDB_CUGBSG:RAW', 'HOUR_ID', 55, 'tinyint', 0, 0, 24, 1, 'LF', '', 'HOUR_ID', 'BASE_TP_090421', 0, 0, null );
insert into Measurementcolumn ( MTABLEID, DATANAME, COLNUMBER, DATATYPE, DATASIZE, DATASCALE, UNIQUEVALUE, NULLABLE, INDEXES, DESCRIPTION, DATAID, RELEASEID, UNIQUEKEY, INCLUDESQL, COLTYPE ) values ( 'DC_E_CUDB:((3)):DC_E_CUDB_CUGBSG:RAW', 'MIN_ID', 57, 'tinyint', 0, 0, 60, 1, 'LF', '', 'MIN_ID', 'BASE_TP_090421', 0, 0, null );
insert into Measurementcolumn ( MTABLEID, DATANAME, COLNUMBER, DATATYPE, DATASIZE, DATASCALE, UNIQUEVALUE, NULLABLE, INDEXES, DESCRIPTION, DATAID, RELEASEID, UNIQUEKEY, INCLUDESQL, COLTYPE ) values ( 'DC_E_CUDB:((3)):DC_E_CUDB_CUGBSG:RAW', 'MONTH_ID', 53, 'tinyint', 0, 0, 12, 1, 'LF', '', 'MONTH_ID', 'BASE_TP_090421', 0, 0, null );
insert into Measurementcolumn ( MTABLEID, DATANAME, COLNUMBER, DATATYPE, DATASIZE, DATASCALE, UNIQUEVALUE, NULLABLE, INDEXES, DESCRIPTION, DATAID, RELEASEID, UNIQUEKEY, INCLUDESQL, COLTYPE ) values ( 'DC_E_CUDB:((3)):DC_E_CUDB_CUGBSG:RAW', 'NCUGBSGBS20', 104, 'numeric', 18, 8, 255, 1, '', 'Number of mobile subscribers registered in CUDB due to HLR application with the CUG SS active for BSG All Data  Circuit Asynchronous', 'NCUGBSGBS20.actual', 'DC_E_CUDB:((FINAL))', 0, 1, 'COUNTER' );
insert into Measurementcolumn ( MTABLEID, DATANAME, COLNUMBER, DATATYPE, DATASIZE, DATASCALE, UNIQUEVALUE, NULLABLE, INDEXES, DESCRIPTION, DATAID, RELEASEID, UNIQUEKEY, INCLUDESQL, COLTYPE ) values ( 'DC_E_CUDB:((3)):DC_E_CUDB_CUGBSG:RAW', 'NCUGBSGBS30', 105, 'numeric', 18, 8, 255, 1, '', 'Number of mobile subscribers registered in CUDB due to HLR application with the CUG SS active for BSG All Data  Circuit Synchronous', 'NCUGBSGBS30.actual', 'DC_E_CUDB:((FINAL))', 0, 1, 'COUNTER' );
insert into Measurementcolumn ( MTABLEID, DATANAME, COLNUMBER, DATATYPE, DATASIZE, DATASCALE, UNIQUEVALUE, NULLABLE, INDEXES, DESCRIPTION, DATAID, RELEASEID, UNIQUEKEY, INCLUDESQL, COLTYPE ) values ( 'DC_E_CUDB:((3)):DC_E_CUDB_CUGBSG:RAW', 'NCUGBSGTS10', 101, 'numeric', 18, 8, 255, 1, '', 'Number of mobile subscribers registered in CUDB due to HLR application with the CUG SS active for BSG Speech', 'NCUGBSGTS10.actual', 'DC_E_CUDB:((FINAL))', 0, 1, 'COUNTER' );
insert into Measurementcolumn ( MTABLEID, DATANAME, COLNUMBER, DATATYPE, DATASIZE, DATASCALE, UNIQUEVALUE, NULLABLE, INDEXES, DESCRIPTION, DATAID, RELEASEID, UNIQUEKEY, INCLUDESQL, COLTYPE ) values ( 'DC_E_CUDB:((3)):DC_E_CUDB_CUGBSG:RAW', 'NCUGBSGTS60', 102, 'numeric', 18, 8, 255, 1, '', 'Number of mobile subscribers registered in CUDB due to HLR application with the CUG SS active for BSG Facsimil', 'NCUGBSGTS60.actual', 'DC_E_CUDB:((FINAL))', 0, 1, 'COUNTER' );
insert into Measurementcolumn ( MTABLEID, DATANAME, COLNUMBER, DATATYPE, DATASIZE, DATASCALE, UNIQUEVALUE, NULLABLE, INDEXES, DESCRIPTION, DATAID, RELEASEID, UNIQUEKEY, INCLUDESQL, COLTYPE ) values ( 'DC_E_CUDB:((3)):DC_E_CUDB_CUGBSG:RAW', 'NCUGBSGTSD0', 103, 'numeric', 18, 8, 255, 1, '', 'Number of mobile subscribers registered in CUDB due to HLR application with the CUG SS active for BSG Auxiliary  Speech', 'NCUGBSGTSD0.actual', 'DC_E_CUDB:((FINAL))', 0, 1, 'COUNTER' );
insert into Measurementcolumn ( MTABLEID, DATANAME, COLNUMBER, DATATYPE, DATASIZE, DATASCALE, UNIQUEVALUE, NULLABLE, INDEXES, DESCRIPTION, DATAID, RELEASEID, UNIQUEKEY, INCLUDESQL, COLTYPE ) values ( 'DC_E_CUDB:((3)):DC_E_CUDB_CUGBSG:RAW', 'NE_ID', 2, 'varchar', 35, 0, 255, 0, 'HG', 'Network Element Id', 'NEID', 'DC_E_CUDB:((FINAL))', 1, 1, 'KEY' );
insert into Measurementcolumn ( MTABLEID, DATANAME, COLNUMBER, DATATYPE, DATASIZE, DATASCALE, UNIQUEVALUE, NULLABLE, INDEXES, DESCRIPTION, DATAID, RELEASEID, UNIQUEKEY, INCLUDESQL, COLTYPE ) values ( 'DC_E_CUDB:((3)):DC_E_CUDB_CUGBSG:RAW', 'OSS_ID', 1, 'varchar', 50, 0, 255, 0, 'HG', 'OSS Id', 'OSS_ID', 'DC_E_CUDB:((FINAL))', 1, 1, 'KEY' );
insert into Measurementcolumn ( MTABLEID, DATANAME, COLNUMBER, DATATYPE, DATASIZE, DATASCALE, UNIQUEVALUE, NULLABLE, INDEXES, DESCRIPTION, DATAID, RELEASEID, UNIQUEKEY, INCLUDESQL, COLTYPE ) values ( 'DC_E_CUDB:((3)):DC_E_CUDB_CUGBSG:RAW', 'PERIOD_DURATION', 61, 'unsigned int', 0, 0, 10, 1, '', '', 'PERIOD_DURATION', 'BASE_TP_090421', 0, 1, null );
insert into Measurementcolumn ( MTABLEID, DATANAME, COLNUMBER, DATATYPE, DATASIZE, DATASCALE, UNIQUEVALUE, NULLABLE, INDEXES, DESCRIPTION, DATAID, RELEASEID, UNIQUEKEY, INCLUDESQL, COLTYPE ) values ( 'DC_E_CUDB:((3)):DC_E_CUDB_CUGBSG:RAW', 'ROWSTATUS', 62, 'varchar', 16, 0, 10, 1, '', '', 'ROWSTATUS', 'BASE_TP_090421', 0, 1, null );
insert into Measurementcolumn ( MTABLEID, DATANAME, COLNUMBER, DATATYPE, DATASIZE, DATASCALE, UNIQUEVALUE, NULLABLE, INDEXES, DESCRIPTION, DATAID, RELEASEID, UNIQUEKEY, INCLUDESQL, COLTYPE ) values ( 'DC_E_CUDB:((3)):DC_E_CUDB_CUGBSG:RAW', 'SESSION_ID', 59, 'unsigned int', 0, 0, 255, 1, '', '', 'SESSION_ID', 'BASE_TP_090421', 0, 0, null );
insert into Measurementcolumn ( MTABLEID, DATANAME, COLNUMBER, DATATYPE, DATASIZE, DATASCALE, UNIQUEVALUE, NULLABLE, INDEXES, DESCRIPTION, DATAID, RELEASEID, UNIQUEKEY, INCLUDESQL, COLTYPE ) values ( 'DC_E_CUDB:((3)):DC_E_CUDB_CUGBSG:RAW', 'TIMELEVEL', 58, 'varchar', 10, 0, 10, 1, 'LF', '', 'TIMELEVEL', 'BASE_TP_090421', 0, 0, null );
insert into Measurementcolumn ( MTABLEID, DATANAME, COLNUMBER, DATATYPE, DATASIZE, DATASCALE, UNIQUEVALUE, NULLABLE, INDEXES, DESCRIPTION, DATAID, RELEASEID, UNIQUEKEY, INCLUDESQL, COLTYPE ) values ( 'DC_E_CUDB:((3)):DC_E_CUDB_CUGBSG:RAW', 'UTC_DATETIME_ID', 67, 'datetime', 0, 0, 255, 1, 'HG', '', 'UTC_DATETIME_ID', 'BASE_TP_090421', 1, 1, null );
insert into Measurementcolumn ( MTABLEID, DATANAME, COLNUMBER, DATATYPE, DATASIZE, DATASCALE, UNIQUEVALUE, NULLABLE, INDEXES, DESCRIPTION, DATAID, RELEASEID, UNIQUEKEY, INCLUDESQL, COLTYPE ) values ( 'DC_E_CUDB:((3)):DC_E_CUDB_CUGBSG:RAW', 'YEAR_ID', 52, 'smallint', 0, 0, 20, 1, 'LF', '', 'YEAR_ID', 'BASE_TP_090421', 0, 0, null );
insert into Measurementtable ( MTABLEID, TABLELEVEL, TYPEID, BASETABLENAME, DEFAULT_TEMPLATE, PARTITIONPLAN ) values ( 'DC_E_CUDB:((3)):DC_E_CUDB_CUGBSG:DAY', 'DAY', 'DC_E_CUDB:((3)):DC_E_CUDB_CUGBSG', 'DC_E_CUDB_CUGBSG_DAY', null, 'small_day' );
insert into Measurementcolumn ( MTABLEID, DATANAME, COLNUMBER, DATATYPE, DATASIZE, DATASCALE, UNIQUEVALUE, NULLABLE, INDEXES, DESCRIPTION, DATAID, RELEASEID, UNIQUEKEY, INCLUDESQL, COLTYPE ) values ( 'DC_E_CUDB:((3)):DC_E_CUDB_CUGBSG:DAY', 'AGG_COUNT', 57, 'smallint', 0, 0, 255, 1, '', '', 'AGG_COUNT', 'BASE_TP_090421', 0, 0, null );
insert into Measurementcolumn ( MTABLEID, DATANAME, COLNUMBER, DATATYPE, DATASIZE, DATASCALE, UNIQUEVALUE, NULLABLE, INDEXES, DESCRIPTION, DATAID, RELEASEID, UNIQUEKEY, INCLUDESQL, COLTYPE ) values ( 'DC_E_CUDB:((3)):DC_E_CUDB_CUGBSG:DAY', 'BATCH_ID', 60, 'smallint', 0, 0, 255, 1, '', '', 'BATCH_ID', 'BASE_TP_090421', 0, 0, null );
insert into Measurementcolumn ( MTABLEID, DATANAME, COLNUMBER, DATATYPE, DATASIZE, DATASCALE, UNIQUEVALUE, NULLABLE, INDEXES, DESCRIPTION, DATAID, RELEASEID, UNIQUEKEY, INCLUDESQL, COLTYPE ) values ( 'DC_E_CUDB:((3)):DC_E_CUDB_CUGBSG:DAY', 'DATACOVERAGE', 56, 'unsigned int', 0, 0, 255, 1, '', '', 'DATACOVERAGE', 'BASE_TP_090421', 0, 1, null );
insert into Measurementcolumn ( MTABLEID, DATANAME, COLNUMBER, DATATYPE, DATASIZE, DATASCALE, UNIQUEVALUE, NULLABLE, INDEXES, DESCRIPTION, DATAID, RELEASEID, UNIQUEKEY, INCLUDESQL, COLTYPE ) values ( 'DC_E_CUDB:((3)):DC_E_CUDB_CUGBSG:DAY', 'DATE_ID', 51, 'date', 0, 0, 255, 1, 'LF', '', 'DATE_ID', 'BASE_TP_090421', 1, 1, null );
insert into Measurementcolumn ( MTABLEID, DATANAME, COLNUMBER, DATATYPE, DATASIZE, DATASCALE, UNIQUEVALUE, NULLABLE, INDEXES, DESCRIPTION, DATAID, RELEASEID, UNIQUEKEY, INCLUDESQL, COLTYPE ) values ( 'DC_E_CUDB:((3)):DC_E_CUDB_CUGBSG:DAY', 'DAY_ID', 54, 'tinyint', 0, 0, 31, 1, 'LF', '', 'DAY_ID', 'BASE_TP_090421', 0, 0, null );
insert into Measurementcolumn ( MTABLEID, DATANAME, COLNUMBER, DATATYPE, DATASIZE, DATASCALE, UNIQUEVALUE, NULLABLE, INDEXES, DESCRIPTION, DATAID, RELEASEID, UNIQUEKEY, INCLUDESQL, COLTYPE ) values ( 'DC_E_CUDB:((3)):DC_E_CUDB_CUGBSG:DAY', 'DC_RELEASE', 63, 'varchar', 16, 0, 2, 1, 'LF', '', 'DC_RELEASE', 'BASE_TP_090421', 1, 1, null );
insert into Measurementcolumn ( MTABLEID, DATANAME, COLNUMBER, DATATYPE, DATASIZE, DATASCALE, UNIQUEVALUE, NULLABLE, INDEXES, DESCRIPTION, DATAID, RELEASEID, UNIQUEKEY, INCLUDESQL, COLTYPE ) values ( 'DC_E_CUDB:((3)):DC_E_CUDB_CUGBSG:DAY', 'DC_SOURCE', 64, 'varchar', 16, 0, 2, 1, 'LF', '', 'DC_SOURCE', 'BASE_TP_090421', 0, 1, null );
insert into Measurementcolumn ( MTABLEID, DATANAME, COLNUMBER, DATATYPE, DATASIZE, DATASCALE, UNIQUEVALUE, NULLABLE, INDEXES, DESCRIPTION, DATAID, RELEASEID, UNIQUEKEY, INCLUDESQL, COLTYPE ) values ( 'DC_E_CUDB:((3)):DC_E_CUDB_CUGBSG:DAY', 'DC_SUSPECTFLAG', 66, 'int', 0, 0, 2, 1, 'LF', '', 'DC_SUSPECTFLAG', 'BASE_TP_090421', 0, 1, null );
insert into Measurementcolumn ( MTABLEID, DATANAME, COLNUMBER, DATATYPE, DATASIZE, DATASCALE, UNIQUEVALUE, NULLABLE, INDEXES, DESCRIPTION, DATAID, RELEASEID, UNIQUEKEY, INCLUDESQL, COLTYPE ) values ( 'DC_E_CUDB:((3)):DC_E_CUDB_CUGBSG:DAY', 'DC_TIMEZONE', 65, 'varchar', 16, 0, 2, 1, 'LF', '', 'DC_TIMEZONE', 'BASE_TP_090421', 0, 1, null );
insert into Measurementcolumn ( MTABLEID, DATANAME, COLNUMBER, DATATYPE, DATASIZE, DATASCALE, UNIQUEVALUE, NULLABLE, INDEXES, DESCRIPTION, DATAID, RELEASEID, UNIQUEKEY, INCLUDESQL, COLTYPE ) values ( 'DC_E_CUDB:((3)):DC_E_CUDB_CUGBSG:DAY', 'MONTH_ID', 53, 'tinyint', 0, 0, 12, 1, 'LF', '', 'MONTH_ID', 'BASE_TP_090421', 0, 0, null );
insert into Measurementcolumn ( MTABLEID, DATANAME, COLNUMBER, DATATYPE, DATASIZE, DATASCALE, UNIQUEVALUE, NULLABLE, INDEXES, DESCRIPTION, DATAID, RELEASEID, UNIQUEKEY, INCLUDESQL, COLTYPE ) values ( 'DC_E_CUDB:((3)):DC_E_CUDB_CUGBSG:DAY', 'NCUGBSGBS20', 104, 'numeric', 18, 8, 255, 1, '', 'Number of mobile subscribers registered in CUDB due to HLR application with the CUG SS active for BSG All Data  Circuit Asynchronous', 'NCUGBSGBS20.actual', 'DC_E_CUDB:((FINAL))', 0, 1, 'COUNTER' );
insert into Measurementcolumn ( MTABLEID, DATANAME, COLNUMBER, DATATYPE, DATASIZE, DATASCALE, UNIQUEVALUE, NULLABLE, INDEXES, DESCRIPTION, DATAID, RELEASEID, UNIQUEKEY, INCLUDESQL, COLTYPE ) values ( 'DC_E_CUDB:((3)):DC_E_CUDB_CUGBSG:DAY', 'NCUGBSGBS30', 105, 'numeric', 18, 8, 255, 1, '', 'Number of mobile subscribers registered in CUDB due to HLR application with the CUG SS active for BSG All Data  Circuit Synchronous', 'NCUGBSGBS30.actual', 'DC_E_CUDB:((FINAL))', 0, 1, 'COUNTER' );
insert into Measurementcolumn ( MTABLEID, DATANAME, COLNUMBER, DATATYPE, DATASIZE, DATASCALE, UNIQUEVALUE, NULLABLE, INDEXES, DESCRIPTION, DATAID, RELEASEID, UNIQUEKEY, INCLUDESQL, COLTYPE ) values ( 'DC_E_CUDB:((3)):DC_E_CUDB_CUGBSG:DAY', 'NCUGBSGTS10', 101, 'numeric', 18, 8, 255, 1, '', 'Number of mobile subscribers registered in CUDB due to HLR application with the CUG SS active for BSG Speech', 'NCUGBSGTS10.actual', 'DC_E_CUDB:((FINAL))', 0, 1, 'COUNTER' );
insert into Measurementcolumn ( MTABLEID, DATANAME, COLNUMBER, DATATYPE, DATASIZE, DATASCALE, UNIQUEVALUE, NULLABLE, INDEXES, DESCRIPTION, DATAID, RELEASEID, UNIQUEKEY, INCLUDESQL, COLTYPE ) values ( 'DC_E_CUDB:((3)):DC_E_CUDB_CUGBSG:DAY', 'NCUGBSGTS60', 102, 'numeric', 18, 8, 255, 1, '', 'Number of mobile subscribers registered in CUDB due to HLR application with the CUG SS active for BSG Facsimil', 'NCUGBSGTS60.actual', 'DC_E_CUDB:((FINAL))', 0, 1, 'COUNTER' );
insert into Measurementcolumn ( MTABLEID, DATANAME, COLNUMBER, DATATYPE, DATASIZE, DATASCALE, UNIQUEVALUE, NULLABLE, INDEXES, DESCRIPTION, DATAID, RELEASEID, UNIQUEKEY, INCLUDESQL, COLTYPE ) values ( 'DC_E_CUDB:((3)):DC_E_CUDB_CUGBSG:DAY', 'NCUGBSGTSD0', 103, 'numeric', 18, 8, 255, 1, '', 'Number of mobile subscribers registered in CUDB due to HLR application with the CUG SS active for BSG Auxiliary  Speech', 'NCUGBSGTSD0.actual', 'DC_E_CUDB:((FINAL))', 0, 1, 'COUNTER' );
insert into Measurementcolumn ( MTABLEID, DATANAME, COLNUMBER, DATATYPE, DATASIZE, DATASCALE, UNIQUEVALUE, NULLABLE, INDEXES, DESCRIPTION, DATAID, RELEASEID, UNIQUEKEY, INCLUDESQL, COLTYPE ) values ( 'DC_E_CUDB:((3)):DC_E_CUDB_CUGBSG:DAY', 'NE_ID', 2, 'varchar', 35, 0, 255, 0, 'HG', 'Network Element Id', 'NEID', 'DC_E_CUDB:((FINAL))', 1, 1, 'KEY' );
insert into Measurementcolumn ( MTABLEID, DATANAME, COLNUMBER, DATATYPE, DATASIZE, DATASCALE, UNIQUEVALUE, NULLABLE, INDEXES, DESCRIPTION, DATAID, RELEASEID, UNIQUEKEY, INCLUDESQL, COLTYPE ) values ( 'DC_E_CUDB:((3)):DC_E_CUDB_CUGBSG:DAY', 'OSS_ID', 1, 'varchar', 50, 0, 255, 0, 'HG', 'OSS Id', 'OSS_ID', 'DC_E_CUDB:((FINAL))', 1, 1, 'KEY' );
insert into Measurementcolumn ( MTABLEID, DATANAME, COLNUMBER, DATATYPE, DATASIZE, DATASCALE, UNIQUEVALUE, NULLABLE, INDEXES, DESCRIPTION, DATAID, RELEASEID, UNIQUEKEY, INCLUDESQL, COLTYPE ) values ( 'DC_E_CUDB:((3)):DC_E_CUDB_CUGBSG:DAY', 'PERIOD_DURATION', 61, 'unsigned int', 0, 0, 10, 1, '', '', 'PERIOD_DURATION', 'BASE_TP_090421', 0, 1, null );
insert into Measurementcolumn ( MTABLEID, DATANAME, COLNUMBER, DATATYPE, DATASIZE, DATASCALE, UNIQUEVALUE, NULLABLE, INDEXES, DESCRIPTION, DATAID, RELEASEID, UNIQUEKEY, INCLUDESQL, COLTYPE ) values ( 'DC_E_CUDB:((3)):DC_E_CUDB_CUGBSG:DAY', 'ROWSTATUS', 62, 'varchar', 16, 0, 10, 1, '', '', 'ROWSTATUS', 'BASE_TP_090421', 0, 1, null );
insert into Measurementcolumn ( MTABLEID, DATANAME, COLNUMBER, DATATYPE, DATASIZE, DATASCALE, UNIQUEVALUE, NULLABLE, INDEXES, DESCRIPTION, DATAID, RELEASEID, UNIQUEKEY, INCLUDESQL, COLTYPE ) values ( 'DC_E_CUDB:((3)):DC_E_CUDB_CUGBSG:DAY', 'SESSION_ID', 59, 'unsigned int', 0, 0, 255, 1, '', '', 'SESSION_ID', 'BASE_TP_090421', 0, 0, null );
insert into Measurementcolumn ( MTABLEID, DATANAME, COLNUMBER, DATATYPE, DATASIZE, DATASCALE, UNIQUEVALUE, NULLABLE, INDEXES, DESCRIPTION, DATAID, RELEASEID, UNIQUEKEY, INCLUDESQL, COLTYPE ) values ( 'DC_E_CUDB:((3)):DC_E_CUDB_CUGBSG:DAY', 'TIMELEVEL', 58, 'varchar', 10, 0, 10, 1, 'LF', '', 'TIMELEVEL', 'BASE_TP_090421', 0, 0, null );
insert into Measurementcolumn ( MTABLEID, DATANAME, COLNUMBER, DATATYPE, DATASIZE, DATASCALE, UNIQUEVALUE, NULLABLE, INDEXES, DESCRIPTION, DATAID, RELEASEID, UNIQUEKEY, INCLUDESQL, COLTYPE ) values ( 'DC_E_CUDB:((3)):DC_E_CUDB_CUGBSG:DAY', 'WEEK_ID', 55, 'tinyint', 0, 0, 53, 1, 'LF', '', 'WEEK_ID', 'BASE_TP_090421', 0, 0, null );
insert into Measurementcolumn ( MTABLEID, DATANAME, COLNUMBER, DATATYPE, DATASIZE, DATASCALE, UNIQUEVALUE, NULLABLE, INDEXES, DESCRIPTION, DATAID, RELEASEID, UNIQUEKEY, INCLUDESQL, COLTYPE ) values ( 'DC_E_CUDB:((3)):DC_E_CUDB_CUGBSG:DAY', 'YEAR_ID', 52, 'smallint', 0, 0, 20, 1, 'LF', '', 'YEAR_ID', 'BASE_TP_090421', 0, 0, null );
insert into Measurementtype ( TYPEID, TYPECLASSID, TYPENAME, VENDORID, FOLDERNAME, DESCRIPTION, STATUS, VERSIONID, OBJECTID, OBJECTNAME, OBJECTVERSION, OBJECTTYPE, JOINABLE, SIZING, TOTALAGG, ELEMENTBHSUPPORT, RANKINGTABLE, DELTACALCSUPPORT, PLAINTABLE, UNIVERSEEXTENSION, VECTORSUPPORT, DATAFORMATSUPPORT ) values ( 'DC_E_CUDB:((3)):DC_E_CUDB_FACSIM', 'DC_E_CUDB:((3)):DC_E_CUDB_HLR', 'DC_E_CUDB_FACSIM', 'DC_E_CUDB', 'DC_E_CUDB_FACSIM', 'HLR application subscriber counters', null, 'DC_E_CUDB:((3))', 'DC_E_CUDB:((3)):DC_E_CUDB_FACSIM', 'DC_E_CUDB_FACSIM', null, null, '', 'small', 1, 0, 0, 0, 0, 'ALL', 0, 1 );
insert into Measurementkey ( TYPEID, DATANAME, DESCRIPTION, ISELEMENT, UNIQUEKEY, COLNUMBER, DATATYPE, DATASIZE, DATASCALE, UNIQUEVALUE, NULLABLE, INDEXES, INCLUDESQL, UNIVOBJECT, JOINABLE, DATAID ) values ( 'DC_E_CUDB:((3)):DC_E_CUDB_FACSIM', 'NE_ID', 'Network Element Id', 1, 1, 2, 'varchar', 35, 0, 255, 0, 'HG', 1, 'NE_ID', null, 'NEID' );
insert into Measurementkey ( TYPEID, DATANAME, DESCRIPTION, ISELEMENT, UNIQUEKEY, COLNUMBER, DATATYPE, DATASIZE, DATASCALE, UNIQUEVALUE, NULLABLE, INDEXES, INCLUDESQL, UNIVOBJECT, JOINABLE, DATAID ) values ( 'DC_E_CUDB:((3)):DC_E_CUDB_FACSIM', 'OSS_ID', 'OSS Id', 0, 1, 1, 'varchar', 50, 0, 255, 0, 'HG', 1, 'OSS_ID', null, 'OSS_ID' );
insert into Measurementcounter ( TYPEID, DATANAME, DESCRIPTION, TIMEAGGREGATION, GROUPAGGREGATION, COUNTAGGREGATION, COLNUMBER, DATATYPE, DATASIZE, DATASCALE, INCLUDESQL, UNIVOBJECT, UNIVCLASS, COUNTERTYPE, COUNTERPROCESS, DATAID ) values ( 'DC_E_CUDB:((3)):DC_E_CUDB_FACSIM', 'NFACSIMBAIC', 'Number of mobile subscribers registered in CUDB due to HLR 					application with the BAIC SS active for BSG Facsimile', 'AVG', 'AVG', 'GAUGE', 108, 'numeric', 18, 8, 1, 'NFACSIMBAIC', null, 'GAUGE', 'GAUGE', 'NFACSIMBAIC.actual' );
insert into Measurementcounter ( TYPEID, DATANAME, DESCRIPTION, TIMEAGGREGATION, GROUPAGGREGATION, COUNTAGGREGATION, COLNUMBER, DATATYPE, DATASIZE, DATASCALE, INCLUDESQL, UNIVOBJECT, UNIVCLASS, COUNTERTYPE, COUNTERPROCESS, DATAID ) values ( 'DC_E_CUDB:((3)):DC_E_CUDB_FACSIM', 'NFACSIMBAOC', 'Number of mobile subscribers registered in CUDB due to HLR 					application with the BAOC SS active for BSG Facsimile', 'AVG', 'AVG', 'GAUGE', 105, 'numeric', 18, 8, 1, 'NFACSIMBAOC', null, 'GAUGE', 'GAUGE', 'NFACSIMBAOC.actual' );
insert into Measurementcounter ( TYPEID, DATANAME, DESCRIPTION, TIMEAGGREGATION, GROUPAGGREGATION, COUNTAGGREGATION, COLNUMBER, DATATYPE, DATASIZE, DATASCALE, INCLUDESQL, UNIVOBJECT, UNIVCLASS, COUNTERTYPE, COUNTERPROCESS, DATAID ) values ( 'DC_E_CUDB:((3)):DC_E_CUDB_FACSIM', 'NFACSIMBICRO', 'Number of mobile subscribers registered in CUDB due to HLR 					application with the BICRO SS active for BSG Facsimile', 'AVG', 'AVG', 'GAUGE', 109, 'numeric', 18, 8, 1, 'NFACSIMBICRO', null, 'GAUGE', 'GAUGE', 'NFACSIMBICRO.actual' );
insert into Measurementcounter ( TYPEID, DATANAME, DESCRIPTION, TIMEAGGREGATION, GROUPAGGREGATION, COUNTAGGREGATION, COLNUMBER, DATATYPE, DATASIZE, DATASCALE, INCLUDESQL, UNIVOBJECT, UNIVCLASS, COUNTERTYPE, COUNTERPROCESS, DATAID ) values ( 'DC_E_CUDB:((3)):DC_E_CUDB_FACSIM', 'NFACSIMBOIC', 'Number of mobile subscribers registered in CUDB due to HLR 					application with the BOIC SS active for BSG Facsimile', 'AVG', 'AVG', 'GAUGE', 106, 'numeric', 18, 8, 1, 'NFACSIMBOIC', null, 'GAUGE', 'GAUGE', 'NFACSIMBOIC.actual' );
insert into Measurementcounter ( TYPEID, DATANAME, DESCRIPTION, TIMEAGGREGATION, GROUPAGGREGATION, COUNTAGGREGATION, COLNUMBER, DATATYPE, DATASIZE, DATASCALE, INCLUDESQL, UNIVOBJECT, UNIVCLASS, COUNTERTYPE, COUNTERPROCESS, DATAID ) values ( 'DC_E_CUDB:((3)):DC_E_CUDB_FACSIM', 'NFACSIMBOIEXH', 'Number of mobile subscribers registered in CUDB due to HLR 					application with the BOIEXH SS active for BSG Facsimile', 'AVG', 'AVG', 'GAUGE', 107, 'numeric', 18, 8, 1, 'NFACSIMBOIEXH', null, 'GAUGE', 'GAUGE', 'NFACSIMBOIEXH.actual' );
insert into Measurementcounter ( TYPEID, DATANAME, DESCRIPTION, TIMEAGGREGATION, GROUPAGGREGATION, COUNTAGGREGATION, COLNUMBER, DATATYPE, DATASIZE, DATASCALE, INCLUDESQL, UNIVOBJECT, UNIVCLASS, COUNTERTYPE, COUNTERPROCESS, DATAID ) values ( 'DC_E_CUDB:((3)):DC_E_CUDB_FACSIM', 'NFACSIMCAW', 'Number of mobile subscribers registered in CUDB due to HLR 					application with the CAW SS active for BSG Facsimile', 'AVG', 'AVG', 'GAUGE', 110, 'numeric', 18, 8, 1, 'NFACSIMCAW', null, 'GAUGE', 'GAUGE', 'NFACSIMCAW.actual' );
insert into Measurementcounter ( TYPEID, DATANAME, DESCRIPTION, TIMEAGGREGATION, GROUPAGGREGATION, COUNTAGGREGATION, COLNUMBER, DATATYPE, DATASIZE, DATASCALE, INCLUDESQL, UNIVOBJECT, UNIVCLASS, COUNTERTYPE, COUNTERPROCESS, DATAID ) values ( 'DC_E_CUDB:((3)):DC_E_CUDB_FACSIM', 'NFACSIMCFB', 'Number of mobile subscribers registered in CUDB due to HLR 					application with the CFB SS active for BSG Facsimile', 'AVG', 'AVG', 'GAUGE', 102, 'numeric', 18, 8, 1, 'NFACSIMCFB', null, 'GAUGE', 'GAUGE', 'NFACSIMCFB.actual' );
insert into Measurementcounter ( TYPEID, DATANAME, DESCRIPTION, TIMEAGGREGATION, GROUPAGGREGATION, COUNTAGGREGATION, COLNUMBER, DATATYPE, DATASIZE, DATASCALE, INCLUDESQL, UNIVOBJECT, UNIVCLASS, COUNTERTYPE, COUNTERPROCESS, DATAID ) values ( 'DC_E_CUDB:((3)):DC_E_CUDB_FACSIM', 'NFACSIMCFNRC', 'Number of mobile subscribers registered in CUDB due to HLR 					application with the CFNRC SS active for BSG Facsimile', 'AVG', 'AVG', 'GAUGE', 104, 'numeric', 18, 8, 1, 'NFACSIMCFNRC', null, 'GAUGE', 'GAUGE', 'NFACSIMCFNRC.actual' );
insert into Measurementcounter ( TYPEID, DATANAME, DESCRIPTION, TIMEAGGREGATION, GROUPAGGREGATION, COUNTAGGREGATION, COLNUMBER, DATATYPE, DATASIZE, DATASCALE, INCLUDESQL, UNIVOBJECT, UNIVCLASS, COUNTERTYPE, COUNTERPROCESS, DATAID ) values ( 'DC_E_CUDB:((3)):DC_E_CUDB_FACSIM', 'NFACSIMCFNRY', 'Number of mobile subscribers registered in CUDB due to HLR 					application with the CFNRY SS active for BSG Facsimile', 'AVG', 'AVG', 'GAUGE', 103, 'numeric', 18, 8, 1, 'NFACSIMCFNRY', null, 'GAUGE', 'GAUGE', 'NFACSIMCFNRY.actual' );
insert into Measurementcounter ( TYPEID, DATANAME, DESCRIPTION, TIMEAGGREGATION, GROUPAGGREGATION, COUNTAGGREGATION, COLNUMBER, DATATYPE, DATASIZE, DATASCALE, INCLUDESQL, UNIVOBJECT, UNIVCLASS, COUNTERTYPE, COUNTERPROCESS, DATAID ) values ( 'DC_E_CUDB:((3)):DC_E_CUDB_FACSIM', 'NFACSIMCFU', 'Number of mobile subscribers registered in CUDB due to HLR 					application with the CFU SS active for BSG Facsimile', 'AVG', 'AVG', 'GAUGE', 101, 'numeric', 18, 8, 1, 'NFACSIMCFU', null, 'GAUGE', 'GAUGE', 'NFACSIMCFU.actual' );
insert into Measurementcounter ( TYPEID, DATANAME, DESCRIPTION, TIMEAGGREGATION, GROUPAGGREGATION, COUNTAGGREGATION, COLNUMBER, DATATYPE, DATASIZE, DATASCALE, INCLUDESQL, UNIVOBJECT, UNIVCLASS, COUNTERTYPE, COUNTERPROCESS, DATAID ) values ( 'DC_E_CUDB:((3)):DC_E_CUDB_FACSIM', 'NFACSIMDCF', 'Number of mobile subscribers registered in CUDB due to HLR 					application with the DCF SS active for BSG Facsimile', 'AVG', 'AVG', 'GAUGE', 111, 'numeric', 18, 8, 1, 'NFACSIMDCF', null, 'GAUGE', 'GAUGE', 'NFACSIMDCF.actual' );
insert into Measurementtable ( MTABLEID, TABLELEVEL, TYPEID, BASETABLENAME, DEFAULT_TEMPLATE, PARTITIONPLAN ) values ( 'DC_E_CUDB:((3)):DC_E_CUDB_FACSIM:DAY', 'DAY', 'DC_E_CUDB:((3)):DC_E_CUDB_FACSIM', 'DC_E_CUDB_FACSIM_DAY', null, 'small_day' );
insert into Measurementcolumn ( MTABLEID, DATANAME, COLNUMBER, DATATYPE, DATASIZE, DATASCALE, UNIQUEVALUE, NULLABLE, INDEXES, DESCRIPTION, DATAID, RELEASEID, UNIQUEKEY, INCLUDESQL, COLTYPE ) values ( 'DC_E_CUDB:((3)):DC_E_CUDB_FACSIM:DAY', 'AGG_COUNT', 57, 'smallint', 0, 0, 255, 1, '', '', 'AGG_COUNT', 'BASE_TP_090421', 0, 0, null );
insert into Measurementcolumn ( MTABLEID, DATANAME, COLNUMBER, DATATYPE, DATASIZE, DATASCALE, UNIQUEVALUE, NULLABLE, INDEXES, DESCRIPTION, DATAID, RELEASEID, UNIQUEKEY, INCLUDESQL, COLTYPE ) values ( 'DC_E_CUDB:((3)):DC_E_CUDB_FACSIM:DAY', 'BATCH_ID', 60, 'smallint', 0, 0, 255, 1, '', '', 'BATCH_ID', 'BASE_TP_090421', 0, 0, null );
insert into Measurementcolumn ( MTABLEID, DATANAME, COLNUMBER, DATATYPE, DATASIZE, DATASCALE, UNIQUEVALUE, NULLABLE, INDEXES, DESCRIPTION, DATAID, RELEASEID, UNIQUEKEY, INCLUDESQL, COLTYPE ) values ( 'DC_E_CUDB:((3)):DC_E_CUDB_FACSIM:DAY', 'DATACOVERAGE', 56, 'unsigned int', 0, 0, 255, 1, '', '', 'DATACOVERAGE', 'BASE_TP_090421', 0, 1, null );
insert into Measurementcolumn ( MTABLEID, DATANAME, COLNUMBER, DATATYPE, DATASIZE, DATASCALE, UNIQUEVALUE, NULLABLE, INDEXES, DESCRIPTION, DATAID, RELEASEID, UNIQUEKEY, INCLUDESQL, COLTYPE ) values ( 'DC_E_CUDB:((3)):DC_E_CUDB_FACSIM:DAY', 'DATE_ID', 51, 'date', 0, 0, 255, 1, 'LF', '', 'DATE_ID', 'BASE_TP_090421', 1, 1, null );
insert into Measurementcolumn ( MTABLEID, DATANAME, COLNUMBER, DATATYPE, DATASIZE, DATASCALE, UNIQUEVALUE, NULLABLE, INDEXES, DESCRIPTION, DATAID, RELEASEID, UNIQUEKEY, INCLUDESQL, COLTYPE ) values ( 'DC_E_CUDB:((3)):DC_E_CUDB_FACSIM:DAY', 'DAY_ID', 54, 'tinyint', 0, 0, 31, 1, 'LF', '', 'DAY_ID', 'BASE_TP_090421', 0, 0, null );
insert into Measurementcolumn ( MTABLEID, DATANAME, COLNUMBER, DATATYPE, DATASIZE, DATASCALE, UNIQUEVALUE, NULLABLE, INDEXES, DESCRIPTION, DATAID, RELEASEID, UNIQUEKEY, INCLUDESQL, COLTYPE ) values ( 'DC_E_CUDB:((3)):DC_E_CUDB_FACSIM:DAY', 'DC_RELEASE', 63, 'varchar', 16, 0, 2, 1, 'LF', '', 'DC_RELEASE', 'BASE_TP_090421', 1, 1, null );
insert into Measurementcolumn ( MTABLEID, DATANAME, COLNUMBER, DATATYPE, DATASIZE, DATASCALE, UNIQUEVALUE, NULLABLE, INDEXES, DESCRIPTION, DATAID, RELEASEID, UNIQUEKEY, INCLUDESQL, COLTYPE ) values ( 'DC_E_CUDB:((3)):DC_E_CUDB_FACSIM:DAY', 'DC_SOURCE', 64, 'varchar', 16, 0, 2, 1, 'LF', '', 'DC_SOURCE', 'BASE_TP_090421', 0, 1, null );
insert into Measurementcolumn ( MTABLEID, DATANAME, COLNUMBER, DATATYPE, DATASIZE, DATASCALE, UNIQUEVALUE, NULLABLE, INDEXES, DESCRIPTION, DATAID, RELEASEID, UNIQUEKEY, INCLUDESQL, COLTYPE ) values ( 'DC_E_CUDB:((3)):DC_E_CUDB_FACSIM:DAY', 'DC_SUSPECTFLAG', 66, 'int', 0, 0, 2, 1, 'LF', '', 'DC_SUSPECTFLAG', 'BASE_TP_090421', 0, 1, null );
insert into Measurementcolumn ( MTABLEID, DATANAME, COLNUMBER, DATATYPE, DATASIZE, DATASCALE, UNIQUEVALUE, NULLABLE, INDEXES, DESCRIPTION, DATAID, RELEASEID, UNIQUEKEY, INCLUDESQL, COLTYPE ) values ( 'DC_E_CUDB:((3)):DC_E_CUDB_FACSIM:DAY', 'DC_TIMEZONE', 65, 'varchar', 16, 0, 2, 1, 'LF', '', 'DC_TIMEZONE', 'BASE_TP_090421', 0, 1, null );
insert into Measurementcolumn ( MTABLEID, DATANAME, COLNUMBER, DATATYPE, DATASIZE, DATASCALE, UNIQUEVALUE, NULLABLE, INDEXES, DESCRIPTION, DATAID, RELEASEID, UNIQUEKEY, INCLUDESQL, COLTYPE ) values ( 'DC_E_CUDB:((3)):DC_E_CUDB_FACSIM:DAY', 'MONTH_ID', 53, 'tinyint', 0, 0, 12, 1, 'LF', '', 'MONTH_ID', 'BASE_TP_090421', 0, 0, null );
insert into Measurementcolumn ( MTABLEID, DATANAME, COLNUMBER, DATATYPE, DATASIZE, DATASCALE, UNIQUEVALUE, NULLABLE, INDEXES, DESCRIPTION, DATAID, RELEASEID, UNIQUEKEY, INCLUDESQL, COLTYPE ) values ( 'DC_E_CUDB:((3)):DC_E_CUDB_FACSIM:DAY', 'NE_ID', 2, 'varchar', 35, 0, 255, 0, 'HG', 'Network Element Id', 'NEID', 'DC_E_CUDB:((FINAL))', 1, 1, 'KEY' );
insert into Measurementcolumn ( MTABLEID, DATANAME, COLNUMBER, DATATYPE, DATASIZE, DATASCALE, UNIQUEVALUE, NULLABLE, INDEXES, DESCRIPTION, DATAID, RELEASEID, UNIQUEKEY, INCLUDESQL, COLTYPE ) values ( 'DC_E_CUDB:((3)):DC_E_CUDB_FACSIM:DAY', 'NFACSIMBAIC', 108, 'numeric', 18, 8, 255, 1, '', 'Number of mobile subscribers registered in CUDB due to HLR 					application with the BAIC SS active for BSG Facsimile', 'NFACSIMBAIC.actual', 'DC_E_CUDB:((FINAL))', 0, 1, 'COUNTER' );
insert into Measurementcolumn ( MTABLEID, DATANAME, COLNUMBER, DATATYPE, DATASIZE, DATASCALE, UNIQUEVALUE, NULLABLE, INDEXES, DESCRIPTION, DATAID, RELEASEID, UNIQUEKEY, INCLUDESQL, COLTYPE ) values ( 'DC_E_CUDB:((3)):DC_E_CUDB_FACSIM:DAY', 'NFACSIMBAOC', 105, 'numeric', 18, 8, 255, 1, '', 'Number of mobile subscribers registered in CUDB due to HLR 					application with the BAOC SS active for BSG Facsimile', 'NFACSIMBAOC.actual', 'DC_E_CUDB:((FINAL))', 0, 1, 'COUNTER' );
insert into Measurementcolumn ( MTABLEID, DATANAME, COLNUMBER, DATATYPE, DATASIZE, DATASCALE, UNIQUEVALUE, NULLABLE, INDEXES, DESCRIPTION, DATAID, RELEASEID, UNIQUEKEY, INCLUDESQL, COLTYPE ) values ( 'DC_E_CUDB:((3)):DC_E_CUDB_FACSIM:DAY', 'NFACSIMBICRO', 109, 'numeric', 18, 8, 255, 1, '', 'Number of mobile subscribers registered in CUDB due to HLR 					application with the BICRO SS active for BSG Facsimile', 'NFACSIMBICRO.actual', 'DC_E_CUDB:((FINAL))', 0, 1, 'COUNTER' );
insert into Measurementcolumn ( MTABLEID, DATANAME, COLNUMBER, DATATYPE, DATASIZE, DATASCALE, UNIQUEVALUE, NULLABLE, INDEXES, DESCRIPTION, DATAID, RELEASEID, UNIQUEKEY, INCLUDESQL, COLTYPE ) values ( 'DC_E_CUDB:((3)):DC_E_CUDB_FACSIM:DAY', 'NFACSIMBOIC', 106, 'numeric', 18, 8, 255, 1, '', 'Number of mobile subscribers registered in CUDB due to HLR 					application with the BOIC SS active for BSG Facsimile', 'NFACSIMBOIC.actual', 'DC_E_CUDB:((FINAL))', 0, 1, 'COUNTER' );
insert into Measurementcolumn ( MTABLEID, DATANAME, COLNUMBER, DATATYPE, DATASIZE, DATASCALE, UNIQUEVALUE, NULLABLE, INDEXES, DESCRIPTION, DATAID, RELEASEID, UNIQUEKEY, INCLUDESQL, COLTYPE ) values ( 'DC_E_CUDB:((3)):DC_E_CUDB_FACSIM:DAY', 'NFACSIMBOIEXH', 107, 'numeric', 18, 8, 255, 1, '', 'Number of mobile subscribers registered in CUDB due to HLR 					application with the BOIEXH SS active for BSG Facsimile', 'NFACSIMBOIEXH.actual', 'DC_E_CUDB:((FINAL))', 0, 1, 'COUNTER' );
insert into Measurementcolumn ( MTABLEID, DATANAME, COLNUMBER, DATATYPE, DATASIZE, DATASCALE, UNIQUEVALUE, NULLABLE, INDEXES, DESCRIPTION, DATAID, RELEASEID, UNIQUEKEY, INCLUDESQL, COLTYPE ) values ( 'DC_E_CUDB:((3)):DC_E_CUDB_FACSIM:DAY', 'NFACSIMCAW', 110, 'numeric', 18, 8, 255, 1, '', 'Number of mobile subscribers registered in CUDB due to HLR 					application with the CAW SS active for BSG Facsimile', 'NFACSIMCAW.actual', 'DC_E_CUDB:((FINAL))', 0, 1, 'COUNTER' );
insert into Measurementcolumn ( MTABLEID, DATANAME, COLNUMBER, DATATYPE, DATASIZE, DATASCALE, UNIQUEVALUE, NULLABLE, INDEXES, DESCRIPTION, DATAID, RELEASEID, UNIQUEKEY, INCLUDESQL, COLTYPE ) values ( 'DC_E_CUDB:((3)):DC_E_CUDB_FACSIM:DAY', 'NFACSIMCFB', 102, 'numeric', 18, 8, 255, 1, '', 'Number of mobile subscribers registered in CUDB due to HLR 					application with the CFB SS active for BSG Facsimile', 'NFACSIMCFB.actual', 'DC_E_CUDB:((FINAL))', 0, 1, 'COUNTER' );
insert into Measurementcolumn ( MTABLEID, DATANAME, COLNUMBER, DATATYPE, DATASIZE, DATASCALE, UNIQUEVALUE, NULLABLE, INDEXES, DESCRIPTION, DATAID, RELEASEID, UNIQUEKEY, INCLUDESQL, COLTYPE ) values ( 'DC_E_CUDB:((3)):DC_E_CUDB_FACSIM:DAY', 'NFACSIMCFNRC', 104, 'numeric', 18, 8, 255, 1, '', 'Number of mobile subscribers registered in CUDB due to HLR 					application with the CFNRC SS active for BSG Facsimile', 'NFACSIMCFNRC.actual', 'DC_E_CUDB:((FINAL))', 0, 1, 'COUNTER' );
insert into Measurementcolumn ( MTABLEID, DATANAME, COLNUMBER, DATATYPE, DATASIZE, DATASCALE, UNIQUEVALUE, NULLABLE, INDEXES, DESCRIPTION, DATAID, RELEASEID, UNIQUEKEY, INCLUDESQL, COLTYPE ) values ( 'DC_E_CUDB:((3)):DC_E_CUDB_FACSIM:DAY', 'NFACSIMCFNRY', 103, 'numeric', 18, 8, 255, 1, '', 'Number of mobile subscribers registered in CUDB due to HLR 					application with the CFNRY SS active for BSG Facsimile', 'NFACSIMCFNRY.actual', 'DC_E_CUDB:((FINAL))', 0, 1, 'COUNTER' );
insert into Measurementcolumn ( MTABLEID, DATANAME, COLNUMBER, DATATYPE, DATASIZE, DATASCALE, UNIQUEVALUE, NULLABLE, INDEXES, DESCRIPTION, DATAID, RELEASEID, UNIQUEKEY, INCLUDESQL, COLTYPE ) values ( 'DC_E_CUDB:((3)):DC_E_CUDB_FACSIM:DAY', 'NFACSIMCFU', 101, 'numeric', 18, 8, 255, 1, '', 'Number of mobile subscribers registered in CUDB due to HLR 					application with the CFU SS active for BSG Facsimile', 'NFACSIMCFU.actual', 'DC_E_CUDB:((FINAL))', 0, 1, 'COUNTER' );
insert into Measurementcolumn ( MTABLEID, DATANAME, COLNUMBER, DATATYPE, DATASIZE, DATASCALE, UNIQUEVALUE, NULLABLE, INDEXES, DESCRIPTION, DATAID, RELEASEID, UNIQUEKEY, INCLUDESQL, COLTYPE ) values ( 'DC_E_CUDB:((3)):DC_E_CUDB_FACSIM:DAY', 'NFACSIMDCF', 111, 'numeric', 18, 8, 255, 1, '', 'Number of mobile subscribers registered in CUDB due to HLR 					application with the DCF SS active for BSG Facsimile', 'NFACSIMDCF.actual', 'DC_E_CUDB:((FINAL))', 0, 1, 'COUNTER' );
insert into Measurementcolumn ( MTABLEID, DATANAME, COLNUMBER, DATATYPE, DATASIZE, DATASCALE, UNIQUEVALUE, NULLABLE, INDEXES, DESCRIPTION, DATAID, RELEASEID, UNIQUEKEY, INCLUDESQL, COLTYPE ) values ( 'DC_E_CUDB:((3)):DC_E_CUDB_FACSIM:DAY', 'OSS_ID', 1, 'varchar', 50, 0, 255, 0, 'HG', 'OSS Id', 'OSS_ID', 'DC_E_CUDB:((FINAL))', 1, 1, 'KEY' );
insert into Measurementcolumn ( MTABLEID, DATANAME, COLNUMBER, DATATYPE, DATASIZE, DATASCALE, UNIQUEVALUE, NULLABLE, INDEXES, DESCRIPTION, DATAID, RELEASEID, UNIQUEKEY, INCLUDESQL, COLTYPE ) values ( 'DC_E_CUDB:((3)):DC_E_CUDB_FACSIM:DAY', 'PERIOD_DURATION', 61, 'unsigned int', 0, 0, 10, 1, '', '', 'PERIOD_DURATION', 'BASE_TP_090421', 0, 1, null );
insert into Measurementcolumn ( MTABLEID, DATANAME, COLNUMBER, DATATYPE, DATASIZE, DATASCALE, UNIQUEVALUE, NULLABLE, INDEXES, DESCRIPTION, DATAID, RELEASEID, UNIQUEKEY, INCLUDESQL, COLTYPE ) values ( 'DC_E_CUDB:((3)):DC_E_CUDB_FACSIM:DAY', 'ROWSTATUS', 62, 'varchar', 16, 0, 10, 1, '', '', 'ROWSTATUS', 'BASE_TP_090421', 0, 1, null );
insert into Measurementcolumn ( MTABLEID, DATANAME, COLNUMBER, DATATYPE, DATASIZE, DATASCALE, UNIQUEVALUE, NULLABLE, INDEXES, DESCRIPTION, DATAID, RELEASEID, UNIQUEKEY, INCLUDESQL, COLTYPE ) values ( 'DC_E_CUDB:((3)):DC_E_CUDB_FACSIM:DAY', 'SESSION_ID', 59, 'unsigned int', 0, 0, 255, 1, '', '', 'SESSION_ID', 'BASE_TP_090421', 0, 0, null );
insert into Measurementcolumn ( MTABLEID, DATANAME, COLNUMBER, DATATYPE, DATASIZE, DATASCALE, UNIQUEVALUE, NULLABLE, INDEXES, DESCRIPTION, DATAID, RELEASEID, UNIQUEKEY, INCLUDESQL, COLTYPE ) values ( 'DC_E_CUDB:((3)):DC_E_CUDB_FACSIM:DAY', 'TIMELEVEL', 58, 'varchar', 10, 0, 10, 1, 'LF', '', 'TIMELEVEL', 'BASE_TP_090421', 0, 0, null );
insert into Measurementcolumn ( MTABLEID, DATANAME, COLNUMBER, DATATYPE, DATASIZE, DATASCALE, UNIQUEVALUE, NULLABLE, INDEXES, DESCRIPTION, DATAID, RELEASEID, UNIQUEKEY, INCLUDESQL, COLTYPE ) values ( 'DC_E_CUDB:((3)):DC_E_CUDB_FACSIM:DAY', 'WEEK_ID', 55, 'tinyint', 0, 0, 53, 1, 'LF', '', 'WEEK_ID', 'BASE_TP_090421', 0, 0, null );
insert into Measurementcolumn ( MTABLEID, DATANAME, COLNUMBER, DATATYPE, DATASIZE, DATASCALE, UNIQUEVALUE, NULLABLE, INDEXES, DESCRIPTION, DATAID, RELEASEID, UNIQUEKEY, INCLUDESQL, COLTYPE ) values ( 'DC_E_CUDB:((3)):DC_E_CUDB_FACSIM:DAY', 'YEAR_ID', 52, 'smallint', 0, 0, 20, 1, 'LF', '', 'YEAR_ID', 'BASE_TP_090421', 0, 0, null );
insert into Measurementtable ( MTABLEID, TABLELEVEL, TYPEID, BASETABLENAME, DEFAULT_TEMPLATE, PARTITIONPLAN ) values ( 'DC_E_CUDB:((3)):DC_E_CUDB_FACSIM:RAW', 'RAW', 'DC_E_CUDB:((3)):DC_E_CUDB_FACSIM', 'DC_E_CUDB_FACSIM_RAW', null, 'small_raw' );
insert into Measurementcolumn ( MTABLEID, DATANAME, COLNUMBER, DATATYPE, DATASIZE, DATASCALE, UNIQUEVALUE, NULLABLE, INDEXES, DESCRIPTION, DATAID, RELEASEID, UNIQUEKEY, INCLUDESQL, COLTYPE ) values ( 'DC_E_CUDB:((3)):DC_E_CUDB_FACSIM:RAW', 'BATCH_ID', 60, 'smallint', 0, 0, 255, 1, '', '', 'BATCH_ID', 'BASE_TP_090421', 0, 0, null );
insert into Measurementcolumn ( MTABLEID, DATANAME, COLNUMBER, DATATYPE, DATASIZE, DATASCALE, UNIQUEVALUE, NULLABLE, INDEXES, DESCRIPTION, DATAID, RELEASEID, UNIQUEKEY, INCLUDESQL, COLTYPE ) values ( 'DC_E_CUDB:((3)):DC_E_CUDB_FACSIM:RAW', 'DATE_ID', 51, 'date', 0, 0, 255, 1, 'LF', '', 'DATE_ID', 'BASE_TP_090421', 0, 0, null );
insert into Measurementcolumn ( MTABLEID, DATANAME, COLNUMBER, DATATYPE, DATASIZE, DATASCALE, UNIQUEVALUE, NULLABLE, INDEXES, DESCRIPTION, DATAID, RELEASEID, UNIQUEKEY, INCLUDESQL, COLTYPE ) values ( 'DC_E_CUDB:((3)):DC_E_CUDB_FACSIM:RAW', 'DATETIME_ID', 56, 'datetime', 0, 0, 255, 1, 'HG', '', 'DATETIME_ID', 'BASE_TP_090421', 1, 1, null );
insert into Measurementcolumn ( MTABLEID, DATANAME, COLNUMBER, DATATYPE, DATASIZE, DATASCALE, UNIQUEVALUE, NULLABLE, INDEXES, DESCRIPTION, DATAID, RELEASEID, UNIQUEKEY, INCLUDESQL, COLTYPE ) values ( 'DC_E_CUDB:((3)):DC_E_CUDB_FACSIM:RAW', 'DAY_ID', 54, 'tinyint', 0, 0, 31, 1, 'LF', '', 'DAY_ID', 'BASE_TP_090421', 0, 0, null );
insert into Measurementcolumn ( MTABLEID, DATANAME, COLNUMBER, DATATYPE, DATASIZE, DATASCALE, UNIQUEVALUE, NULLABLE, INDEXES, DESCRIPTION, DATAID, RELEASEID, UNIQUEKEY, INCLUDESQL, COLTYPE ) values ( 'DC_E_CUDB:((3)):DC_E_CUDB_FACSIM:RAW', 'DC_RELEASE', 63, 'varchar', 16, 0, 2, 1, 'LF', '', 'DC_RELEASE', 'BASE_TP_090421', 0, 1, null );
insert into Measurementcolumn ( MTABLEID, DATANAME, COLNUMBER, DATATYPE, DATASIZE, DATASCALE, UNIQUEVALUE, NULLABLE, INDEXES, DESCRIPTION, DATAID, RELEASEID, UNIQUEKEY, INCLUDESQL, COLTYPE ) values ( 'DC_E_CUDB:((3)):DC_E_CUDB_FACSIM:RAW', 'DC_SOURCE', 64, 'varchar', 16, 0, 2, 1, 'LF', '', 'DC_SOURCE', 'BASE_TP_090421', 0, 1, null );
insert into Measurementcolumn ( MTABLEID, DATANAME, COLNUMBER, DATATYPE, DATASIZE, DATASCALE, UNIQUEVALUE, NULLABLE, INDEXES, DESCRIPTION, DATAID, RELEASEID, UNIQUEKEY, INCLUDESQL, COLTYPE ) values ( 'DC_E_CUDB:((3)):DC_E_CUDB_FACSIM:RAW', 'DC_SUSPECTFLAG', 66, 'int', 0, 0, 2, 1, 'LF', '', 'DC_SUSPECTFLAG', 'BASE_TP_090421', 0, 1, null );
insert into Measurementcolumn ( MTABLEID, DATANAME, COLNUMBER, DATATYPE, DATASIZE, DATASCALE, UNIQUEVALUE, NULLABLE, INDEXES, DESCRIPTION, DATAID, RELEASEID, UNIQUEKEY, INCLUDESQL, COLTYPE ) values ( 'DC_E_CUDB:((3)):DC_E_CUDB_FACSIM:RAW', 'DC_TIMEZONE', 65, 'varchar', 16, 0, 2, 1, 'LF', '', 'DC_TIMEZONE', 'BASE_TP_090421', 0, 1, null );
insert into Measurementcolumn ( MTABLEID, DATANAME, COLNUMBER, DATATYPE, DATASIZE, DATASCALE, UNIQUEVALUE, NULLABLE, INDEXES, DESCRIPTION, DATAID, RELEASEID, UNIQUEKEY, INCLUDESQL, COLTYPE ) values ( 'DC_E_CUDB:((3)):DC_E_CUDB_FACSIM:RAW', 'HOUR_ID', 55, 'tinyint', 0, 0, 24, 1, 'LF', '', 'HOUR_ID', 'BASE_TP_090421', 0, 0, null );
insert into Measurementcolumn ( MTABLEID, DATANAME, COLNUMBER, DATATYPE, DATASIZE, DATASCALE, UNIQUEVALUE, NULLABLE, INDEXES, DESCRIPTION, DATAID, RELEASEID, UNIQUEKEY, INCLUDESQL, COLTYPE ) values ( 'DC_E_CUDB:((3)):DC_E_CUDB_FACSIM:RAW', 'MIN_ID', 57, 'tinyint', 0, 0, 60, 1, 'LF', '', 'MIN_ID', 'BASE_TP_090421', 0, 0, null );
insert into Measurementcolumn ( MTABLEID, DATANAME, COLNUMBER, DATATYPE, DATASIZE, DATASCALE, UNIQUEVALUE, NULLABLE, INDEXES, DESCRIPTION, DATAID, RELEASEID, UNIQUEKEY, INCLUDESQL, COLTYPE ) values ( 'DC_E_CUDB:((3)):DC_E_CUDB_FACSIM:RAW', 'MONTH_ID', 53, 'tinyint', 0, 0, 12, 1, 'LF', '', 'MONTH_ID', 'BASE_TP_090421', 0, 0, null );
insert into Measurementcolumn ( MTABLEID, DATANAME, COLNUMBER, DATATYPE, DATASIZE, DATASCALE, UNIQUEVALUE, NULLABLE, INDEXES, DESCRIPTION, DATAID, RELEASEID, UNIQUEKEY, INCLUDESQL, COLTYPE ) values ( 'DC_E_CUDB:((3)):DC_E_CUDB_FACSIM:RAW', 'NE_ID', 2, 'varchar', 35, 0, 255, 0, 'HG', 'Network Element Id', 'NEID', 'DC_E_CUDB:((FINAL))', 1, 1, 'KEY' );
insert into Measurementcolumn ( MTABLEID, DATANAME, COLNUMBER, DATATYPE, DATASIZE, DATASCALE, UNIQUEVALUE, NULLABLE, INDEXES, DESCRIPTION, DATAID, RELEASEID, UNIQUEKEY, INCLUDESQL, COLTYPE ) values ( 'DC_E_CUDB:((3)):DC_E_CUDB_FACSIM:RAW', 'NFACSIMBAIC', 108, 'numeric', 18, 8, 255, 1, '', 'Number of mobile subscribers registered in CUDB due to HLR 					application with the BAIC SS active for BSG Facsimile', 'NFACSIMBAIC.actual', 'DC_E_CUDB:((FINAL))', 0, 1, 'COUNTER' );
insert into Measurementcolumn ( MTABLEID, DATANAME, COLNUMBER, DATATYPE, DATASIZE, DATASCALE, UNIQUEVALUE, NULLABLE, INDEXES, DESCRIPTION, DATAID, RELEASEID, UNIQUEKEY, INCLUDESQL, COLTYPE ) values ( 'DC_E_CUDB:((3)):DC_E_CUDB_FACSIM:RAW', 'NFACSIMBAOC', 105, 'numeric', 18, 8, 255, 1, '', 'Number of mobile subscribers registered in CUDB due to HLR 					application with the BAOC SS active for BSG Facsimile', 'NFACSIMBAOC.actual', 'DC_E_CUDB:((FINAL))', 0, 1, 'COUNTER' );
insert into Measurementcolumn ( MTABLEID, DATANAME, COLNUMBER, DATATYPE, DATASIZE, DATASCALE, UNIQUEVALUE, NULLABLE, INDEXES, DESCRIPTION, DATAID, RELEASEID, UNIQUEKEY, INCLUDESQL, COLTYPE ) values ( 'DC_E_CUDB:((3)):DC_E_CUDB_FACSIM:RAW', 'NFACSIMBICRO', 109, 'numeric', 18, 8, 255, 1, '', 'Number of mobile subscribers registered in CUDB due to HLR 					application with the BICRO SS active for BSG Facsimile', 'NFACSIMBICRO.actual', 'DC_E_CUDB:((FINAL))', 0, 1, 'COUNTER' );
insert into Measurementcolumn ( MTABLEID, DATANAME, COLNUMBER, DATATYPE, DATASIZE, DATASCALE, UNIQUEVALUE, NULLABLE, INDEXES, DESCRIPTION, DATAID, RELEASEID, UNIQUEKEY, INCLUDESQL, COLTYPE ) values ( 'DC_E_CUDB:((3)):DC_E_CUDB_FACSIM:RAW', 'NFACSIMBOIC', 106, 'numeric', 18, 8, 255, 1, '', 'Number of mobile subscribers registered in CUDB due to HLR 					application with the BOIC SS active for BSG Facsimile', 'NFACSIMBOIC.actual', 'DC_E_CUDB:((FINAL))', 0, 1, 'COUNTER' );
insert into Measurementcolumn ( MTABLEID, DATANAME, COLNUMBER, DATATYPE, DATASIZE, DATASCALE, UNIQUEVALUE, NULLABLE, INDEXES, DESCRIPTION, DATAID, RELEASEID, UNIQUEKEY, INCLUDESQL, COLTYPE ) values ( 'DC_E_CUDB:((3)):DC_E_CUDB_FACSIM:RAW', 'NFACSIMBOIEXH', 107, 'numeric', 18, 8, 255, 1, '', 'Number of mobile subscribers registered in CUDB due to HLR 					application with the BOIEXH SS active for BSG Facsimile', 'NFACSIMBOIEXH.actual', 'DC_E_CUDB:((FINAL))', 0, 1, 'COUNTER' );
insert into Measurementcolumn ( MTABLEID, DATANAME, COLNUMBER, DATATYPE, DATASIZE, DATASCALE, UNIQUEVALUE, NULLABLE, INDEXES, DESCRIPTION, DATAID, RELEASEID, UNIQUEKEY, INCLUDESQL, COLTYPE ) values ( 'DC_E_CUDB:((3)):DC_E_CUDB_FACSIM:RAW', 'NFACSIMCAW', 110, 'numeric', 18, 8, 255, 1, '', 'Number of mobile subscribers registered in CUDB due to HLR 					application with the CAW SS active for BSG Facsimile', 'NFACSIMCAW.actual', 'DC_E_CUDB:((FINAL))', 0, 1, 'COUNTER' );
insert into Measurementcolumn ( MTABLEID, DATANAME, COLNUMBER, DATATYPE, DATASIZE, DATASCALE, UNIQUEVALUE, NULLABLE, INDEXES, DESCRIPTION, DATAID, RELEASEID, UNIQUEKEY, INCLUDESQL, COLTYPE ) values ( 'DC_E_CUDB:((3)):DC_E_CUDB_FACSIM:RAW', 'NFACSIMCFB', 102, 'numeric', 18, 8, 255, 1, '', 'Number of mobile subscribers registered in CUDB due to HLR 					application with the CFB SS active for BSG Facsimile', 'NFACSIMCFB.actual', 'DC_E_CUDB:((FINAL))', 0, 1, 'COUNTER' );
insert into Measurementcolumn ( MTABLEID, DATANAME, COLNUMBER, DATATYPE, DATASIZE, DATASCALE, UNIQUEVALUE, NULLABLE, INDEXES, DESCRIPTION, DATAID, RELEASEID, UNIQUEKEY, INCLUDESQL, COLTYPE ) values ( 'DC_E_CUDB:((3)):DC_E_CUDB_FACSIM:RAW', 'NFACSIMCFNRC', 104, 'numeric', 18, 8, 255, 1, '', 'Number of mobile subscribers registered in CUDB due to HLR 					application with the CFNRC SS active for BSG Facsimile', 'NFACSIMCFNRC.actual', 'DC_E_CUDB:((FINAL))', 0, 1, 'COUNTER' );
insert into Measurementcolumn ( MTABLEID, DATANAME, COLNUMBER, DATATYPE, DATASIZE, DATASCALE, UNIQUEVALUE, NULLABLE, INDEXES, DESCRIPTION, DATAID, RELEASEID, UNIQUEKEY, INCLUDESQL, COLTYPE ) values ( 'DC_E_CUDB:((3)):DC_E_CUDB_FACSIM:RAW', 'NFACSIMCFNRY', 103, 'numeric', 18, 8, 255, 1, '', 'Number of mobile subscribers registered in CUDB due to HLR 					application with the CFNRY SS active for BSG Facsimile', 'NFACSIMCFNRY.actual', 'DC_E_CUDB:((FINAL))', 0, 1, 'COUNTER' );
insert into Measurementcolumn ( MTABLEID, DATANAME, COLNUMBER, DATATYPE, DATASIZE, DATASCALE, UNIQUEVALUE, NULLABLE, INDEXES, DESCRIPTION, DATAID, RELEASEID, UNIQUEKEY, INCLUDESQL, COLTYPE ) values ( 'DC_E_CUDB:((3)):DC_E_CUDB_FACSIM:RAW', 'NFACSIMCFU', 101, 'numeric', 18, 8, 255, 1, '', 'Number of mobile subscribers registered in CUDB due to HLR 					application with the CFU SS active for BSG Facsimile', 'NFACSIMCFU.actual', 'DC_E_CUDB:((FINAL))', 0, 1, 'COUNTER' );
insert into Measurementcolumn ( MTABLEID, DATANAME, COLNUMBER, DATATYPE, DATASIZE, DATASCALE, UNIQUEVALUE, NULLABLE, INDEXES, DESCRIPTION, DATAID, RELEASEID, UNIQUEKEY, INCLUDESQL, COLTYPE ) values ( 'DC_E_CUDB:((3)):DC_E_CUDB_FACSIM:RAW', 'NFACSIMDCF', 111, 'numeric', 18, 8, 255, 1, '', 'Number of mobile subscribers registered in CUDB due to HLR 					application with the DCF SS active for BSG Facsimile', 'NFACSIMDCF.actual', 'DC_E_CUDB:((FINAL))', 0, 1, 'COUNTER' );
insert into Measurementcolumn ( MTABLEID, DATANAME, COLNUMBER, DATATYPE, DATASIZE, DATASCALE, UNIQUEVALUE, NULLABLE, INDEXES, DESCRIPTION, DATAID, RELEASEID, UNIQUEKEY, INCLUDESQL, COLTYPE ) values ( 'DC_E_CUDB:((3)):DC_E_CUDB_FACSIM:RAW', 'OSS_ID', 1, 'varchar', 50, 0, 255, 0, 'HG', 'OSS Id', 'OSS_ID', 'DC_E_CUDB:((FINAL))', 1, 1, 'KEY' );
insert into Measurementcolumn ( MTABLEID, DATANAME, COLNUMBER, DATATYPE, DATASIZE, DATASCALE, UNIQUEVALUE, NULLABLE, INDEXES, DESCRIPTION, DATAID, RELEASEID, UNIQUEKEY, INCLUDESQL, COLTYPE ) values ( 'DC_E_CUDB:((3)):DC_E_CUDB_FACSIM:RAW', 'PERIOD_DURATION', 61, 'unsigned int', 0, 0, 10, 1, '', '', 'PERIOD_DURATION', 'BASE_TP_090421', 0, 1, null );
insert into Measurementcolumn ( MTABLEID, DATANAME, COLNUMBER, DATATYPE, DATASIZE, DATASCALE, UNIQUEVALUE, NULLABLE, INDEXES, DESCRIPTION, DATAID, RELEASEID, UNIQUEKEY, INCLUDESQL, COLTYPE ) values ( 'DC_E_CUDB:((3)):DC_E_CUDB_FACSIM:RAW', 'ROWSTATUS', 62, 'varchar', 16, 0, 10, 1, '', '', 'ROWSTATUS', 'BASE_TP_090421', 0, 1, null );
insert into Measurementcolumn ( MTABLEID, DATANAME, COLNUMBER, DATATYPE, DATASIZE, DATASCALE, UNIQUEVALUE, NULLABLE, INDEXES, DESCRIPTION, DATAID, RELEASEID, UNIQUEKEY, INCLUDESQL, COLTYPE ) values ( 'DC_E_CUDB:((3)):DC_E_CUDB_FACSIM:RAW', 'SESSION_ID', 59, 'unsigned int', 0, 0, 255, 1, '', '', 'SESSION_ID', 'BASE_TP_090421', 0, 0, null );
insert into Measurementcolumn ( MTABLEID, DATANAME, COLNUMBER, DATATYPE, DATASIZE, DATASCALE, UNIQUEVALUE, NULLABLE, INDEXES, DESCRIPTION, DATAID, RELEASEID, UNIQUEKEY, INCLUDESQL, COLTYPE ) values ( 'DC_E_CUDB:((3)):DC_E_CUDB_FACSIM:RAW', 'TIMELEVEL', 58, 'varchar', 10, 0, 10, 1, 'LF', '', 'TIMELEVEL', 'BASE_TP_090421', 0, 0, null );
insert into Measurementcolumn ( MTABLEID, DATANAME, COLNUMBER, DATATYPE, DATASIZE, DATASCALE, UNIQUEVALUE, NULLABLE, INDEXES, DESCRIPTION, DATAID, RELEASEID, UNIQUEKEY, INCLUDESQL, COLTYPE ) values ( 'DC_E_CUDB:((3)):DC_E_CUDB_FACSIM:RAW', 'UTC_DATETIME_ID', 67, 'datetime', 0, 0, 255, 1, 'HG', '', 'UTC_DATETIME_ID', 'BASE_TP_090421', 1, 1, null );
insert into Measurementcolumn ( MTABLEID, DATANAME, COLNUMBER, DATATYPE, DATASIZE, DATASCALE, UNIQUEVALUE, NULLABLE, INDEXES, DESCRIPTION, DATAID, RELEASEID, UNIQUEKEY, INCLUDESQL, COLTYPE ) values ( 'DC_E_CUDB:((3)):DC_E_CUDB_FACSIM:RAW', 'YEAR_ID', 52, 'smallint', 0, 0, 20, 1, 'LF', '', 'YEAR_ID', 'BASE_TP_090421', 0, 0, null );
insert into Measurementtype ( TYPEID, TYPECLASSID, TYPENAME, VENDORID, FOLDERNAME, DESCRIPTION, STATUS, VERSIONID, OBJECTID, OBJECTNAME, OBJECTVERSION, OBJECTTYPE, JOINABLE, SIZING, TOTALAGG, ELEMENTBHSUPPORT, RANKINGTABLE, DELTACALCSUPPORT, PLAINTABLE, UNIVERSEEXTENSION, VECTORSUPPORT, DATAFORMATSUPPORT ) values ( 'DC_E_CUDB:((3)):DC_E_CUDB_HLRSUBS', 'DC_E_CUDB:((3)):DC_E_CUDB_HLR', 'DC_E_CUDB_HLRSUBS', 'DC_E_CUDB', 'DC_E_CUDB_HLRSUBS', 'HLR application subscriber counters', null, 'DC_E_CUDB:((3))', 'DC_E_CUDB:((3)):DC_E_CUDB_HLRSUBS', 'DC_E_CUDB_HLRSUBS', null, null, '', 'small', 1, 0, 0, 0, 0, 'ALL', 0, 1 );
insert into Measurementkey ( TYPEID, DATANAME, DESCRIPTION, ISELEMENT, UNIQUEKEY, COLNUMBER, DATATYPE, DATASIZE, DATASCALE, UNIQUEVALUE, NULLABLE, INDEXES, INCLUDESQL, UNIVOBJECT, JOINABLE, DATAID ) values ( 'DC_E_CUDB:((3)):DC_E_CUDB_HLRSUBS', 'NE_ID', 'Network Element Id', 1, 1, 2, 'varchar', 35, 0, 255, 0, 'HG', 1, 'NE_ID', null, 'NEID' );
insert into Measurementkey ( TYPEID, DATANAME, DESCRIPTION, ISELEMENT, UNIQUEKEY, COLNUMBER, DATATYPE, DATASIZE, DATASCALE, UNIQUEVALUE, NULLABLE, INDEXES, INCLUDESQL, UNIVOBJECT, JOINABLE, DATAID ) values ( 'DC_E_CUDB:((3)):DC_E_CUDB_HLRSUBS', 'OSS_ID', 'OSS Id', 0, 1, 1, 'varchar', 50, 0, 255, 0, 'HG', 1, 'OSS_ID', null, 'OSS_ID' );
insert into Measurementcounter ( TYPEID, DATANAME, DESCRIPTION, TIMEAGGREGATION, GROUPAGGREGATION, COUNTAGGREGATION, COLNUMBER, DATATYPE, DATASIZE, DATASCALE, INCLUDESQL, UNIVOBJECT, UNIVCLASS, COUNTERTYPE, COUNTERPROCESS, DATAID ) values ( 'DC_E_CUDB:((3)):DC_E_CUDB_HLRSUBS', 'NACTSUBSCNT', 'Number of active subscribers registered in CUDB due to HLR application', 'AVG', 'AVG', 'GAUGE', 104, 'numeric', 18, 8, 1, 'NACTSUBSCNT', null, 'GAUGE', 'GAUGE', 'NACTSUBSCNT.actual' );
insert into Measurementcounter ( TYPEID, DATANAME, DESCRIPTION, TIMEAGGREGATION, GROUPAGGREGATION, COUNTAGGREGATION, COLNUMBER, DATATYPE, DATASIZE, DATASCALE, INCLUDESQL, UNIVOBJECT, UNIVCLASS, COUNTERTYPE, COUNTERPROCESS, DATAID ) values ( 'DC_E_CUDB:((3)):DC_E_CUDB_HLRSUBS', 'NLMUSUBSCNT', 'Number of LMU subscribers registered in CUDB due to HLR 					application', 'AVG', 'AVG', 'GAUGE', 102, 'numeric', 18, 8, 1, 'NLMUSUBSCNT', null, 'GAUGE', 'GAUGE', 'NLMUSUBSCNT.actual' );
insert into Measurementcounter ( TYPEID, DATANAME, DESCRIPTION, TIMEAGGREGATION, GROUPAGGREGATION, COUNTAGGREGATION, COLNUMBER, DATATYPE, DATASIZE, DATASCALE, INCLUDESQL, UNIVOBJECT, UNIVCLASS, COUNTERTYPE, COUNTERPROCESS, DATAID ) values ( 'DC_E_CUDB:((3)):DC_E_CUDB_HLRSUBS', 'NMOBSUBSCNT', 'Number of mobile subscribers registered in CUDB due to HLR 					application', 'AVG', 'AVG', 'GAUGE', 103, 'numeric', 18, 8, 1, 'NMOBSUBSCNT', null, 'GAUGE', 'GAUGE', 'NMOBSUBSCNT.actual' );
insert into Measurementcounter ( TYPEID, DATANAME, DESCRIPTION, TIMEAGGREGATION, GROUPAGGREGATION, COUNTAGGREGATION, COLNUMBER, DATATYPE, DATASIZE, DATASCALE, INCLUDESQL, UNIVOBJECT, UNIVCLASS, COUNTERTYPE, COUNTERPROCESS, DATAID ) values ( 'DC_E_CUDB:((3)):DC_E_CUDB_HLRSUBS', 'NSUBSCNT', 'Number of subs Registered in CUDB due to HLR application', 'AVG', 'AVG', 'GAUGE', 101, 'numeric', 18, 8, 1, 'NSUBSCNT', null, 'GAUGE', 'GAUGE', 'NSUBSCNT.actual' );
insert into Measurementtable ( MTABLEID, TABLELEVEL, TYPEID, BASETABLENAME, DEFAULT_TEMPLATE, PARTITIONPLAN ) values ( 'DC_E_CUDB:((3)):DC_E_CUDB_HLRSUBS:DAY', 'DAY', 'DC_E_CUDB:((3)):DC_E_CUDB_HLRSUBS', 'DC_E_CUDB_HLRSUBS_DAY', null, 'small_day' );
insert into Measurementcolumn ( MTABLEID, DATANAME, COLNUMBER, DATATYPE, DATASIZE, DATASCALE, UNIQUEVALUE, NULLABLE, INDEXES, DESCRIPTION, DATAID, RELEASEID, UNIQUEKEY, INCLUDESQL, COLTYPE ) values ( 'DC_E_CUDB:((3)):DC_E_CUDB_HLRSUBS:DAY', 'AGG_COUNT', 57, 'smallint', 0, 0, 255, 1, '', '', 'AGG_COUNT', 'BASE_TP_090421', 0, 0, null );
insert into Measurementcolumn ( MTABLEID, DATANAME, COLNUMBER, DATATYPE, DATASIZE, DATASCALE, UNIQUEVALUE, NULLABLE, INDEXES, DESCRIPTION, DATAID, RELEASEID, UNIQUEKEY, INCLUDESQL, COLTYPE ) values ( 'DC_E_CUDB:((3)):DC_E_CUDB_HLRSUBS:DAY', 'BATCH_ID', 60, 'smallint', 0, 0, 255, 1, '', '', 'BATCH_ID', 'BASE_TP_090421', 0, 0, null );
insert into Measurementcolumn ( MTABLEID, DATANAME, COLNUMBER, DATATYPE, DATASIZE, DATASCALE, UNIQUEVALUE, NULLABLE, INDEXES, DESCRIPTION, DATAID, RELEASEID, UNIQUEKEY, INCLUDESQL, COLTYPE ) values ( 'DC_E_CUDB:((3)):DC_E_CUDB_HLRSUBS:DAY', 'DATACOVERAGE', 56, 'unsigned int', 0, 0, 255, 1, '', '', 'DATACOVERAGE', 'BASE_TP_090421', 0, 1, null );
insert into Measurementcolumn ( MTABLEID, DATANAME, COLNUMBER, DATATYPE, DATASIZE, DATASCALE, UNIQUEVALUE, NULLABLE, INDEXES, DESCRIPTION, DATAID, RELEASEID, UNIQUEKEY, INCLUDESQL, COLTYPE ) values ( 'DC_E_CUDB:((3)):DC_E_CUDB_HLRSUBS:DAY', 'DATE_ID', 51, 'date', 0, 0, 255, 1, 'LF', '', 'DATE_ID', 'BASE_TP_090421', 1, 1, null );
insert into Measurementcolumn ( MTABLEID, DATANAME, COLNUMBER, DATATYPE, DATASIZE, DATASCALE, UNIQUEVALUE, NULLABLE, INDEXES, DESCRIPTION, DATAID, RELEASEID, UNIQUEKEY, INCLUDESQL, COLTYPE ) values ( 'DC_E_CUDB:((3)):DC_E_CUDB_HLRSUBS:DAY', 'DAY_ID', 54, 'tinyint', 0, 0, 31, 1, 'LF', '', 'DAY_ID', 'BASE_TP_090421', 0, 0, null );
insert into Measurementcolumn ( MTABLEID, DATANAME, COLNUMBER, DATATYPE, DATASIZE, DATASCALE, UNIQUEVALUE, NULLABLE, INDEXES, DESCRIPTION, DATAID, RELEASEID, UNIQUEKEY, INCLUDESQL, COLTYPE ) values ( 'DC_E_CUDB:((3)):DC_E_CUDB_HLRSUBS:DAY', 'DC_RELEASE', 63, 'varchar', 16, 0, 2, 1, 'LF', '', 'DC_RELEASE', 'BASE_TP_090421', 1, 1, null );
insert into Measurementcolumn ( MTABLEID, DATANAME, COLNUMBER, DATATYPE, DATASIZE, DATASCALE, UNIQUEVALUE, NULLABLE, INDEXES, DESCRIPTION, DATAID, RELEASEID, UNIQUEKEY, INCLUDESQL, COLTYPE ) values ( 'DC_E_CUDB:((3)):DC_E_CUDB_HLRSUBS:DAY', 'DC_SOURCE', 64, 'varchar', 16, 0, 2, 1, 'LF', '', 'DC_SOURCE', 'BASE_TP_090421', 0, 1, null );
insert into Measurementcolumn ( MTABLEID, DATANAME, COLNUMBER, DATATYPE, DATASIZE, DATASCALE, UNIQUEVALUE, NULLABLE, INDEXES, DESCRIPTION, DATAID, RELEASEID, UNIQUEKEY, INCLUDESQL, COLTYPE ) values ( 'DC_E_CUDB:((3)):DC_E_CUDB_HLRSUBS:DAY', 'DC_SUSPECTFLAG', 66, 'int', 0, 0, 2, 1, 'LF', '', 'DC_SUSPECTFLAG', 'BASE_TP_090421', 0, 1, null );
insert into Measurementcolumn ( MTABLEID, DATANAME, COLNUMBER, DATATYPE, DATASIZE, DATASCALE, UNIQUEVALUE, NULLABLE, INDEXES, DESCRIPTION, DATAID, RELEASEID, UNIQUEKEY, INCLUDESQL, COLTYPE ) values ( 'DC_E_CUDB:((3)):DC_E_CUDB_HLRSUBS:DAY', 'DC_TIMEZONE', 65, 'varchar', 16, 0, 2, 1, 'LF', '', 'DC_TIMEZONE', 'BASE_TP_090421', 0, 1, null );
insert into Measurementcolumn ( MTABLEID, DATANAME, COLNUMBER, DATATYPE, DATASIZE, DATASCALE, UNIQUEVALUE, NULLABLE, INDEXES, DESCRIPTION, DATAID, RELEASEID, UNIQUEKEY, INCLUDESQL, COLTYPE ) values ( 'DC_E_CUDB:((3)):DC_E_CUDB_HLRSUBS:DAY', 'MONTH_ID', 53, 'tinyint', 0, 0, 12, 1, 'LF', '', 'MONTH_ID', 'BASE_TP_090421', 0, 0, null );
insert into Measurementcolumn ( MTABLEID, DATANAME, COLNUMBER, DATATYPE, DATASIZE, DATASCALE, UNIQUEVALUE, NULLABLE, INDEXES, DESCRIPTION, DATAID, RELEASEID, UNIQUEKEY, INCLUDESQL, COLTYPE ) values ( 'DC_E_CUDB:((3)):DC_E_CUDB_HLRSUBS:DAY', 'NACTSUBSCNT', 104, 'numeric', 18, 8, 255, 1, '', 'Number of active subscribers registered in CUDB due to HLR application', 'NACTSUBSCNT.actual', 'DC_E_CUDB:((FINAL))', 0, 1, 'COUNTER' );
insert into Measurementcolumn ( MTABLEID, DATANAME, COLNUMBER, DATATYPE, DATASIZE, DATASCALE, UNIQUEVALUE, NULLABLE, INDEXES, DESCRIPTION, DATAID, RELEASEID, UNIQUEKEY, INCLUDESQL, COLTYPE ) values ( 'DC_E_CUDB:((3)):DC_E_CUDB_HLRSUBS:DAY', 'NE_ID', 2, 'varchar', 35, 0, 255, 0, 'HG', 'Network Element Id', 'NEID', 'DC_E_CUDB:((FINAL))', 1, 1, 'KEY' );
insert into Measurementcolumn ( MTABLEID, DATANAME, COLNUMBER, DATATYPE, DATASIZE, DATASCALE, UNIQUEVALUE, NULLABLE, INDEXES, DESCRIPTION, DATAID, RELEASEID, UNIQUEKEY, INCLUDESQL, COLTYPE ) values ( 'DC_E_CUDB:((3)):DC_E_CUDB_HLRSUBS:DAY', 'NLMUSUBSCNT', 102, 'numeric', 18, 8, 255, 1, '', 'Number of LMU subscribers registered in CUDB due to HLR 					application', 'NLMUSUBSCNT.actual', 'DC_E_CUDB:((FINAL))', 0, 1, 'COUNTER' );
insert into Measurementcolumn ( MTABLEID, DATANAME, COLNUMBER, DATATYPE, DATASIZE, DATASCALE, UNIQUEVALUE, NULLABLE, INDEXES, DESCRIPTION, DATAID, RELEASEID, UNIQUEKEY, INCLUDESQL, COLTYPE ) values ( 'DC_E_CUDB:((3)):DC_E_CUDB_HLRSUBS:DAY', 'NMOBSUBSCNT', 103, 'numeric', 18, 8, 255, 1, '', 'Number of mobile subscribers registered in CUDB due to HLR 					application', 'NMOBSUBSCNT.actual', 'DC_E_CUDB:((FINAL))', 0, 1, 'COUNTER' );
insert into Measurementcolumn ( MTABLEID, DATANAME, COLNUMBER, DATATYPE, DATASIZE, DATASCALE, UNIQUEVALUE, NULLABLE, INDEXES, DESCRIPTION, DATAID, RELEASEID, UNIQUEKEY, INCLUDESQL, COLTYPE ) values ( 'DC_E_CUDB:((3)):DC_E_CUDB_HLRSUBS:DAY', 'NSUBSCNT', 101, 'numeric', 18, 8, 255, 1, '', 'Number of subs Registered in CUDB due to HLR application', 'NSUBSCNT.actual', 'DC_E_CUDB:((FINAL))', 0, 1, 'COUNTER' );
insert into Measurementcolumn ( MTABLEID, DATANAME, COLNUMBER, DATATYPE, DATASIZE, DATASCALE, UNIQUEVALUE, NULLABLE, INDEXES, DESCRIPTION, DATAID, RELEASEID, UNIQUEKEY, INCLUDESQL, COLTYPE ) values ( 'DC_E_CUDB:((3)):DC_E_CUDB_HLRSUBS:DAY', 'OSS_ID', 1, 'varchar', 50, 0, 255, 0, 'HG', 'OSS Id', 'OSS_ID', 'DC_E_CUDB:((FINAL))', 1, 1, 'KEY' );
insert into Measurementcolumn ( MTABLEID, DATANAME, COLNUMBER, DATATYPE, DATASIZE, DATASCALE, UNIQUEVALUE, NULLABLE, INDEXES, DESCRIPTION, DATAID, RELEASEID, UNIQUEKEY, INCLUDESQL, COLTYPE ) values ( 'DC_E_CUDB:((3)):DC_E_CUDB_HLRSUBS:DAY', 'PERIOD_DURATION', 61, 'unsigned int', 0, 0, 10, 1, '', '', 'PERIOD_DURATION', 'BASE_TP_090421', 0, 1, null );
insert into Measurementcolumn ( MTABLEID, DATANAME, COLNUMBER, DATATYPE, DATASIZE, DATASCALE, UNIQUEVALUE, NULLABLE, INDEXES, DESCRIPTION, DATAID, RELEASEID, UNIQUEKEY, INCLUDESQL, COLTYPE ) values ( 'DC_E_CUDB:((3)):DC_E_CUDB_HLRSUBS:DAY', 'ROWSTATUS', 62, 'varchar', 16, 0, 10, 1, '', '', 'ROWSTATUS', 'BASE_TP_090421', 0, 1, null );
insert into Measurementcolumn ( MTABLEID, DATANAME, COLNUMBER, DATATYPE, DATASIZE, DATASCALE, UNIQUEVALUE, NULLABLE, INDEXES, DESCRIPTION, DATAID, RELEASEID, UNIQUEKEY, INCLUDESQL, COLTYPE ) values ( 'DC_E_CUDB:((3)):DC_E_CUDB_HLRSUBS:DAY', 'SESSION_ID', 59, 'unsigned int', 0, 0, 255, 1, '', '', 'SESSION_ID', 'BASE_TP_090421', 0, 0, null );
insert into Measurementcolumn ( MTABLEID, DATANAME, COLNUMBER, DATATYPE, DATASIZE, DATASCALE, UNIQUEVALUE, NULLABLE, INDEXES, DESCRIPTION, DATAID, RELEASEID, UNIQUEKEY, INCLUDESQL, COLTYPE ) values ( 'DC_E_CUDB:((3)):DC_E_CUDB_HLRSUBS:DAY', 'TIMELEVEL', 58, 'varchar', 10, 0, 10, 1, 'LF', '', 'TIMELEVEL', 'BASE_TP_090421', 0, 0, null );
insert into Measurementcolumn ( MTABLEID, DATANAME, COLNUMBER, DATATYPE, DATASIZE, DATASCALE, UNIQUEVALUE, NULLABLE, INDEXES, DESCRIPTION, DATAID, RELEASEID, UNIQUEKEY, INCLUDESQL, COLTYPE ) values ( 'DC_E_CUDB:((3)):DC_E_CUDB_HLRSUBS:DAY', 'WEEK_ID', 55, 'tinyint', 0, 0, 53, 1, 'LF', '', 'WEEK_ID', 'BASE_TP_090421', 0, 0, null );
insert into Measurementcolumn ( MTABLEID, DATANAME, COLNUMBER, DATATYPE, DATASIZE, DATASCALE, UNIQUEVALUE, NULLABLE, INDEXES, DESCRIPTION, DATAID, RELEASEID, UNIQUEKEY, INCLUDESQL, COLTYPE ) values ( 'DC_E_CUDB:((3)):DC_E_CUDB_HLRSUBS:DAY', 'YEAR_ID', 52, 'smallint', 0, 0, 20, 1, 'LF', '', 'YEAR_ID', 'BASE_TP_090421', 0, 0, null );
insert into Measurementtable ( MTABLEID, TABLELEVEL, TYPEID, BASETABLENAME, DEFAULT_TEMPLATE, PARTITIONPLAN ) values ( 'DC_E_CUDB:((3)):DC_E_CUDB_HLRSUBS:RAW', 'RAW', 'DC_E_CUDB:((3)):DC_E_CUDB_HLRSUBS', 'DC_E_CUDB_HLRSUBS_RAW', null, 'small_raw' );
insert into Measurementcolumn ( MTABLEID, DATANAME, COLNUMBER, DATATYPE, DATASIZE, DATASCALE, UNIQUEVALUE, NULLABLE, INDEXES, DESCRIPTION, DATAID, RELEASEID, UNIQUEKEY, INCLUDESQL, COLTYPE ) values ( 'DC_E_CUDB:((3)):DC_E_CUDB_HLRSUBS:RAW', 'BATCH_ID', 60, 'smallint', 0, 0, 255, 1, '', '', 'BATCH_ID', 'BASE_TP_090421', 0, 0, null );
insert into Measurementcolumn ( MTABLEID, DATANAME, COLNUMBER, DATATYPE, DATASIZE, DATASCALE, UNIQUEVALUE, NULLABLE, INDEXES, DESCRIPTION, DATAID, RELEASEID, UNIQUEKEY, INCLUDESQL, COLTYPE ) values ( 'DC_E_CUDB:((3)):DC_E_CUDB_HLRSUBS:RAW', 'DATE_ID', 51, 'date', 0, 0, 255, 1, 'LF', '', 'DATE_ID', 'BASE_TP_090421', 0, 0, null );
insert into Measurementcolumn ( MTABLEID, DATANAME, COLNUMBER, DATATYPE, DATASIZE, DATASCALE, UNIQUEVALUE, NULLABLE, INDEXES, DESCRIPTION, DATAID, RELEASEID, UNIQUEKEY, INCLUDESQL, COLTYPE ) values ( 'DC_E_CUDB:((3)):DC_E_CUDB_HLRSUBS:RAW', 'DATETIME_ID', 56, 'datetime', 0, 0, 255, 1, 'HG', '', 'DATETIME_ID', 'BASE_TP_090421', 1, 1, null );
insert into Measurementcolumn ( MTABLEID, DATANAME, COLNUMBER, DATATYPE, DATASIZE, DATASCALE, UNIQUEVALUE, NULLABLE, INDEXES, DESCRIPTION, DATAID, RELEASEID, UNIQUEKEY, INCLUDESQL, COLTYPE ) values ( 'DC_E_CUDB:((3)):DC_E_CUDB_HLRSUBS:RAW', 'DAY_ID', 54, 'tinyint', 0, 0, 31, 1, 'LF', '', 'DAY_ID', 'BASE_TP_090421', 0, 0, null );
insert into Measurementcolumn ( MTABLEID, DATANAME, COLNUMBER, DATATYPE, DATASIZE, DATASCALE, UNIQUEVALUE, NULLABLE, INDEXES, DESCRIPTION, DATAID, RELEASEID, UNIQUEKEY, INCLUDESQL, COLTYPE ) values ( 'DC_E_CUDB:((3)):DC_E_CUDB_HLRSUBS:RAW', 'DC_RELEASE', 63, 'varchar', 16, 0, 2, 1, 'LF', '', 'DC_RELEASE', 'BASE_TP_090421', 0, 1, null );
insert into Measurementcolumn ( MTABLEID, DATANAME, COLNUMBER, DATATYPE, DATASIZE, DATASCALE, UNIQUEVALUE, NULLABLE, INDEXES, DESCRIPTION, DATAID, RELEASEID, UNIQUEKEY, INCLUDESQL, COLTYPE ) values ( 'DC_E_CUDB:((3)):DC_E_CUDB_HLRSUBS:RAW', 'DC_SOURCE', 64, 'varchar', 16, 0, 2, 1, 'LF', '', 'DC_SOURCE', 'BASE_TP_090421', 0, 1, null );
insert into Measurementcolumn ( MTABLEID, DATANAME, COLNUMBER, DATATYPE, DATASIZE, DATASCALE, UNIQUEVALUE, NULLABLE, INDEXES, DESCRIPTION, DATAID, RELEASEID, UNIQUEKEY, INCLUDESQL, COLTYPE ) values ( 'DC_E_CUDB:((3)):DC_E_CUDB_HLRSUBS:RAW', 'DC_SUSPECTFLAG', 66, 'int', 0, 0, 2, 1, 'LF', '', 'DC_SUSPECTFLAG', 'BASE_TP_090421', 0, 1, null );
insert into Measurementcolumn ( MTABLEID, DATANAME, COLNUMBER, DATATYPE, DATASIZE, DATASCALE, UNIQUEVALUE, NULLABLE, INDEXES, DESCRIPTION, DATAID, RELEASEID, UNIQUEKEY, INCLUDESQL, COLTYPE ) values ( 'DC_E_CUDB:((3)):DC_E_CUDB_HLRSUBS:RAW', 'DC_TIMEZONE', 65, 'varchar', 16, 0, 2, 1, 'LF', '', 'DC_TIMEZONE', 'BASE_TP_090421', 0, 1, null );
insert into Measurementcolumn ( MTABLEID, DATANAME, COLNUMBER, DATATYPE, DATASIZE, DATASCALE, UNIQUEVALUE, NULLABLE, INDEXES, DESCRIPTION, DATAID, RELEASEID, UNIQUEKEY, INCLUDESQL, COLTYPE ) values ( 'DC_E_CUDB:((3)):DC_E_CUDB_HLRSUBS:RAW', 'HOUR_ID', 55, 'tinyint', 0, 0, 24, 1, 'LF', '', 'HOUR_ID', 'BASE_TP_090421', 0, 0, null );
insert into Measurementcolumn ( MTABLEID, DATANAME, COLNUMBER, DATATYPE, DATASIZE, DATASCALE, UNIQUEVALUE, NULLABLE, INDEXES, DESCRIPTION, DATAID, RELEASEID, UNIQUEKEY, INCLUDESQL, COLTYPE ) values ( 'DC_E_CUDB:((3)):DC_E_CUDB_HLRSUBS:RAW', 'MIN_ID', 57, 'tinyint', 0, 0, 60, 1, 'LF', '', 'MIN_ID', 'BASE_TP_090421', 0, 0, null );
insert into Measurementcolumn ( MTABLEID, DATANAME, COLNUMBER, DATATYPE, DATASIZE, DATASCALE, UNIQUEVALUE, NULLABLE, INDEXES, DESCRIPTION, DATAID, RELEASEID, UNIQUEKEY, INCLUDESQL, COLTYPE ) values ( 'DC_E_CUDB:((3)):DC_E_CUDB_HLRSUBS:RAW', 'MONTH_ID', 53, 'tinyint', 0, 0, 12, 1, 'LF', '', 'MONTH_ID', 'BASE_TP_090421', 0, 0, null );
insert into Measurementcolumn ( MTABLEID, DATANAME, COLNUMBER, DATATYPE, DATASIZE, DATASCALE, UNIQUEVALUE, NULLABLE, INDEXES, DESCRIPTION, DATAID, RELEASEID, UNIQUEKEY, INCLUDESQL, COLTYPE ) values ( 'DC_E_CUDB:((3)):DC_E_CUDB_HLRSUBS:RAW', 'NACTSUBSCNT', 104, 'numeric', 18, 8, 255, 1, '', 'Number of active subscribers registered in CUDB due to HLR application', 'NACTSUBSCNT.actual', 'DC_E_CUDB:((FINAL))', 0, 1, 'COUNTER' );
insert into Measurementcolumn ( MTABLEID, DATANAME, COLNUMBER, DATATYPE, DATASIZE, DATASCALE, UNIQUEVALUE, NULLABLE, INDEXES, DESCRIPTION, DATAID, RELEASEID, UNIQUEKEY, INCLUDESQL, COLTYPE ) values ( 'DC_E_CUDB:((3)):DC_E_CUDB_HLRSUBS:RAW', 'NE_ID', 2, 'varchar', 35, 0, 255, 0, 'HG', 'Network Element Id', 'NEID', 'DC_E_CUDB:((FINAL))', 1, 1, 'KEY' );
insert into Measurementcolumn ( MTABLEID, DATANAME, COLNUMBER, DATATYPE, DATASIZE, DATASCALE, UNIQUEVALUE, NULLABLE, INDEXES, DESCRIPTION, DATAID, RELEASEID, UNIQUEKEY, INCLUDESQL, COLTYPE ) values ( 'DC_E_CUDB:((3)):DC_E_CUDB_HLRSUBS:RAW', 'NLMUSUBSCNT', 102, 'numeric', 18, 8, 255, 1, '', 'Number of LMU subscribers registered in CUDB due to HLR 					application', 'NLMUSUBSCNT.actual', 'DC_E_CUDB:((FINAL))', 0, 1, 'COUNTER' );
insert into Measurementcolumn ( MTABLEID, DATANAME, COLNUMBER, DATATYPE, DATASIZE, DATASCALE, UNIQUEVALUE, NULLABLE, INDEXES, DESCRIPTION, DATAID, RELEASEID, UNIQUEKEY, INCLUDESQL, COLTYPE ) values ( 'DC_E_CUDB:((3)):DC_E_CUDB_HLRSUBS:RAW', 'NMOBSUBSCNT', 103, 'numeric', 18, 8, 255, 1, '', 'Number of mobile subscribers registered in CUDB due to HLR 					application', 'NMOBSUBSCNT.actual', 'DC_E_CUDB:((FINAL))', 0, 1, 'COUNTER' );
insert into Measurementcolumn ( MTABLEID, DATANAME, COLNUMBER, DATATYPE, DATASIZE, DATASCALE, UNIQUEVALUE, NULLABLE, INDEXES, DESCRIPTION, DATAID, RELEASEID, UNIQUEKEY, INCLUDESQL, COLTYPE ) values ( 'DC_E_CUDB:((3)):DC_E_CUDB_HLRSUBS:RAW', 'NSUBSCNT', 101, 'numeric', 18, 8, 255, 1, '', 'Number of subs Registered in CUDB due to HLR application', 'NSUBSCNT.actual', 'DC_E_CUDB:((FINAL))', 0, 1, 'COUNTER' );
insert into Measurementcolumn ( MTABLEID, DATANAME, COLNUMBER, DATATYPE, DATASIZE, DATASCALE, UNIQUEVALUE, NULLABLE, INDEXES, DESCRIPTION, DATAID, RELEASEID, UNIQUEKEY, INCLUDESQL, COLTYPE ) values ( 'DC_E_CUDB:((3)):DC_E_CUDB_HLRSUBS:RAW', 'OSS_ID', 1, 'varchar', 50, 0, 255, 0, 'HG', 'OSS Id', 'OSS_ID', 'DC_E_CUDB:((FINAL))', 1, 1, 'KEY' );
insert into Measurementcolumn ( MTABLEID, DATANAME, COLNUMBER, DATATYPE, DATASIZE, DATASCALE, UNIQUEVALUE, NULLABLE, INDEXES, DESCRIPTION, DATAID, RELEASEID, UNIQUEKEY, INCLUDESQL, COLTYPE ) values ( 'DC_E_CUDB:((3)):DC_E_CUDB_HLRSUBS:RAW', 'PERIOD_DURATION', 61, 'unsigned int', 0, 0, 10, 1, '', '', 'PERIOD_DURATION', 'BASE_TP_090421', 0, 1, null );
insert into Measurementcolumn ( MTABLEID, DATANAME, COLNUMBER, DATATYPE, DATASIZE, DATASCALE, UNIQUEVALUE, NULLABLE, INDEXES, DESCRIPTION, DATAID, RELEASEID, UNIQUEKEY, INCLUDESQL, COLTYPE ) values ( 'DC_E_CUDB:((3)):DC_E_CUDB_HLRSUBS:RAW', 'ROWSTATUS', 62, 'varchar', 16, 0, 10, 1, '', '', 'ROWSTATUS', 'BASE_TP_090421', 0, 1, null );
insert into Measurementcolumn ( MTABLEID, DATANAME, COLNUMBER, DATATYPE, DATASIZE, DATASCALE, UNIQUEVALUE, NULLABLE, INDEXES, DESCRIPTION, DATAID, RELEASEID, UNIQUEKEY, INCLUDESQL, COLTYPE ) values ( 'DC_E_CUDB:((3)):DC_E_CUDB_HLRSUBS:RAW', 'SESSION_ID', 59, 'unsigned int', 0, 0, 255, 1, '', '', 'SESSION_ID', 'BASE_TP_090421', 0, 0, null );
insert into Measurementcolumn ( MTABLEID, DATANAME, COLNUMBER, DATATYPE, DATASIZE, DATASCALE, UNIQUEVALUE, NULLABLE, INDEXES, DESCRIPTION, DATAID, RELEASEID, UNIQUEKEY, INCLUDESQL, COLTYPE ) values ( 'DC_E_CUDB:((3)):DC_E_CUDB_HLRSUBS:RAW', 'TIMELEVEL', 58, 'varchar', 10, 0, 10, 1, 'LF', '', 'TIMELEVEL', 'BASE_TP_090421', 0, 0, null );
insert into Measurementcolumn ( MTABLEID, DATANAME, COLNUMBER, DATATYPE, DATASIZE, DATASCALE, UNIQUEVALUE, NULLABLE, INDEXES, DESCRIPTION, DATAID, RELEASEID, UNIQUEKEY, INCLUDESQL, COLTYPE ) values ( 'DC_E_CUDB:((3)):DC_E_CUDB_HLRSUBS:RAW', 'UTC_DATETIME_ID', 67, 'datetime', 0, 0, 255, 1, 'HG', '', 'UTC_DATETIME_ID', 'BASE_TP_090421', 1, 1, null );
insert into Measurementcolumn ( MTABLEID, DATANAME, COLNUMBER, DATATYPE, DATASIZE, DATASCALE, UNIQUEVALUE, NULLABLE, INDEXES, DESCRIPTION, DATAID, RELEASEID, UNIQUEKEY, INCLUDESQL, COLTYPE ) values ( 'DC_E_CUDB:((3)):DC_E_CUDB_HLRSUBS:RAW', 'YEAR_ID', 52, 'smallint', 0, 0, 20, 1, 'LF', '', 'YEAR_ID', 'BASE_TP_090421', 0, 0, null );
insert into Measurementtype ( TYPEID, TYPECLASSID, TYPENAME, VENDORID, FOLDERNAME, DESCRIPTION, STATUS, VERSIONID, OBJECTID, OBJECTNAME, OBJECTVERSION, OBJECTTYPE, JOINABLE, SIZING, TOTALAGG, ELEMENTBHSUPPORT, RANKINGTABLE, DELTACALCSUPPORT, PLAINTABLE, UNIVERSEEXTENSION, VECTORSUPPORT, DATAFORMATSUPPORT ) values ( 'DC_E_CUDB:((3)):DC_E_CUDB_LOCSUBS', 'DC_E_CUDB:((3)):DC_E_CUDB_HLR', 'DC_E_CUDB_LOCSUBS', 'DC_E_CUDB', 'DC_E_CUDB_LOCSUBS', 'HLR application subscriber counters', null, 'DC_E_CUDB:((3))', 'DC_E_CUDB:((3)):DC_E_CUDB_LOCSUBS', 'DC_E_CUDB_LOCSUBS', null, null, '', 'small', 1, 0, 0, 0, 0, 'ALL', 0, 1 );
insert into Measurementkey ( TYPEID, DATANAME, DESCRIPTION, ISELEMENT, UNIQUEKEY, COLNUMBER, DATATYPE, DATASIZE, DATASCALE, UNIQUEVALUE, NULLABLE, INDEXES, INCLUDESQL, UNIVOBJECT, JOINABLE, DATAID ) values ( 'DC_E_CUDB:((3)):DC_E_CUDB_LOCSUBS', 'NE_ID', 'Network Element Id', 1, 1, 2, 'varchar', 35, 0, 255, 0, 'HG', 1, 'NE_ID', null, 'NEID' );
insert into Measurementkey ( TYPEID, DATANAME, DESCRIPTION, ISELEMENT, UNIQUEKEY, COLNUMBER, DATATYPE, DATASIZE, DATASCALE, UNIQUEVALUE, NULLABLE, INDEXES, INCLUDESQL, UNIVOBJECT, JOINABLE, DATAID ) values ( 'DC_E_CUDB:((3)):DC_E_CUDB_LOCSUBS', 'OSS_ID', 'OSS Id', 0, 1, 1, 'varchar', 50, 0, 255, 0, 'HG', 1, 'OSS_ID', null, 'OSS_ID' );
insert into Measurementcounter ( TYPEID, DATANAME, DESCRIPTION, TIMEAGGREGATION, GROUPAGGREGATION, COUNTAGGREGATION, COLNUMBER, DATATYPE, DATASIZE, DATASCALE, INCLUDESQL, UNIVOBJECT, UNIVCLASS, COUNTERTYPE, COUNTERPROCESS, DATAID ) values ( 'DC_E_CUDB:((3)):DC_E_CUDB_LOCSUBS', 'NSGSNBARREDSUBS', 'Number of GPRS subs. with location barred', 'AVG', 'AVG', 'GAUGE', 109, 'numeric', 18, 8, 1, 'NSGSNBARREDSUBS', null, 'GAUGE', 'GAUGE', 'NSGSNBARREDSUBS.actual' );
insert into Measurementcounter ( TYPEID, DATANAME, DESCRIPTION, TIMEAGGREGATION, GROUPAGGREGATION, COUNTAGGREGATION, COLNUMBER, DATATYPE, DATASIZE, DATASCALE, INCLUDESQL, UNIVOBJECT, UNIVCLASS, COUNTERTYPE, COUNTERPROCESS, DATAID ) values ( 'DC_E_CUDB:((3)):DC_E_CUDB_LOCSUBS', 'NSGSNKNOWNSUBS', 'Number of GPRS subs. with location known', 'AVG', 'AVG', 'GAUGE', 106, 'numeric', 18, 8, 1, 'NSGSNKNOWNSUBS', null, 'GAUGE', 'GAUGE', 'NSGSNKNOWNSUBS.actual' );
insert into Measurementcounter ( TYPEID, DATANAME, DESCRIPTION, TIMEAGGREGATION, GROUPAGGREGATION, COUNTAGGREGATION, COLNUMBER, DATATYPE, DATASIZE, DATASCALE, INCLUDESQL, UNIVOBJECT, UNIVCLASS, COUNTERTYPE, COUNTERPROCESS, DATAID ) values ( 'DC_E_CUDB:((3)):DC_E_CUDB_LOCSUBS', 'NSGSNPURGESUBS', 'Number of GPRS subs. with location purge', 'AVG', 'AVG', 'GAUGE', 110, 'numeric', 18, 8, 1, 'NSGSNPURGESUBS', null, 'GAUGE', 'GAUGE', 'NSGSNPURGESUBS.actual' );
insert into Measurementcounter ( TYPEID, DATANAME, DESCRIPTION, TIMEAGGREGATION, GROUPAGGREGATION, COUNTAGGREGATION, COLNUMBER, DATATYPE, DATASIZE, DATASCALE, INCLUDESQL, UNIVOBJECT, UNIVCLASS, COUNTERTYPE, COUNTERPROCESS, DATAID ) values ( 'DC_E_CUDB:((3)):DC_E_CUDB_LOCSUBS', 'NSGSNRESTSUBS', 'Number of GPRS subs. with location restricted', 'AVG', 'AVG', 'GAUGE', 108, 'numeric', 18, 8, 1, 'NSGSNRESTSUBS', null, 'GAUGE', 'GAUGE', 'NSGSNRESTSUBS.actual' );
insert into Measurementcounter ( TYPEID, DATANAME, DESCRIPTION, TIMEAGGREGATION, GROUPAGGREGATION, COUNTAGGREGATION, COLNUMBER, DATATYPE, DATASIZE, DATASCALE, INCLUDESQL, UNIVOBJECT, UNIVCLASS, COUNTERTYPE, COUNTERPROCESS, DATAID ) values ( 'DC_E_CUDB:((3)):DC_E_CUDB_LOCSUBS', 'NSGSNUNKNOWNSUBS', 'Number of GPRS subs. with location unknown', 'AVG', 'AVG', 'GAUGE', 107, 'numeric', 18, 8, 1, 'NSGSNUNKNOWNSUBS', null, 'GAUGE', 'GAUGE', 'NSGSNUNKNOWNSUBS.actual' );
insert into Measurementcounter ( TYPEID, DATANAME, DESCRIPTION, TIMEAGGREGATION, GROUPAGGREGATION, COUNTAGGREGATION, COLNUMBER, DATATYPE, DATASIZE, DATASCALE, INCLUDESQL, UNIVOBJECT, UNIVCLASS, COUNTERTYPE, COUNTERPROCESS, DATAID ) values ( 'DC_E_CUDB:((3)):DC_E_CUDB_LOCSUBS', 'NVLRBARREDSUBS', 'Number of GSM subs. with location barred', 'AVG', 'AVG', 'GAUGE', 104, 'numeric', 18, 8, 1, 'NVLRBARREDSUBS', null, 'GAUGE', 'GAUGE', 'NVLRBARREDSUBS.actual' );
insert into Measurementcounter ( TYPEID, DATANAME, DESCRIPTION, TIMEAGGREGATION, GROUPAGGREGATION, COUNTAGGREGATION, COLNUMBER, DATATYPE, DATASIZE, DATASCALE, INCLUDESQL, UNIVOBJECT, UNIVCLASS, COUNTERTYPE, COUNTERPROCESS, DATAID ) values ( 'DC_E_CUDB:((3)):DC_E_CUDB_LOCSUBS', 'NVLRKNOWNSUBS', 'Number of GSM subs with location known', 'AVG', 'AVG', 'GAUGE', 101, 'numeric', 18, 8, 1, 'NVLRKNOWNSUBS', null, 'GAUGE', 'GAUGE', 'NVLRKNOWNSUBS.actual' );
insert into Measurementcounter ( TYPEID, DATANAME, DESCRIPTION, TIMEAGGREGATION, GROUPAGGREGATION, COUNTAGGREGATION, COLNUMBER, DATATYPE, DATASIZE, DATASCALE, INCLUDESQL, UNIVOBJECT, UNIVCLASS, COUNTERTYPE, COUNTERPROCESS, DATAID ) values ( 'DC_E_CUDB:((3)):DC_E_CUDB_LOCSUBS', 'NVLRPURGESUBS', 'Number of GSM subs. with location purge', 'AVG', 'AVG', 'GAUGE', 105, 'numeric', 18, 8, 1, 'NVLRPURGESUBS', null, 'GAUGE', 'GAUGE', 'NVLRPURGESUBS.actual' );
insert into Measurementcounter ( TYPEID, DATANAME, DESCRIPTION, TIMEAGGREGATION, GROUPAGGREGATION, COUNTAGGREGATION, COLNUMBER, DATATYPE, DATASIZE, DATASCALE, INCLUDESQL, UNIVOBJECT, UNIVCLASS, COUNTERTYPE, COUNTERPROCESS, DATAID ) values ( 'DC_E_CUDB:((3)):DC_E_CUDB_LOCSUBS', 'NVLRRESTSUBS', 'Number of GSM subs. with location restricted', 'AVG', 'AVG', 'GAUGE', 103, 'numeric', 18, 8, 1, 'NVLRRESTSUBS', null, 'GAUGE', 'GAUGE', 'NVLRRESTSUBS.actual' );
insert into Measurementcounter ( TYPEID, DATANAME, DESCRIPTION, TIMEAGGREGATION, GROUPAGGREGATION, COUNTAGGREGATION, COLNUMBER, DATATYPE, DATASIZE, DATASCALE, INCLUDESQL, UNIVOBJECT, UNIVCLASS, COUNTERTYPE, COUNTERPROCESS, DATAID ) values ( 'DC_E_CUDB:((3)):DC_E_CUDB_LOCSUBS', 'NVLRUNKNOWNSUBS', 'Number of GSM subs. with location unknown', 'AVG', 'AVG', 'GAUGE', 102, 'numeric', 18, 8, 1, 'NVLRUNKNOWNSUBS', null, 'GAUGE', 'GAUGE', 'NVLRUNKNOWNSUBS.actual' );
insert into Measurementtable ( MTABLEID, TABLELEVEL, TYPEID, BASETABLENAME, DEFAULT_TEMPLATE, PARTITIONPLAN ) values ( 'DC_E_CUDB:((3)):DC_E_CUDB_LOCSUBS:DAY', 'DAY', 'DC_E_CUDB:((3)):DC_E_CUDB_LOCSUBS', 'DC_E_CUDB_LOCSUBS_DAY', null, 'small_day' );
insert into Measurementcolumn ( MTABLEID, DATANAME, COLNUMBER, DATATYPE, DATASIZE, DATASCALE, UNIQUEVALUE, NULLABLE, INDEXES, DESCRIPTION, DATAID, RELEASEID, UNIQUEKEY, INCLUDESQL, COLTYPE ) values ( 'DC_E_CUDB:((3)):DC_E_CUDB_LOCSUBS:DAY', 'AGG_COUNT', 57, 'smallint', 0, 0, 255, 1, '', '', 'AGG_COUNT', 'BASE_TP_090421', 0, 0, null );
insert into Measurementcolumn ( MTABLEID, DATANAME, COLNUMBER, DATATYPE, DATASIZE, DATASCALE, UNIQUEVALUE, NULLABLE, INDEXES, DESCRIPTION, DATAID, RELEASEID, UNIQUEKEY, INCLUDESQL, COLTYPE ) values ( 'DC_E_CUDB:((3)):DC_E_CUDB_LOCSUBS:DAY', 'BATCH_ID', 60, 'smallint', 0, 0, 255, 1, '', '', 'BATCH_ID', 'BASE_TP_090421', 0, 0, null );
insert into Measurementcolumn ( MTABLEID, DATANAME, COLNUMBER, DATATYPE, DATASIZE, DATASCALE, UNIQUEVALUE, NULLABLE, INDEXES, DESCRIPTION, DATAID, RELEASEID, UNIQUEKEY, INCLUDESQL, COLTYPE ) values ( 'DC_E_CUDB:((3)):DC_E_CUDB_LOCSUBS:DAY', 'DATACOVERAGE', 56, 'unsigned int', 0, 0, 255, 1, '', '', 'DATACOVERAGE', 'BASE_TP_090421', 0, 1, null );
insert into Measurementcolumn ( MTABLEID, DATANAME, COLNUMBER, DATATYPE, DATASIZE, DATASCALE, UNIQUEVALUE, NULLABLE, INDEXES, DESCRIPTION, DATAID, RELEASEID, UNIQUEKEY, INCLUDESQL, COLTYPE ) values ( 'DC_E_CUDB:((3)):DC_E_CUDB_LOCSUBS:DAY', 'DATE_ID', 51, 'date', 0, 0, 255, 1, 'LF', '', 'DATE_ID', 'BASE_TP_090421', 1, 1, null );
insert into Measurementcolumn ( MTABLEID, DATANAME, COLNUMBER, DATATYPE, DATASIZE, DATASCALE, UNIQUEVALUE, NULLABLE, INDEXES, DESCRIPTION, DATAID, RELEASEID, UNIQUEKEY, INCLUDESQL, COLTYPE ) values ( 'DC_E_CUDB:((3)):DC_E_CUDB_LOCSUBS:DAY', 'DAY_ID', 54, 'tinyint', 0, 0, 31, 1, 'LF', '', 'DAY_ID', 'BASE_TP_090421', 0, 0, null );
insert into Measurementcolumn ( MTABLEID, DATANAME, COLNUMBER, DATATYPE, DATASIZE, DATASCALE, UNIQUEVALUE, NULLABLE, INDEXES, DESCRIPTION, DATAID, RELEASEID, UNIQUEKEY, INCLUDESQL, COLTYPE ) values ( 'DC_E_CUDB:((3)):DC_E_CUDB_LOCSUBS:DAY', 'DC_RELEASE', 63, 'varchar', 16, 0, 2, 1, 'LF', '', 'DC_RELEASE', 'BASE_TP_090421', 1, 1, null );
insert into Measurementcolumn ( MTABLEID, DATANAME, COLNUMBER, DATATYPE, DATASIZE, DATASCALE, UNIQUEVALUE, NULLABLE, INDEXES, DESCRIPTION, DATAID, RELEASEID, UNIQUEKEY, INCLUDESQL, COLTYPE ) values ( 'DC_E_CUDB:((3)):DC_E_CUDB_LOCSUBS:DAY', 'DC_SOURCE', 64, 'varchar', 16, 0, 2, 1, 'LF', '', 'DC_SOURCE', 'BASE_TP_090421', 0, 1, null );
insert into Measurementcolumn ( MTABLEID, DATANAME, COLNUMBER, DATATYPE, DATASIZE, DATASCALE, UNIQUEVALUE, NULLABLE, INDEXES, DESCRIPTION, DATAID, RELEASEID, UNIQUEKEY, INCLUDESQL, COLTYPE ) values ( 'DC_E_CUDB:((3)):DC_E_CUDB_LOCSUBS:DAY', 'DC_SUSPECTFLAG', 66, 'int', 0, 0, 2, 1, 'LF', '', 'DC_SUSPECTFLAG', 'BASE_TP_090421', 0, 1, null );
insert into Measurementcolumn ( MTABLEID, DATANAME, COLNUMBER, DATATYPE, DATASIZE, DATASCALE, UNIQUEVALUE, NULLABLE, INDEXES, DESCRIPTION, DATAID, RELEASEID, UNIQUEKEY, INCLUDESQL, COLTYPE ) values ( 'DC_E_CUDB:((3)):DC_E_CUDB_LOCSUBS:DAY', 'DC_TIMEZONE', 65, 'varchar', 16, 0, 2, 1, 'LF', '', 'DC_TIMEZONE', 'BASE_TP_090421', 0, 1, null );
insert into Measurementcolumn ( MTABLEID, DATANAME, COLNUMBER, DATATYPE, DATASIZE, DATASCALE, UNIQUEVALUE, NULLABLE, INDEXES, DESCRIPTION, DATAID, RELEASEID, UNIQUEKEY, INCLUDESQL, COLTYPE ) values ( 'DC_E_CUDB:((3)):DC_E_CUDB_LOCSUBS:DAY', 'MONTH_ID', 53, 'tinyint', 0, 0, 12, 1, 'LF', '', 'MONTH_ID', 'BASE_TP_090421', 0, 0, null );
insert into Measurementcolumn ( MTABLEID, DATANAME, COLNUMBER, DATATYPE, DATASIZE, DATASCALE, UNIQUEVALUE, NULLABLE, INDEXES, DESCRIPTION, DATAID, RELEASEID, UNIQUEKEY, INCLUDESQL, COLTYPE ) values ( 'DC_E_CUDB:((3)):DC_E_CUDB_LOCSUBS:DAY', 'NE_ID', 2, 'varchar', 35, 0, 255, 0, 'HG', 'Network Element Id', 'NEID', 'DC_E_CUDB:((FINAL))', 1, 1, 'KEY' );
insert into Measurementcolumn ( MTABLEID, DATANAME, COLNUMBER, DATATYPE, DATASIZE, DATASCALE, UNIQUEVALUE, NULLABLE, INDEXES, DESCRIPTION, DATAID, RELEASEID, UNIQUEKEY, INCLUDESQL, COLTYPE ) values ( 'DC_E_CUDB:((3)):DC_E_CUDB_LOCSUBS:DAY', 'NSGSNBARREDSUBS', 109, 'numeric', 18, 8, 255, 1, '', 'Number of GPRS subs. with location barred', 'NSGSNBARREDSUBS.actual', 'DC_E_CUDB:((FINAL))', 0, 1, 'COUNTER' );
insert into Measurementcolumn ( MTABLEID, DATANAME, COLNUMBER, DATATYPE, DATASIZE, DATASCALE, UNIQUEVALUE, NULLABLE, INDEXES, DESCRIPTION, DATAID, RELEASEID, UNIQUEKEY, INCLUDESQL, COLTYPE ) values ( 'DC_E_CUDB:((3)):DC_E_CUDB_LOCSUBS:DAY', 'NSGSNKNOWNSUBS', 106, 'numeric', 18, 8, 255, 1, '', 'Number of GPRS subs. with location known', 'NSGSNKNOWNSUBS.actual', 'DC_E_CUDB:((FINAL))', 0, 1, 'COUNTER' );
insert into Measurementcolumn ( MTABLEID, DATANAME, COLNUMBER, DATATYPE, DATASIZE, DATASCALE, UNIQUEVALUE, NULLABLE, INDEXES, DESCRIPTION, DATAID, RELEASEID, UNIQUEKEY, INCLUDESQL, COLTYPE ) values ( 'DC_E_CUDB:((3)):DC_E_CUDB_LOCSUBS:DAY', 'NSGSNPURGESUBS', 110, 'numeric', 18, 8, 255, 1, '', 'Number of GPRS subs. with location purge', 'NSGSNPURGESUBS.actual', 'DC_E_CUDB:((FINAL))', 0, 1, 'COUNTER' );
insert into Measurementcolumn ( MTABLEID, DATANAME, COLNUMBER, DATATYPE, DATASIZE, DATASCALE, UNIQUEVALUE, NULLABLE, INDEXES, DESCRIPTION, DATAID, RELEASEID, UNIQUEKEY, INCLUDESQL, COLTYPE ) values ( 'DC_E_CUDB:((3)):DC_E_CUDB_LOCSUBS:DAY', 'NSGSNRESTSUBS', 108, 'numeric', 18, 8, 255, 1, '', 'Number of GPRS subs. with location restricted', 'NSGSNRESTSUBS.actual', 'DC_E_CUDB:((FINAL))', 0, 1, 'COUNTER' );
insert into Measurementcolumn ( MTABLEID, DATANAME, COLNUMBER, DATATYPE, DATASIZE, DATASCALE, UNIQUEVALUE, NULLABLE, INDEXES, DESCRIPTION, DATAID, RELEASEID, UNIQUEKEY, INCLUDESQL, COLTYPE ) values ( 'DC_E_CUDB:((3)):DC_E_CUDB_LOCSUBS:DAY', 'NSGSNUNKNOWNSUBS', 107, 'numeric', 18, 8, 255, 1, '', 'Number of GPRS subs. with location unknown', 'NSGSNUNKNOWNSUBS.actual', 'DC_E_CUDB:((FINAL))', 0, 1, 'COUNTER' );
insert into Measurementcolumn ( MTABLEID, DATANAME, COLNUMBER, DATATYPE, DATASIZE, DATASCALE, UNIQUEVALUE, NULLABLE, INDEXES, DESCRIPTION, DATAID, RELEASEID, UNIQUEKEY, INCLUDESQL, COLTYPE ) values ( 'DC_E_CUDB:((3)):DC_E_CUDB_LOCSUBS:DAY', 'NVLRBARREDSUBS', 104, 'numeric', 18, 8, 255, 1, '', 'Number of GSM subs. with location barred', 'NVLRBARREDSUBS.actual', 'DC_E_CUDB:((FINAL))', 0, 1, 'COUNTER' );
insert into Measurementcolumn ( MTABLEID, DATANAME, COLNUMBER, DATATYPE, DATASIZE, DATASCALE, UNIQUEVALUE, NULLABLE, INDEXES, DESCRIPTION, DATAID, RELEASEID, UNIQUEKEY, INCLUDESQL, COLTYPE ) values ( 'DC_E_CUDB:((3)):DC_E_CUDB_LOCSUBS:DAY', 'NVLRKNOWNSUBS', 101, 'numeric', 18, 8, 255, 1, '', 'Number of GSM subs with location known', 'NVLRKNOWNSUBS.actual', 'DC_E_CUDB:((FINAL))', 0, 1, 'COUNTER' );
insert into Measurementcolumn ( MTABLEID, DATANAME, COLNUMBER, DATATYPE, DATASIZE, DATASCALE, UNIQUEVALUE, NULLABLE, INDEXES, DESCRIPTION, DATAID, RELEASEID, UNIQUEKEY, INCLUDESQL, COLTYPE ) values ( 'DC_E_CUDB:((3)):DC_E_CUDB_LOCSUBS:DAY', 'NVLRPURGESUBS', 105, 'numeric', 18, 8, 255, 1, '', 'Number of GSM subs. with location purge', 'NVLRPURGESUBS.actual', 'DC_E_CUDB:((FINAL))', 0, 1, 'COUNTER' );
insert into Measurementcolumn ( MTABLEID, DATANAME, COLNUMBER, DATATYPE, DATASIZE, DATASCALE, UNIQUEVALUE, NULLABLE, INDEXES, DESCRIPTION, DATAID, RELEASEID, UNIQUEKEY, INCLUDESQL, COLTYPE ) values ( 'DC_E_CUDB:((3)):DC_E_CUDB_LOCSUBS:DAY', 'NVLRRESTSUBS', 103, 'numeric', 18, 8, 255, 1, '', 'Number of GSM subs. with location restricted', 'NVLRRESTSUBS.actual', 'DC_E_CUDB:((FINAL))', 0, 1, 'COUNTER' );
insert into Measurementcolumn ( MTABLEID, DATANAME, COLNUMBER, DATATYPE, DATASIZE, DATASCALE, UNIQUEVALUE, NULLABLE, INDEXES, DESCRIPTION, DATAID, RELEASEID, UNIQUEKEY, INCLUDESQL, COLTYPE ) values ( 'DC_E_CUDB:((3)):DC_E_CUDB_LOCSUBS:DAY', 'NVLRUNKNOWNSUBS', 102, 'numeric', 18, 8, 255, 1, '', 'Number of GSM subs. with location unknown', 'NVLRUNKNOWNSUBS.actual', 'DC_E_CUDB:((FINAL))', 0, 1, 'COUNTER' );
insert into Measurementcolumn ( MTABLEID, DATANAME, COLNUMBER, DATATYPE, DATASIZE, DATASCALE, UNIQUEVALUE, NULLABLE, INDEXES, DESCRIPTION, DATAID, RELEASEID, UNIQUEKEY, INCLUDESQL, COLTYPE ) values ( 'DC_E_CUDB:((3)):DC_E_CUDB_LOCSUBS:DAY', 'OSS_ID', 1, 'varchar', 50, 0, 255, 0, 'HG', 'OSS Id', 'OSS_ID', 'DC_E_CUDB:((FINAL))', 1, 1, 'KEY' );
insert into Measurementcolumn ( MTABLEID, DATANAME, COLNUMBER, DATATYPE, DATASIZE, DATASCALE, UNIQUEVALUE, NULLABLE, INDEXES, DESCRIPTION, DATAID, RELEASEID, UNIQUEKEY, INCLUDESQL, COLTYPE ) values ( 'DC_E_CUDB:((3)):DC_E_CUDB_LOCSUBS:DAY', 'PERIOD_DURATION', 61, 'unsigned int', 0, 0, 10, 1, '', '', 'PERIOD_DURATION', 'BASE_TP_090421', 0, 1, null );
insert into Measurementcolumn ( MTABLEID, DATANAME, COLNUMBER, DATATYPE, DATASIZE, DATASCALE, UNIQUEVALUE, NULLABLE, INDEXES, DESCRIPTION, DATAID, RELEASEID, UNIQUEKEY, INCLUDESQL, COLTYPE ) values ( 'DC_E_CUDB:((3)):DC_E_CUDB_LOCSUBS:DAY', 'ROWSTATUS', 62, 'varchar', 16, 0, 10, 1, '', '', 'ROWSTATUS', 'BASE_TP_090421', 0, 1, null );
insert into Measurementcolumn ( MTABLEID, DATANAME, COLNUMBER, DATATYPE, DATASIZE, DATASCALE, UNIQUEVALUE, NULLABLE, INDEXES, DESCRIPTION, DATAID, RELEASEID, UNIQUEKEY, INCLUDESQL, COLTYPE ) values ( 'DC_E_CUDB:((3)):DC_E_CUDB_LOCSUBS:DAY', 'SESSION_ID', 59, 'unsigned int', 0, 0, 255, 1, '', '', 'SESSION_ID', 'BASE_TP_090421', 0, 0, null );
insert into Measurementcolumn ( MTABLEID, DATANAME, COLNUMBER, DATATYPE, DATASIZE, DATASCALE, UNIQUEVALUE, NULLABLE, INDEXES, DESCRIPTION, DATAID, RELEASEID, UNIQUEKEY, INCLUDESQL, COLTYPE ) values ( 'DC_E_CUDB:((3)):DC_E_CUDB_LOCSUBS:DAY', 'TIMELEVEL', 58, 'varchar', 10, 0, 10, 1, 'LF', '', 'TIMELEVEL', 'BASE_TP_090421', 0, 0, null );
insert into Measurementcolumn ( MTABLEID, DATANAME, COLNUMBER, DATATYPE, DATASIZE, DATASCALE, UNIQUEVALUE, NULLABLE, INDEXES, DESCRIPTION, DATAID, RELEASEID, UNIQUEKEY, INCLUDESQL, COLTYPE ) values ( 'DC_E_CUDB:((3)):DC_E_CUDB_LOCSUBS:DAY', 'WEEK_ID', 55, 'tinyint', 0, 0, 53, 1, 'LF', '', 'WEEK_ID', 'BASE_TP_090421', 0, 0, null );
insert into Measurementcolumn ( MTABLEID, DATANAME, COLNUMBER, DATATYPE, DATASIZE, DATASCALE, UNIQUEVALUE, NULLABLE, INDEXES, DESCRIPTION, DATAID, RELEASEID, UNIQUEKEY, INCLUDESQL, COLTYPE ) values ( 'DC_E_CUDB:((3)):DC_E_CUDB_LOCSUBS:DAY', 'YEAR_ID', 52, 'smallint', 0, 0, 20, 1, 'LF', '', 'YEAR_ID', 'BASE_TP_090421', 0, 0, null );
insert into Measurementtable ( MTABLEID, TABLELEVEL, TYPEID, BASETABLENAME, DEFAULT_TEMPLATE, PARTITIONPLAN ) values ( 'DC_E_CUDB:((3)):DC_E_CUDB_LOCSUBS:RAW', 'RAW', 'DC_E_CUDB:((3)):DC_E_CUDB_LOCSUBS', 'DC_E_CUDB_LOCSUBS_RAW', null, 'small_raw' );
insert into Measurementcolumn ( MTABLEID, DATANAME, COLNUMBER, DATATYPE, DATASIZE, DATASCALE, UNIQUEVALUE, NULLABLE, INDEXES, DESCRIPTION, DATAID, RELEASEID, UNIQUEKEY, INCLUDESQL, COLTYPE ) values ( 'DC_E_CUDB:((3)):DC_E_CUDB_LOCSUBS:RAW', 'BATCH_ID', 60, 'smallint', 0, 0, 255, 1, '', '', 'BATCH_ID', 'BASE_TP_090421', 0, 0, null );
insert into Measurementcolumn ( MTABLEID, DATANAME, COLNUMBER, DATATYPE, DATASIZE, DATASCALE, UNIQUEVALUE, NULLABLE, INDEXES, DESCRIPTION, DATAID, RELEASEID, UNIQUEKEY, INCLUDESQL, COLTYPE ) values ( 'DC_E_CUDB:((3)):DC_E_CUDB_LOCSUBS:RAW', 'DATE_ID', 51, 'date', 0, 0, 255, 1, 'LF', '', 'DATE_ID', 'BASE_TP_090421', 0, 0, null );
insert into Measurementcolumn ( MTABLEID, DATANAME, COLNUMBER, DATATYPE, DATASIZE, DATASCALE, UNIQUEVALUE, NULLABLE, INDEXES, DESCRIPTION, DATAID, RELEASEID, UNIQUEKEY, INCLUDESQL, COLTYPE ) values ( 'DC_E_CUDB:((3)):DC_E_CUDB_LOCSUBS:RAW', 'DATETIME_ID', 56, 'datetime', 0, 0, 255, 1, 'HG', '', 'DATETIME_ID', 'BASE_TP_090421', 1, 1, null );
insert into Measurementcolumn ( MTABLEID, DATANAME, COLNUMBER, DATATYPE, DATASIZE, DATASCALE, UNIQUEVALUE, NULLABLE, INDEXES, DESCRIPTION, DATAID, RELEASEID, UNIQUEKEY, INCLUDESQL, COLTYPE ) values ( 'DC_E_CUDB:((3)):DC_E_CUDB_LOCSUBS:RAW', 'DAY_ID', 54, 'tinyint', 0, 0, 31, 1, 'LF', '', 'DAY_ID', 'BASE_TP_090421', 0, 0, null );
insert into Measurementcolumn ( MTABLEID, DATANAME, COLNUMBER, DATATYPE, DATASIZE, DATASCALE, UNIQUEVALUE, NULLABLE, INDEXES, DESCRIPTION, DATAID, RELEASEID, UNIQUEKEY, INCLUDESQL, COLTYPE ) values ( 'DC_E_CUDB:((3)):DC_E_CUDB_LOCSUBS:RAW', 'DC_RELEASE', 63, 'varchar', 16, 0, 2, 1, 'LF', '', 'DC_RELEASE', 'BASE_TP_090421', 0, 1, null );
insert into Measurementcolumn ( MTABLEID, DATANAME, COLNUMBER, DATATYPE, DATASIZE, DATASCALE, UNIQUEVALUE, NULLABLE, INDEXES, DESCRIPTION, DATAID, RELEASEID, UNIQUEKEY, INCLUDESQL, COLTYPE ) values ( 'DC_E_CUDB:((3)):DC_E_CUDB_LOCSUBS:RAW', 'DC_SOURCE', 64, 'varchar', 16, 0, 2, 1, 'LF', '', 'DC_SOURCE', 'BASE_TP_090421', 0, 1, null );
insert into Measurementcolumn ( MTABLEID, DATANAME, COLNUMBER, DATATYPE, DATASIZE, DATASCALE, UNIQUEVALUE, NULLABLE, INDEXES, DESCRIPTION, DATAID, RELEASEID, UNIQUEKEY, INCLUDESQL, COLTYPE ) values ( 'DC_E_CUDB:((3)):DC_E_CUDB_LOCSUBS:RAW', 'DC_SUSPECTFLAG', 66, 'int', 0, 0, 2, 1, 'LF', '', 'DC_SUSPECTFLAG', 'BASE_TP_090421', 0, 1, null );
insert into Measurementcolumn ( MTABLEID, DATANAME, COLNUMBER, DATATYPE, DATASIZE, DATASCALE, UNIQUEVALUE, NULLABLE, INDEXES, DESCRIPTION, DATAID, RELEASEID, UNIQUEKEY, INCLUDESQL, COLTYPE ) values ( 'DC_E_CUDB:((3)):DC_E_CUDB_LOCSUBS:RAW', 'DC_TIMEZONE', 65, 'varchar', 16, 0, 2, 1, 'LF', '', 'DC_TIMEZONE', 'BASE_TP_090421', 0, 1, null );
insert into Measurementcolumn ( MTABLEID, DATANAME, COLNUMBER, DATATYPE, DATASIZE, DATASCALE, UNIQUEVALUE, NULLABLE, INDEXES, DESCRIPTION, DATAID, RELEASEID, UNIQUEKEY, INCLUDESQL, COLTYPE ) values ( 'DC_E_CUDB:((3)):DC_E_CUDB_LOCSUBS:RAW', 'HOUR_ID', 55, 'tinyint', 0, 0, 24, 1, 'LF', '', 'HOUR_ID', 'BASE_TP_090421', 0, 0, null );
insert into Measurementcolumn ( MTABLEID, DATANAME, COLNUMBER, DATATYPE, DATASIZE, DATASCALE, UNIQUEVALUE, NULLABLE, INDEXES, DESCRIPTION, DATAID, RELEASEID, UNIQUEKEY, INCLUDESQL, COLTYPE ) values ( 'DC_E_CUDB:((3)):DC_E_CUDB_LOCSUBS:RAW', 'MIN_ID', 57, 'tinyint', 0, 0, 60, 1, 'LF', '', 'MIN_ID', 'BASE_TP_090421', 0, 0, null );
insert into Measurementcolumn ( MTABLEID, DATANAME, COLNUMBER, DATATYPE, DATASIZE, DATASCALE, UNIQUEVALUE, NULLABLE, INDEXES, DESCRIPTION, DATAID, RELEASEID, UNIQUEKEY, INCLUDESQL, COLTYPE ) values ( 'DC_E_CUDB:((3)):DC_E_CUDB_LOCSUBS:RAW', 'MONTH_ID', 53, 'tinyint', 0, 0, 12, 1, 'LF', '', 'MONTH_ID', 'BASE_TP_090421', 0, 0, null );
insert into Measurementcolumn ( MTABLEID, DATANAME, COLNUMBER, DATATYPE, DATASIZE, DATASCALE, UNIQUEVALUE, NULLABLE, INDEXES, DESCRIPTION, DATAID, RELEASEID, UNIQUEKEY, INCLUDESQL, COLTYPE ) values ( 'DC_E_CUDB:((3)):DC_E_CUDB_LOCSUBS:RAW', 'NE_ID', 2, 'varchar', 35, 0, 255, 0, 'HG', 'Network Element Id', 'NEID', 'DC_E_CUDB:((FINAL))', 1, 1, 'KEY' );
insert into Measurementcolumn ( MTABLEID, DATANAME, COLNUMBER, DATATYPE, DATASIZE, DATASCALE, UNIQUEVALUE, NULLABLE, INDEXES, DESCRIPTION, DATAID, RELEASEID, UNIQUEKEY, INCLUDESQL, COLTYPE ) values ( 'DC_E_CUDB:((3)):DC_E_CUDB_LOCSUBS:RAW', 'NSGSNBARREDSUBS', 109, 'numeric', 18, 8, 255, 1, '', 'Number of GPRS subs. with location barred', 'NSGSNBARREDSUBS.actual', 'DC_E_CUDB:((FINAL))', 0, 1, 'COUNTER' );
insert into Measurementcolumn ( MTABLEID, DATANAME, COLNUMBER, DATATYPE, DATASIZE, DATASCALE, UNIQUEVALUE, NULLABLE, INDEXES, DESCRIPTION, DATAID, RELEASEID, UNIQUEKEY, INCLUDESQL, COLTYPE ) values ( 'DC_E_CUDB:((3)):DC_E_CUDB_LOCSUBS:RAW', 'NSGSNKNOWNSUBS', 106, 'numeric', 18, 8, 255, 1, '', 'Number of GPRS subs. with location known', 'NSGSNKNOWNSUBS.actual', 'DC_E_CUDB:((FINAL))', 0, 1, 'COUNTER' );
insert into Measurementcolumn ( MTABLEID, DATANAME, COLNUMBER, DATATYPE, DATASIZE, DATASCALE, UNIQUEVALUE, NULLABLE, INDEXES, DESCRIPTION, DATAID, RELEASEID, UNIQUEKEY, INCLUDESQL, COLTYPE ) values ( 'DC_E_CUDB:((3)):DC_E_CUDB_LOCSUBS:RAW', 'NSGSNPURGESUBS', 110, 'numeric', 18, 8, 255, 1, '', 'Number of GPRS subs. with location purge', 'NSGSNPURGESUBS.actual', 'DC_E_CUDB:((FINAL))', 0, 1, 'COUNTER' );
insert into Measurementcolumn ( MTABLEID, DATANAME, COLNUMBER, DATATYPE, DATASIZE, DATASCALE, UNIQUEVALUE, NULLABLE, INDEXES, DESCRIPTION, DATAID, RELEASEID, UNIQUEKEY, INCLUDESQL, COLTYPE ) values ( 'DC_E_CUDB:((3)):DC_E_CUDB_LOCSUBS:RAW', 'NSGSNRESTSUBS', 108, 'numeric', 18, 8, 255, 1, '', 'Number of GPRS subs. with location restricted', 'NSGSNRESTSUBS.actual', 'DC_E_CUDB:((FINAL))', 0, 1, 'COUNTER' );
insert into Measurementcolumn ( MTABLEID, DATANAME, COLNUMBER, DATATYPE, DATASIZE, DATASCALE, UNIQUEVALUE, NULLABLE, INDEXES, DESCRIPTION, DATAID, RELEASEID, UNIQUEKEY, INCLUDESQL, COLTYPE ) values ( 'DC_E_CUDB:((3)):DC_E_CUDB_LOCSUBS:RAW', 'NSGSNUNKNOWNSUBS', 107, 'numeric', 18, 8, 255, 1, '', 'Number of GPRS subs. with location unknown', 'NSGSNUNKNOWNSUBS.actual', 'DC_E_CUDB:((FINAL))', 0, 1, 'COUNTER' );
insert into Measurementcolumn ( MTABLEID, DATANAME, COLNUMBER, DATATYPE, DATASIZE, DATASCALE, UNIQUEVALUE, NULLABLE, INDEXES, DESCRIPTION, DATAID, RELEASEID, UNIQUEKEY, INCLUDESQL, COLTYPE ) values ( 'DC_E_CUDB:((3)):DC_E_CUDB_LOCSUBS:RAW', 'NVLRBARREDSUBS', 104, 'numeric', 18, 8, 255, 1, '', 'Number of GSM subs. with location barred', 'NVLRBARREDSUBS.actual', 'DC_E_CUDB:((FINAL))', 0, 1, 'COUNTER' );
insert into Measurementcolumn ( MTABLEID, DATANAME, COLNUMBER, DATATYPE, DATASIZE, DATASCALE, UNIQUEVALUE, NULLABLE, INDEXES, DESCRIPTION, DATAID, RELEASEID, UNIQUEKEY, INCLUDESQL, COLTYPE ) values ( 'DC_E_CUDB:((3)):DC_E_CUDB_LOCSUBS:RAW', 'NVLRKNOWNSUBS', 101, 'numeric', 18, 8, 255, 1, '', 'Number of GSM subs with location known', 'NVLRKNOWNSUBS.actual', 'DC_E_CUDB:((FINAL))', 0, 1, 'COUNTER' );
insert into Measurementcolumn ( MTABLEID, DATANAME, COLNUMBER, DATATYPE, DATASIZE, DATASCALE, UNIQUEVALUE, NULLABLE, INDEXES, DESCRIPTION, DATAID, RELEASEID, UNIQUEKEY, INCLUDESQL, COLTYPE ) values ( 'DC_E_CUDB:((3)):DC_E_CUDB_LOCSUBS:RAW', 'NVLRPURGESUBS', 105, 'numeric', 18, 8, 255, 1, '', 'Number of GSM subs. with location purge', 'NVLRPURGESUBS.actual', 'DC_E_CUDB:((FINAL))', 0, 1, 'COUNTER' );
insert into Measurementcolumn ( MTABLEID, DATANAME, COLNUMBER, DATATYPE, DATASIZE, DATASCALE, UNIQUEVALUE, NULLABLE, INDEXES, DESCRIPTION, DATAID, RELEASEID, UNIQUEKEY, INCLUDESQL, COLTYPE ) values ( 'DC_E_CUDB:((3)):DC_E_CUDB_LOCSUBS:RAW', 'NVLRRESTSUBS', 103, 'numeric', 18, 8, 255, 1, '', 'Number of GSM subs. with location restricted', 'NVLRRESTSUBS.actual', 'DC_E_CUDB:((FINAL))', 0, 1, 'COUNTER' );
insert into Measurementcolumn ( MTABLEID, DATANAME, COLNUMBER, DATATYPE, DATASIZE, DATASCALE, UNIQUEVALUE, NULLABLE, INDEXES, DESCRIPTION, DATAID, RELEASEID, UNIQUEKEY, INCLUDESQL, COLTYPE ) values ( 'DC_E_CUDB:((3)):DC_E_CUDB_LOCSUBS:RAW', 'NVLRUNKNOWNSUBS', 102, 'numeric', 18, 8, 255, 1, '', 'Number of GSM subs. with location unknown', 'NVLRUNKNOWNSUBS.actual', 'DC_E_CUDB:((FINAL))', 0, 1, 'COUNTER' );
insert into Measurementcolumn ( MTABLEID, DATANAME, COLNUMBER, DATATYPE, DATASIZE, DATASCALE, UNIQUEVALUE, NULLABLE, INDEXES, DESCRIPTION, DATAID, RELEASEID, UNIQUEKEY, INCLUDESQL, COLTYPE ) values ( 'DC_E_CUDB:((3)):DC_E_CUDB_LOCSUBS:RAW', 'OSS_ID', 1, 'varchar', 50, 0, 255, 0, 'HG', 'OSS Id', 'OSS_ID', 'DC_E_CUDB:((FINAL))', 1, 1, 'KEY' );
insert into Measurementcolumn ( MTABLEID, DATANAME, COLNUMBER, DATATYPE, DATASIZE, DATASCALE, UNIQUEVALUE, NULLABLE, INDEXES, DESCRIPTION, DATAID, RELEASEID, UNIQUEKEY, INCLUDESQL, COLTYPE ) values ( 'DC_E_CUDB:((3)):DC_E_CUDB_LOCSUBS:RAW', 'PERIOD_DURATION', 61, 'unsigned int', 0, 0, 10, 1, '', '', 'PERIOD_DURATION', 'BASE_TP_090421', 0, 1, null );
insert into Measurementcolumn ( MTABLEID, DATANAME, COLNUMBER, DATATYPE, DATASIZE, DATASCALE, UNIQUEVALUE, NULLABLE, INDEXES, DESCRIPTION, DATAID, RELEASEID, UNIQUEKEY, INCLUDESQL, COLTYPE ) values ( 'DC_E_CUDB:((3)):DC_E_CUDB_LOCSUBS:RAW', 'ROWSTATUS', 62, 'varchar', 16, 0, 10, 1, '', '', 'ROWSTATUS', 'BASE_TP_090421', 0, 1, null );
insert into Measurementcolumn ( MTABLEID, DATANAME, COLNUMBER, DATATYPE, DATASIZE, DATASCALE, UNIQUEVALUE, NULLABLE, INDEXES, DESCRIPTION, DATAID, RELEASEID, UNIQUEKEY, INCLUDESQL, COLTYPE ) values ( 'DC_E_CUDB:((3)):DC_E_CUDB_LOCSUBS:RAW', 'SESSION_ID', 59, 'unsigned int', 0, 0, 255, 1, '', '', 'SESSION_ID', 'BASE_TP_090421', 0, 0, null );
insert into Measurementcolumn ( MTABLEID, DATANAME, COLNUMBER, DATATYPE, DATASIZE, DATASCALE, UNIQUEVALUE, NULLABLE, INDEXES, DESCRIPTION, DATAID, RELEASEID, UNIQUEKEY, INCLUDESQL, COLTYPE ) values ( 'DC_E_CUDB:((3)):DC_E_CUDB_LOCSUBS:RAW', 'TIMELEVEL', 58, 'varchar', 10, 0, 10, 1, 'LF', '', 'TIMELEVEL', 'BASE_TP_090421', 0, 0, null );
insert into Measurementcolumn ( MTABLEID, DATANAME, COLNUMBER, DATATYPE, DATASIZE, DATASCALE, UNIQUEVALUE, NULLABLE, INDEXES, DESCRIPTION, DATAID, RELEASEID, UNIQUEKEY, INCLUDESQL, COLTYPE ) values ( 'DC_E_CUDB:((3)):DC_E_CUDB_LOCSUBS:RAW', 'UTC_DATETIME_ID', 67, 'datetime', 0, 0, 255, 1, 'HG', '', 'UTC_DATETIME_ID', 'BASE_TP_090421', 1, 1, null );
insert into Measurementcolumn ( MTABLEID, DATANAME, COLNUMBER, DATATYPE, DATASIZE, DATASCALE, UNIQUEVALUE, NULLABLE, INDEXES, DESCRIPTION, DATAID, RELEASEID, UNIQUEKEY, INCLUDESQL, COLTYPE ) values ( 'DC_E_CUDB:((3)):DC_E_CUDB_LOCSUBS:RAW', 'YEAR_ID', 52, 'smallint', 0, 0, 20, 1, 'LF', '', 'YEAR_ID', 'BASE_TP_090421', 0, 0, null );
insert into Measurementtype ( TYPEID, TYPECLASSID, TYPENAME, VENDORID, FOLDERNAME, DESCRIPTION, STATUS, VERSIONID, OBJECTID, OBJECTNAME, OBJECTVERSION, OBJECTTYPE, JOINABLE, SIZING, TOTALAGG, ELEMENTBHSUPPORT, RANKINGTABLE, DELTACALCSUPPORT, PLAINTABLE, UNIVERSEEXTENSION, VECTORSUPPORT, DATAFORMATSUPPORT ) values ( 'DC_E_CUDB:((3)):DC_E_CUDB_NAMSUBS', 'DC_E_CUDB:((3)):DC_E_CUDB_HLR', 'DC_E_CUDB_NAMSUBS', 'DC_E_CUDB', 'DC_E_CUDB_NAMSUBS', 'HLR application subscriber counters', null, 'DC_E_CUDB:((3))', 'DC_E_CUDB:((3)):DC_E_CUDB_NAMSUBS', 'DC_E_CUDB_NAMSUBS', null, null, '', 'small', 1, 0, 0, 0, 0, 'ALL', 0, 1 );
insert into Measurementkey ( TYPEID, DATANAME, DESCRIPTION, ISELEMENT, UNIQUEKEY, COLNUMBER, DATATYPE, DATASIZE, DATASCALE, UNIQUEVALUE, NULLABLE, INDEXES, INCLUDESQL, UNIVOBJECT, JOINABLE, DATAID ) values ( 'DC_E_CUDB:((3)):DC_E_CUDB_NAMSUBS', 'NE_ID', 'Network Element Id', 1, 1, 2, 'varchar', 35, 0, 255, 0, 'HG', 1, 'NE_ID', null, 'NEID' );
insert into Measurementkey ( TYPEID, DATANAME, DESCRIPTION, ISELEMENT, UNIQUEKEY, COLNUMBER, DATATYPE, DATASIZE, DATASCALE, UNIQUEVALUE, NULLABLE, INDEXES, INCLUDESQL, UNIVOBJECT, JOINABLE, DATAID ) values ( 'DC_E_CUDB:((3)):DC_E_CUDB_NAMSUBS', 'OSS_ID', 'OSS Id', 0, 1, 1, 'varchar', 50, 0, 255, 0, 'HG', 1, 'OSS_ID', null, 'OSS_ID' );
insert into Measurementcounter ( TYPEID, DATANAME, DESCRIPTION, TIMEAGGREGATION, GROUPAGGREGATION, COUNTAGGREGATION, COLNUMBER, DATATYPE, DATASIZE, DATASCALE, INCLUDESQL, UNIVOBJECT, UNIVCLASS, COUNTERTYPE, COUNTERPROCESS, DATAID ) values ( 'DC_E_CUDB:((3)):DC_E_CUDB_NAMSUBS', 'BOTHGPRSCNT', 'Number of mobile subscribers registered in CUDB due to HLR 					application with both GPRS and non-GRS only NAM', 'AVG', 'AVG', 'GAUGE', 103, 'numeric', 18, 8, 1, 'BOTHGPRSCNT', null, 'GAUGE', 'GAUGE', 'BOTHGPRSCNT.actual' );
insert into Measurementcounter ( TYPEID, DATANAME, DESCRIPTION, TIMEAGGREGATION, GROUPAGGREGATION, COUNTAGGREGATION, COLNUMBER, DATATYPE, DATASIZE, DATASCALE, INCLUDESQL, UNIVOBJECT, UNIVCLASS, COUNTERTYPE, COUNTERPROCESS, DATAID ) values ( 'DC_E_CUDB:((3)):DC_E_CUDB_NAMSUBS', 'GPRSCNT', 'Number of mobile subscribers registered in CUDB due to HLR 					application with GRS only NAM', 'AVG', 'AVG', 'GAUGE', 102, 'numeric', 18, 8, 1, 'GPRSCNT', null, 'GAUGE', 'GAUGE', 'GPRSCNT.actual' );
insert into Measurementcounter ( TYPEID, DATANAME, DESCRIPTION, TIMEAGGREGATION, GROUPAGGREGATION, COUNTAGGREGATION, COLNUMBER, DATATYPE, DATASIZE, DATASCALE, INCLUDESQL, UNIVOBJECT, UNIVCLASS, COUNTERTYPE, COUNTERPROCESS, DATAID ) values ( 'DC_E_CUDB:((3)):DC_E_CUDB_NAMSUBS', 'NONGPRSCNT', 'Number of mobile subscribers registered in CUDB due to HLR 					application with non-GRS only NAM', 'AVG', 'AVG', 'GAUGE', 101, 'numeric', 18, 8, 1, 'NONGPRSCNT', null, 'GAUGE', 'GAUGE', 'NONGPRSCNT.actual' );
insert into Measurementtable ( MTABLEID, TABLELEVEL, TYPEID, BASETABLENAME, DEFAULT_TEMPLATE, PARTITIONPLAN ) values ( 'DC_E_CUDB:((3)):DC_E_CUDB_NAMSUBS:DAY', 'DAY', 'DC_E_CUDB:((3)):DC_E_CUDB_NAMSUBS', 'DC_E_CUDB_NAMSUBS_DAY', null, 'small_day' );
insert into Measurementcolumn ( MTABLEID, DATANAME, COLNUMBER, DATATYPE, DATASIZE, DATASCALE, UNIQUEVALUE, NULLABLE, INDEXES, DESCRIPTION, DATAID, RELEASEID, UNIQUEKEY, INCLUDESQL, COLTYPE ) values ( 'DC_E_CUDB:((3)):DC_E_CUDB_NAMSUBS:DAY', 'AGG_COUNT', 57, 'smallint', 0, 0, 255, 1, '', '', 'AGG_COUNT', 'BASE_TP_090421', 0, 0, null );
insert into Measurementcolumn ( MTABLEID, DATANAME, COLNUMBER, DATATYPE, DATASIZE, DATASCALE, UNIQUEVALUE, NULLABLE, INDEXES, DESCRIPTION, DATAID, RELEASEID, UNIQUEKEY, INCLUDESQL, COLTYPE ) values ( 'DC_E_CUDB:((3)):DC_E_CUDB_NAMSUBS:DAY', 'BATCH_ID', 60, 'smallint', 0, 0, 255, 1, '', '', 'BATCH_ID', 'BASE_TP_090421', 0, 0, null );
insert into Measurementcolumn ( MTABLEID, DATANAME, COLNUMBER, DATATYPE, DATASIZE, DATASCALE, UNIQUEVALUE, NULLABLE, INDEXES, DESCRIPTION, DATAID, RELEASEID, UNIQUEKEY, INCLUDESQL, COLTYPE ) values ( 'DC_E_CUDB:((3)):DC_E_CUDB_NAMSUBS:DAY', 'BOTHGPRSCNT', 103, 'numeric', 18, 8, 255, 1, '', 'Number of mobile subscribers registered in CUDB due to HLR 					application with both GPRS and non-GRS only NAM', 'BOTHGPRSCNT.actual', 'DC_E_CUDB:((FINAL))', 0, 1, 'COUNTER' );
insert into Measurementcolumn ( MTABLEID, DATANAME, COLNUMBER, DATATYPE, DATASIZE, DATASCALE, UNIQUEVALUE, NULLABLE, INDEXES, DESCRIPTION, DATAID, RELEASEID, UNIQUEKEY, INCLUDESQL, COLTYPE ) values ( 'DC_E_CUDB:((3)):DC_E_CUDB_NAMSUBS:DAY', 'DATACOVERAGE', 56, 'unsigned int', 0, 0, 255, 1, '', '', 'DATACOVERAGE', 'BASE_TP_090421', 0, 1, null );
insert into Measurementcolumn ( MTABLEID, DATANAME, COLNUMBER, DATATYPE, DATASIZE, DATASCALE, UNIQUEVALUE, NULLABLE, INDEXES, DESCRIPTION, DATAID, RELEASEID, UNIQUEKEY, INCLUDESQL, COLTYPE ) values ( 'DC_E_CUDB:((3)):DC_E_CUDB_NAMSUBS:DAY', 'DATE_ID', 51, 'date', 0, 0, 255, 1, 'LF', '', 'DATE_ID', 'BASE_TP_090421', 1, 1, null );
insert into Measurementcolumn ( MTABLEID, DATANAME, COLNUMBER, DATATYPE, DATASIZE, DATASCALE, UNIQUEVALUE, NULLABLE, INDEXES, DESCRIPTION, DATAID, RELEASEID, UNIQUEKEY, INCLUDESQL, COLTYPE ) values ( 'DC_E_CUDB:((3)):DC_E_CUDB_NAMSUBS:DAY', 'DAY_ID', 54, 'tinyint', 0, 0, 31, 1, 'LF', '', 'DAY_ID', 'BASE_TP_090421', 0, 0, null );
insert into Measurementcolumn ( MTABLEID, DATANAME, COLNUMBER, DATATYPE, DATASIZE, DATASCALE, UNIQUEVALUE, NULLABLE, INDEXES, DESCRIPTION, DATAID, RELEASEID, UNIQUEKEY, INCLUDESQL, COLTYPE ) values ( 'DC_E_CUDB:((3)):DC_E_CUDB_NAMSUBS:DAY', 'DC_RELEASE', 63, 'varchar', 16, 0, 2, 1, 'LF', '', 'DC_RELEASE', 'BASE_TP_090421', 1, 1, null );
insert into Measurementcolumn ( MTABLEID, DATANAME, COLNUMBER, DATATYPE, DATASIZE, DATASCALE, UNIQUEVALUE, NULLABLE, INDEXES, DESCRIPTION, DATAID, RELEASEID, UNIQUEKEY, INCLUDESQL, COLTYPE ) values ( 'DC_E_CUDB:((3)):DC_E_CUDB_NAMSUBS:DAY', 'DC_SOURCE', 64, 'varchar', 16, 0, 2, 1, 'LF', '', 'DC_SOURCE', 'BASE_TP_090421', 0, 1, null );
insert into Measurementcolumn ( MTABLEID, DATANAME, COLNUMBER, DATATYPE, DATASIZE, DATASCALE, UNIQUEVALUE, NULLABLE, INDEXES, DESCRIPTION, DATAID, RELEASEID, UNIQUEKEY, INCLUDESQL, COLTYPE ) values ( 'DC_E_CUDB:((3)):DC_E_CUDB_NAMSUBS:DAY', 'DC_SUSPECTFLAG', 66, 'int', 0, 0, 2, 1, 'LF', '', 'DC_SUSPECTFLAG', 'BASE_TP_090421', 0, 1, null );
insert into Measurementcolumn ( MTABLEID, DATANAME, COLNUMBER, DATATYPE, DATASIZE, DATASCALE, UNIQUEVALUE, NULLABLE, INDEXES, DESCRIPTION, DATAID, RELEASEID, UNIQUEKEY, INCLUDESQL, COLTYPE ) values ( 'DC_E_CUDB:((3)):DC_E_CUDB_NAMSUBS:DAY', 'DC_TIMEZONE', 65, 'varchar', 16, 0, 2, 1, 'LF', '', 'DC_TIMEZONE', 'BASE_TP_090421', 0, 1, null );
insert into Measurementcolumn ( MTABLEID, DATANAME, COLNUMBER, DATATYPE, DATASIZE, DATASCALE, UNIQUEVALUE, NULLABLE, INDEXES, DESCRIPTION, DATAID, RELEASEID, UNIQUEKEY, INCLUDESQL, COLTYPE ) values ( 'DC_E_CUDB:((3)):DC_E_CUDB_NAMSUBS:DAY', 'GPRSCNT', 102, 'numeric', 18, 8, 255, 1, '', 'Number of mobile subscribers registered in CUDB due to HLR 					application with GRS only NAM', 'GPRSCNT.actual', 'DC_E_CUDB:((FINAL))', 0, 1, 'COUNTER' );
insert into Measurementcolumn ( MTABLEID, DATANAME, COLNUMBER, DATATYPE, DATASIZE, DATASCALE, UNIQUEVALUE, NULLABLE, INDEXES, DESCRIPTION, DATAID, RELEASEID, UNIQUEKEY, INCLUDESQL, COLTYPE ) values ( 'DC_E_CUDB:((3)):DC_E_CUDB_NAMSUBS:DAY', 'MONTH_ID', 53, 'tinyint', 0, 0, 12, 1, 'LF', '', 'MONTH_ID', 'BASE_TP_090421', 0, 0, null );
insert into Measurementcolumn ( MTABLEID, DATANAME, COLNUMBER, DATATYPE, DATASIZE, DATASCALE, UNIQUEVALUE, NULLABLE, INDEXES, DESCRIPTION, DATAID, RELEASEID, UNIQUEKEY, INCLUDESQL, COLTYPE ) values ( 'DC_E_CUDB:((3)):DC_E_CUDB_NAMSUBS:DAY', 'NE_ID', 2, 'varchar', 35, 0, 255, 0, 'HG', 'Network Element Id', 'NEID', 'DC_E_CUDB:((FINAL))', 1, 1, 'KEY' );
insert into Measurementcolumn ( MTABLEID, DATANAME, COLNUMBER, DATATYPE, DATASIZE, DATASCALE, UNIQUEVALUE, NULLABLE, INDEXES, DESCRIPTION, DATAID, RELEASEID, UNIQUEKEY, INCLUDESQL, COLTYPE ) values ( 'DC_E_CUDB:((3)):DC_E_CUDB_NAMSUBS:DAY', 'NONGPRSCNT', 101, 'numeric', 18, 8, 255, 1, '', 'Number of mobile subscribers registered in CUDB due to HLR 					application with non-GRS only NAM', 'NONGPRSCNT.actual', 'DC_E_CUDB:((FINAL))', 0, 1, 'COUNTER' );
insert into Measurementcolumn ( MTABLEID, DATANAME, COLNUMBER, DATATYPE, DATASIZE, DATASCALE, UNIQUEVALUE, NULLABLE, INDEXES, DESCRIPTION, DATAID, RELEASEID, UNIQUEKEY, INCLUDESQL, COLTYPE ) values ( 'DC_E_CUDB:((3)):DC_E_CUDB_NAMSUBS:DAY', 'OSS_ID', 1, 'varchar', 50, 0, 255, 0, 'HG', 'OSS Id', 'OSS_ID', 'DC_E_CUDB:((FINAL))', 1, 1, 'KEY' );
insert into Measurementcolumn ( MTABLEID, DATANAME, COLNUMBER, DATATYPE, DATASIZE, DATASCALE, UNIQUEVALUE, NULLABLE, INDEXES, DESCRIPTION, DATAID, RELEASEID, UNIQUEKEY, INCLUDESQL, COLTYPE ) values ( 'DC_E_CUDB:((3)):DC_E_CUDB_NAMSUBS:DAY', 'PERIOD_DURATION', 61, 'unsigned int', 0, 0, 10, 1, '', '', 'PERIOD_DURATION', 'BASE_TP_090421', 0, 1, null );
insert into Measurementcolumn ( MTABLEID, DATANAME, COLNUMBER, DATATYPE, DATASIZE, DATASCALE, UNIQUEVALUE, NULLABLE, INDEXES, DESCRIPTION, DATAID, RELEASEID, UNIQUEKEY, INCLUDESQL, COLTYPE ) values ( 'DC_E_CUDB:((3)):DC_E_CUDB_NAMSUBS:DAY', 'ROWSTATUS', 62, 'varchar', 16, 0, 10, 1, '', '', 'ROWSTATUS', 'BASE_TP_090421', 0, 1, null );
insert into Measurementcolumn ( MTABLEID, DATANAME, COLNUMBER, DATATYPE, DATASIZE, DATASCALE, UNIQUEVALUE, NULLABLE, INDEXES, DESCRIPTION, DATAID, RELEASEID, UNIQUEKEY, INCLUDESQL, COLTYPE ) values ( 'DC_E_CUDB:((3)):DC_E_CUDB_NAMSUBS:DAY', 'SESSION_ID', 59, 'unsigned int', 0, 0, 255, 1, '', '', 'SESSION_ID', 'BASE_TP_090421', 0, 0, null );
insert into Measurementcolumn ( MTABLEID, DATANAME, COLNUMBER, DATATYPE, DATASIZE, DATASCALE, UNIQUEVALUE, NULLABLE, INDEXES, DESCRIPTION, DATAID, RELEASEID, UNIQUEKEY, INCLUDESQL, COLTYPE ) values ( 'DC_E_CUDB:((3)):DC_E_CUDB_NAMSUBS:DAY', 'TIMELEVEL', 58, 'varchar', 10, 0, 10, 1, 'LF', '', 'TIMELEVEL', 'BASE_TP_090421', 0, 0, null );
insert into Measurementcolumn ( MTABLEID, DATANAME, COLNUMBER, DATATYPE, DATASIZE, DATASCALE, UNIQUEVALUE, NULLABLE, INDEXES, DESCRIPTION, DATAID, RELEASEID, UNIQUEKEY, INCLUDESQL, COLTYPE ) values ( 'DC_E_CUDB:((3)):DC_E_CUDB_NAMSUBS:DAY', 'WEEK_ID', 55, 'tinyint', 0, 0, 53, 1, 'LF', '', 'WEEK_ID', 'BASE_TP_090421', 0, 0, null );
insert into Measurementcolumn ( MTABLEID, DATANAME, COLNUMBER, DATATYPE, DATASIZE, DATASCALE, UNIQUEVALUE, NULLABLE, INDEXES, DESCRIPTION, DATAID, RELEASEID, UNIQUEKEY, INCLUDESQL, COLTYPE ) values ( 'DC_E_CUDB:((3)):DC_E_CUDB_NAMSUBS:DAY', 'YEAR_ID', 52, 'smallint', 0, 0, 20, 1, 'LF', '', 'YEAR_ID', 'BASE_TP_090421', 0, 0, null );
insert into Measurementtable ( MTABLEID, TABLELEVEL, TYPEID, BASETABLENAME, DEFAULT_TEMPLATE, PARTITIONPLAN ) values ( 'DC_E_CUDB:((3)):DC_E_CUDB_NAMSUBS:RAW', 'RAW', 'DC_E_CUDB:((3)):DC_E_CUDB_NAMSUBS', 'DC_E_CUDB_NAMSUBS_RAW', null, 'small_raw' );
insert into Measurementcolumn ( MTABLEID, DATANAME, COLNUMBER, DATATYPE, DATASIZE, DATASCALE, UNIQUEVALUE, NULLABLE, INDEXES, DESCRIPTION, DATAID, RELEASEID, UNIQUEKEY, INCLUDESQL, COLTYPE ) values ( 'DC_E_CUDB:((3)):DC_E_CUDB_NAMSUBS:RAW', 'BATCH_ID', 60, 'smallint', 0, 0, 255, 1, '', '', 'BATCH_ID', 'BASE_TP_090421', 0, 0, null );
insert into Measurementcolumn ( MTABLEID, DATANAME, COLNUMBER, DATATYPE, DATASIZE, DATASCALE, UNIQUEVALUE, NULLABLE, INDEXES, DESCRIPTION, DATAID, RELEASEID, UNIQUEKEY, INCLUDESQL, COLTYPE ) values ( 'DC_E_CUDB:((3)):DC_E_CUDB_NAMSUBS:RAW', 'BOTHGPRSCNT', 103, 'numeric', 18, 8, 255, 1, '', 'Number of mobile subscribers registered in CUDB due to HLR 					application with both GPRS and non-GRS only NAM', 'BOTHGPRSCNT.actual', 'DC_E_CUDB:((FINAL))', 0, 1, 'COUNTER' );
insert into Measurementcolumn ( MTABLEID, DATANAME, COLNUMBER, DATATYPE, DATASIZE, DATASCALE, UNIQUEVALUE, NULLABLE, INDEXES, DESCRIPTION, DATAID, RELEASEID, UNIQUEKEY, INCLUDESQL, COLTYPE ) values ( 'DC_E_CUDB:((3)):DC_E_CUDB_NAMSUBS:RAW', 'DATE_ID', 51, 'date', 0, 0, 255, 1, 'LF', '', 'DATE_ID', 'BASE_TP_090421', 0, 0, null );
insert into Measurementcolumn ( MTABLEID, DATANAME, COLNUMBER, DATATYPE, DATASIZE, DATASCALE, UNIQUEVALUE, NULLABLE, INDEXES, DESCRIPTION, DATAID, RELEASEID, UNIQUEKEY, INCLUDESQL, COLTYPE ) values ( 'DC_E_CUDB:((3)):DC_E_CUDB_NAMSUBS:RAW', 'DATETIME_ID', 56, 'datetime', 0, 0, 255, 1, 'HG', '', 'DATETIME_ID', 'BASE_TP_090421', 1, 1, null );
insert into Measurementcolumn ( MTABLEID, DATANAME, COLNUMBER, DATATYPE, DATASIZE, DATASCALE, UNIQUEVALUE, NULLABLE, INDEXES, DESCRIPTION, DATAID, RELEASEID, UNIQUEKEY, INCLUDESQL, COLTYPE ) values ( 'DC_E_CUDB:((3)):DC_E_CUDB_NAMSUBS:RAW', 'DAY_ID', 54, 'tinyint', 0, 0, 31, 1, 'LF', '', 'DAY_ID', 'BASE_TP_090421', 0, 0, null );
insert into Measurementcolumn ( MTABLEID, DATANAME, COLNUMBER, DATATYPE, DATASIZE, DATASCALE, UNIQUEVALUE, NULLABLE, INDEXES, DESCRIPTION, DATAID, RELEASEID, UNIQUEKEY, INCLUDESQL, COLTYPE ) values ( 'DC_E_CUDB:((3)):DC_E_CUDB_NAMSUBS:RAW', 'DC_RELEASE', 63, 'varchar', 16, 0, 2, 1, 'LF', '', 'DC_RELEASE', 'BASE_TP_090421', 0, 1, null );
insert into Measurementcolumn ( MTABLEID, DATANAME, COLNUMBER, DATATYPE, DATASIZE, DATASCALE, UNIQUEVALUE, NULLABLE, INDEXES, DESCRIPTION, DATAID, RELEASEID, UNIQUEKEY, INCLUDESQL, COLTYPE ) values ( 'DC_E_CUDB:((3)):DC_E_CUDB_NAMSUBS:RAW', 'DC_SOURCE', 64, 'varchar', 16, 0, 2, 1, 'LF', '', 'DC_SOURCE', 'BASE_TP_090421', 0, 1, null );
insert into Measurementcolumn ( MTABLEID, DATANAME, COLNUMBER, DATATYPE, DATASIZE, DATASCALE, UNIQUEVALUE, NULLABLE, INDEXES, DESCRIPTION, DATAID, RELEASEID, UNIQUEKEY, INCLUDESQL, COLTYPE ) values ( 'DC_E_CUDB:((3)):DC_E_CUDB_NAMSUBS:RAW', 'DC_SUSPECTFLAG', 66, 'int', 0, 0, 2, 1, 'LF', '', 'DC_SUSPECTFLAG', 'BASE_TP_090421', 0, 1, null );
insert into Measurementcolumn ( MTABLEID, DATANAME, COLNUMBER, DATATYPE, DATASIZE, DATASCALE, UNIQUEVALUE, NULLABLE, INDEXES, DESCRIPTION, DATAID, RELEASEID, UNIQUEKEY, INCLUDESQL, COLTYPE ) values ( 'DC_E_CUDB:((3)):DC_E_CUDB_NAMSUBS:RAW', 'DC_TIMEZONE', 65, 'varchar', 16, 0, 2, 1, 'LF', '', 'DC_TIMEZONE', 'BASE_TP_090421', 0, 1, null );
insert into Measurementcolumn ( MTABLEID, DATANAME, COLNUMBER, DATATYPE, DATASIZE, DATASCALE, UNIQUEVALUE, NULLABLE, INDEXES, DESCRIPTION, DATAID, RELEASEID, UNIQUEKEY, INCLUDESQL, COLTYPE ) values ( 'DC_E_CUDB:((3)):DC_E_CUDB_NAMSUBS:RAW', 'GPRSCNT', 102, 'numeric', 18, 8, 255, 1, '', 'Number of mobile subscribers registered in CUDB due to HLR 					application with GRS only NAM', 'GPRSCNT.actual', 'DC_E_CUDB:((FINAL))', 0, 1, 'COUNTER' );
insert into Measurementcolumn ( MTABLEID, DATANAME, COLNUMBER, DATATYPE, DATASIZE, DATASCALE, UNIQUEVALUE, NULLABLE, INDEXES, DESCRIPTION, DATAID, RELEASEID, UNIQUEKEY, INCLUDESQL, COLTYPE ) values ( 'DC_E_CUDB:((3)):DC_E_CUDB_NAMSUBS:RAW', 'HOUR_ID', 55, 'tinyint', 0, 0, 24, 1, 'LF', '', 'HOUR_ID', 'BASE_TP_090421', 0, 0, null );
insert into Measurementcolumn ( MTABLEID, DATANAME, COLNUMBER, DATATYPE, DATASIZE, DATASCALE, UNIQUEVALUE, NULLABLE, INDEXES, DESCRIPTION, DATAID, RELEASEID, UNIQUEKEY, INCLUDESQL, COLTYPE ) values ( 'DC_E_CUDB:((3)):DC_E_CUDB_NAMSUBS:RAW', 'MIN_ID', 57, 'tinyint', 0, 0, 60, 1, 'LF', '', 'MIN_ID', 'BASE_TP_090421', 0, 0, null );
insert into Measurementcolumn ( MTABLEID, DATANAME, COLNUMBER, DATATYPE, DATASIZE, DATASCALE, UNIQUEVALUE, NULLABLE, INDEXES, DESCRIPTION, DATAID, RELEASEID, UNIQUEKEY, INCLUDESQL, COLTYPE ) values ( 'DC_E_CUDB:((3)):DC_E_CUDB_NAMSUBS:RAW', 'MONTH_ID', 53, 'tinyint', 0, 0, 12, 1, 'LF', '', 'MONTH_ID', 'BASE_TP_090421', 0, 0, null );
insert into Measurementcolumn ( MTABLEID, DATANAME, COLNUMBER, DATATYPE, DATASIZE, DATASCALE, UNIQUEVALUE, NULLABLE, INDEXES, DESCRIPTION, DATAID, RELEASEID, UNIQUEKEY, INCLUDESQL, COLTYPE ) values ( 'DC_E_CUDB:((3)):DC_E_CUDB_NAMSUBS:RAW', 'NE_ID', 2, 'varchar', 35, 0, 255, 0, 'HG', 'Network Element Id', 'NEID', 'DC_E_CUDB:((FINAL))', 1, 1, 'KEY' );
insert into Measurementcolumn ( MTABLEID, DATANAME, COLNUMBER, DATATYPE, DATASIZE, DATASCALE, UNIQUEVALUE, NULLABLE, INDEXES, DESCRIPTION, DATAID, RELEASEID, UNIQUEKEY, INCLUDESQL, COLTYPE ) values ( 'DC_E_CUDB:((3)):DC_E_CUDB_NAMSUBS:RAW', 'NONGPRSCNT', 101, 'numeric', 18, 8, 255, 1, '', 'Number of mobile subscribers registered in CUDB due to HLR 					application with non-GRS only NAM', 'NONGPRSCNT.actual', 'DC_E_CUDB:((FINAL))', 0, 1, 'COUNTER' );
insert into Measurementcolumn ( MTABLEID, DATANAME, COLNUMBER, DATATYPE, DATASIZE, DATASCALE, UNIQUEVALUE, NULLABLE, INDEXES, DESCRIPTION, DATAID, RELEASEID, UNIQUEKEY, INCLUDESQL, COLTYPE ) values ( 'DC_E_CUDB:((3)):DC_E_CUDB_NAMSUBS:RAW', 'OSS_ID', 1, 'varchar', 50, 0, 255, 0, 'HG', 'OSS Id', 'OSS_ID', 'DC_E_CUDB:((FINAL))', 1, 1, 'KEY' );
insert into Measurementcolumn ( MTABLEID, DATANAME, COLNUMBER, DATATYPE, DATASIZE, DATASCALE, UNIQUEVALUE, NULLABLE, INDEXES, DESCRIPTION, DATAID, RELEASEID, UNIQUEKEY, INCLUDESQL, COLTYPE ) values ( 'DC_E_CUDB:((3)):DC_E_CUDB_NAMSUBS:RAW', 'PERIOD_DURATION', 61, 'unsigned int', 0, 0, 10, 1, '', '', 'PERIOD_DURATION', 'BASE_TP_090421', 0, 1, null );
insert into Measurementcolumn ( MTABLEID, DATANAME, COLNUMBER, DATATYPE, DATASIZE, DATASCALE, UNIQUEVALUE, NULLABLE, INDEXES, DESCRIPTION, DATAID, RELEASEID, UNIQUEKEY, INCLUDESQL, COLTYPE ) values ( 'DC_E_CUDB:((3)):DC_E_CUDB_NAMSUBS:RAW', 'ROWSTATUS', 62, 'varchar', 16, 0, 10, 1, '', '', 'ROWSTATUS', 'BASE_TP_090421', 0, 1, null );
insert into Measurementcolumn ( MTABLEID, DATANAME, COLNUMBER, DATATYPE, DATASIZE, DATASCALE, UNIQUEVALUE, NULLABLE, INDEXES, DESCRIPTION, DATAID, RELEASEID, UNIQUEKEY, INCLUDESQL, COLTYPE ) values ( 'DC_E_CUDB:((3)):DC_E_CUDB_NAMSUBS:RAW', 'SESSION_ID', 59, 'unsigned int', 0, 0, 255, 1, '', '', 'SESSION_ID', 'BASE_TP_090421', 0, 0, null );
insert into Measurementcolumn ( MTABLEID, DATANAME, COLNUMBER, DATATYPE, DATASIZE, DATASCALE, UNIQUEVALUE, NULLABLE, INDEXES, DESCRIPTION, DATAID, RELEASEID, UNIQUEKEY, INCLUDESQL, COLTYPE ) values ( 'DC_E_CUDB:((3)):DC_E_CUDB_NAMSUBS:RAW', 'TIMELEVEL', 58, 'varchar', 10, 0, 10, 1, 'LF', '', 'TIMELEVEL', 'BASE_TP_090421', 0, 0, null );
insert into Measurementcolumn ( MTABLEID, DATANAME, COLNUMBER, DATATYPE, DATASIZE, DATASCALE, UNIQUEVALUE, NULLABLE, INDEXES, DESCRIPTION, DATAID, RELEASEID, UNIQUEKEY, INCLUDESQL, COLTYPE ) values ( 'DC_E_CUDB:((3)):DC_E_CUDB_NAMSUBS:RAW', 'UTC_DATETIME_ID', 67, 'datetime', 0, 0, 255, 1, 'HG', '', 'UTC_DATETIME_ID', 'BASE_TP_090421', 1, 1, null );
insert into Measurementcolumn ( MTABLEID, DATANAME, COLNUMBER, DATATYPE, DATASIZE, DATASCALE, UNIQUEVALUE, NULLABLE, INDEXES, DESCRIPTION, DATAID, RELEASEID, UNIQUEKEY, INCLUDESQL, COLTYPE ) values ( 'DC_E_CUDB:((3)):DC_E_CUDB_NAMSUBS:RAW', 'YEAR_ID', 52, 'smallint', 0, 0, 20, 1, 'LF', '', 'YEAR_ID', 'BASE_TP_090421', 0, 0, null );
insert into Measurementtype ( TYPEID, TYPECLASSID, TYPENAME, VENDORID, FOLDERNAME, DESCRIPTION, STATUS, VERSIONID, OBJECTID, OBJECTNAME, OBJECTVERSION, OBJECTTYPE, JOINABLE, SIZING, TOTALAGG, ELEMENTBHSUPPORT, RANKINGTABLE, DELTACALCSUPPORT, PLAINTABLE, UNIVERSEEXTENSION, VECTORSUPPORT, DATAFORMATSUPPORT ) values ( 'DC_E_CUDB:((3)):DC_E_CUDB_PDPDEF', 'DC_E_CUDB:((3)):DC_E_CUDB_HLR', 'DC_E_CUDB_PDPDEF', 'DC_E_CUDB', 'DC_E_CUDB_PDPDEF', 'HLR application subscriber counters', null, 'DC_E_CUDB:((3))', 'DC_E_CUDB:((3)):DC_E_CUDB_PDPDEF', 'DC_E_CUDB_PDPDEF', null, null, '', 'small', 1, 0, 0, 0, 0, 'ALL', 0, 1 );
insert into Measurementkey ( TYPEID, DATANAME, DESCRIPTION, ISELEMENT, UNIQUEKEY, COLNUMBER, DATATYPE, DATASIZE, DATASCALE, UNIQUEVALUE, NULLABLE, INDEXES, INCLUDESQL, UNIVOBJECT, JOINABLE, DATAID ) values ( 'DC_E_CUDB:((3)):DC_E_CUDB_PDPDEF', 'NE_ID', 'Network Element Id', 1, 1, 2, 'varchar', 35, 0, 255, 0, 'HG', 1, 'NE_ID', null, 'NEID' );
insert into Measurementkey ( TYPEID, DATANAME, DESCRIPTION, ISELEMENT, UNIQUEKEY, COLNUMBER, DATATYPE, DATASIZE, DATASCALE, UNIQUEVALUE, NULLABLE, INDEXES, INCLUDESQL, UNIVOBJECT, JOINABLE, DATAID ) values ( 'DC_E_CUDB:((3)):DC_E_CUDB_PDPDEF', 'OSS_ID', 'OSS Id', 0, 1, 1, 'varchar', 50, 0, 255, 0, 'HG', 1, 'OSS_ID', null, 'OSS_ID' );
insert into Measurementcounter ( TYPEID, DATANAME, DESCRIPTION, TIMEAGGREGATION, GROUPAGGREGATION, COUNTAGGREGATION, COLNUMBER, DATATYPE, DATASIZE, DATASCALE, INCLUDESQL, UNIVOBJECT, UNIVCLASS, COUNTERTYPE, COUNTERPROCESS, DATAID ) values ( 'DC_E_CUDB:((3)):DC_E_CUDB_PDPDEF', 'ONEPCNT', 'Number of mobile subscribers registered in CUDB due to HLR 					application with non-GRS only NAM', 'AVG', 'AVG', 'GAUGE', 101, 'numeric', 18, 8, 1, 'ONEPCNT', null, 'GAUGE', 'GAUGE', 'ONEPCNT.actual' );
insert into Measurementtable ( MTABLEID, TABLELEVEL, TYPEID, BASETABLENAME, DEFAULT_TEMPLATE, PARTITIONPLAN ) values ( 'DC_E_CUDB:((3)):DC_E_CUDB_PDPDEF:DAY', 'DAY', 'DC_E_CUDB:((3)):DC_E_CUDB_PDPDEF', 'DC_E_CUDB_PDPDEF_DAY', null, 'small_day' );
insert into Measurementcolumn ( MTABLEID, DATANAME, COLNUMBER, DATATYPE, DATASIZE, DATASCALE, UNIQUEVALUE, NULLABLE, INDEXES, DESCRIPTION, DATAID, RELEASEID, UNIQUEKEY, INCLUDESQL, COLTYPE ) values ( 'DC_E_CUDB:((3)):DC_E_CUDB_PDPDEF:DAY', 'AGG_COUNT', 57, 'smallint', 0, 0, 255, 1, '', '', 'AGG_COUNT', 'BASE_TP_090421', 0, 0, null );
insert into Measurementcolumn ( MTABLEID, DATANAME, COLNUMBER, DATATYPE, DATASIZE, DATASCALE, UNIQUEVALUE, NULLABLE, INDEXES, DESCRIPTION, DATAID, RELEASEID, UNIQUEKEY, INCLUDESQL, COLTYPE ) values ( 'DC_E_CUDB:((3)):DC_E_CUDB_PDPDEF:DAY', 'BATCH_ID', 60, 'smallint', 0, 0, 255, 1, '', '', 'BATCH_ID', 'BASE_TP_090421', 0, 0, null );
insert into Measurementcolumn ( MTABLEID, DATANAME, COLNUMBER, DATATYPE, DATASIZE, DATASCALE, UNIQUEVALUE, NULLABLE, INDEXES, DESCRIPTION, DATAID, RELEASEID, UNIQUEKEY, INCLUDESQL, COLTYPE ) values ( 'DC_E_CUDB:((3)):DC_E_CUDB_PDPDEF:DAY', 'DATACOVERAGE', 56, 'unsigned int', 0, 0, 255, 1, '', '', 'DATACOVERAGE', 'BASE_TP_090421', 0, 1, null );
insert into Measurementcolumn ( MTABLEID, DATANAME, COLNUMBER, DATATYPE, DATASIZE, DATASCALE, UNIQUEVALUE, NULLABLE, INDEXES, DESCRIPTION, DATAID, RELEASEID, UNIQUEKEY, INCLUDESQL, COLTYPE ) values ( 'DC_E_CUDB:((3)):DC_E_CUDB_PDPDEF:DAY', 'DATE_ID', 51, 'date', 0, 0, 255, 1, 'LF', '', 'DATE_ID', 'BASE_TP_090421', 1, 1, null );
insert into Measurementcolumn ( MTABLEID, DATANAME, COLNUMBER, DATATYPE, DATASIZE, DATASCALE, UNIQUEVALUE, NULLABLE, INDEXES, DESCRIPTION, DATAID, RELEASEID, UNIQUEKEY, INCLUDESQL, COLTYPE ) values ( 'DC_E_CUDB:((3)):DC_E_CUDB_PDPDEF:DAY', 'DAY_ID', 54, 'tinyint', 0, 0, 31, 1, 'LF', '', 'DAY_ID', 'BASE_TP_090421', 0, 0, null );
insert into Measurementcolumn ( MTABLEID, DATANAME, COLNUMBER, DATATYPE, DATASIZE, DATASCALE, UNIQUEVALUE, NULLABLE, INDEXES, DESCRIPTION, DATAID, RELEASEID, UNIQUEKEY, INCLUDESQL, COLTYPE ) values ( 'DC_E_CUDB:((3)):DC_E_CUDB_PDPDEF:DAY', 'DC_RELEASE', 63, 'varchar', 16, 0, 2, 1, 'LF', '', 'DC_RELEASE', 'BASE_TP_090421', 1, 1, null );
insert into Measurementcolumn ( MTABLEID, DATANAME, COLNUMBER, DATATYPE, DATASIZE, DATASCALE, UNIQUEVALUE, NULLABLE, INDEXES, DESCRIPTION, DATAID, RELEASEID, UNIQUEKEY, INCLUDESQL, COLTYPE ) values ( 'DC_E_CUDB:((3)):DC_E_CUDB_PDPDEF:DAY', 'DC_SOURCE', 64, 'varchar', 16, 0, 2, 1, 'LF', '', 'DC_SOURCE', 'BASE_TP_090421', 0, 1, null );
insert into Measurementcolumn ( MTABLEID, DATANAME, COLNUMBER, DATATYPE, DATASIZE, DATASCALE, UNIQUEVALUE, NULLABLE, INDEXES, DESCRIPTION, DATAID, RELEASEID, UNIQUEKEY, INCLUDESQL, COLTYPE ) values ( 'DC_E_CUDB:((3)):DC_E_CUDB_PDPDEF:DAY', 'DC_SUSPECTFLAG', 66, 'int', 0, 0, 2, 1, 'LF', '', 'DC_SUSPECTFLAG', 'BASE_TP_090421', 0, 1, null );
insert into Measurementcolumn ( MTABLEID, DATANAME, COLNUMBER, DATATYPE, DATASIZE, DATASCALE, UNIQUEVALUE, NULLABLE, INDEXES, DESCRIPTION, DATAID, RELEASEID, UNIQUEKEY, INCLUDESQL, COLTYPE ) values ( 'DC_E_CUDB:((3)):DC_E_CUDB_PDPDEF:DAY', 'DC_TIMEZONE', 65, 'varchar', 16, 0, 2, 1, 'LF', '', 'DC_TIMEZONE', 'BASE_TP_090421', 0, 1, null );
insert into Measurementcolumn ( MTABLEID, DATANAME, COLNUMBER, DATATYPE, DATASIZE, DATASCALE, UNIQUEVALUE, NULLABLE, INDEXES, DESCRIPTION, DATAID, RELEASEID, UNIQUEKEY, INCLUDESQL, COLTYPE ) values ( 'DC_E_CUDB:((3)):DC_E_CUDB_PDPDEF:DAY', 'MONTH_ID', 53, 'tinyint', 0, 0, 12, 1, 'LF', '', 'MONTH_ID', 'BASE_TP_090421', 0, 0, null );
insert into Measurementcolumn ( MTABLEID, DATANAME, COLNUMBER, DATATYPE, DATASIZE, DATASCALE, UNIQUEVALUE, NULLABLE, INDEXES, DESCRIPTION, DATAID, RELEASEID, UNIQUEKEY, INCLUDESQL, COLTYPE ) values ( 'DC_E_CUDB:((3)):DC_E_CUDB_PDPDEF:DAY', 'NE_ID', 2, 'varchar', 35, 0, 255, 0, 'HG', 'Network Element Id', 'NEID', 'DC_E_CUDB:((FINAL))', 1, 1, 'KEY' );
insert into Measurementcolumn ( MTABLEID, DATANAME, COLNUMBER, DATATYPE, DATASIZE, DATASCALE, UNIQUEVALUE, NULLABLE, INDEXES, DESCRIPTION, DATAID, RELEASEID, UNIQUEKEY, INCLUDESQL, COLTYPE ) values ( 'DC_E_CUDB:((3)):DC_E_CUDB_PDPDEF:DAY', 'ONEPCNT', 101, 'numeric', 18, 8, 255, 1, '', 'Number of mobile subscribers registered in CUDB due to HLR 					application with non-GRS only NAM', 'ONEPCNT.actual', 'DC_E_CUDB:((FINAL))', 0, 1, 'COUNTER' );
insert into Measurementcolumn ( MTABLEID, DATANAME, COLNUMBER, DATATYPE, DATASIZE, DATASCALE, UNIQUEVALUE, NULLABLE, INDEXES, DESCRIPTION, DATAID, RELEASEID, UNIQUEKEY, INCLUDESQL, COLTYPE ) values ( 'DC_E_CUDB:((3)):DC_E_CUDB_PDPDEF:DAY', 'OSS_ID', 1, 'varchar', 50, 0, 255, 0, 'HG', 'OSS Id', 'OSS_ID', 'DC_E_CUDB:((FINAL))', 1, 1, 'KEY' );
insert into Measurementcolumn ( MTABLEID, DATANAME, COLNUMBER, DATATYPE, DATASIZE, DATASCALE, UNIQUEVALUE, NULLABLE, INDEXES, DESCRIPTION, DATAID, RELEASEID, UNIQUEKEY, INCLUDESQL, COLTYPE ) values ( 'DC_E_CUDB:((3)):DC_E_CUDB_PDPDEF:DAY', 'PERIOD_DURATION', 61, 'unsigned int', 0, 0, 10, 1, '', '', 'PERIOD_DURATION', 'BASE_TP_090421', 0, 1, null );
insert into Measurementcolumn ( MTABLEID, DATANAME, COLNUMBER, DATATYPE, DATASIZE, DATASCALE, UNIQUEVALUE, NULLABLE, INDEXES, DESCRIPTION, DATAID, RELEASEID, UNIQUEKEY, INCLUDESQL, COLTYPE ) values ( 'DC_E_CUDB:((3)):DC_E_CUDB_PDPDEF:DAY', 'ROWSTATUS', 62, 'varchar', 16, 0, 10, 1, '', '', 'ROWSTATUS', 'BASE_TP_090421', 0, 1, null );
insert into Measurementcolumn ( MTABLEID, DATANAME, COLNUMBER, DATATYPE, DATASIZE, DATASCALE, UNIQUEVALUE, NULLABLE, INDEXES, DESCRIPTION, DATAID, RELEASEID, UNIQUEKEY, INCLUDESQL, COLTYPE ) values ( 'DC_E_CUDB:((3)):DC_E_CUDB_PDPDEF:DAY', 'SESSION_ID', 59, 'unsigned int', 0, 0, 255, 1, '', '', 'SESSION_ID', 'BASE_TP_090421', 0, 0, null );
insert into Measurementcolumn ( MTABLEID, DATANAME, COLNUMBER, DATATYPE, DATASIZE, DATASCALE, UNIQUEVALUE, NULLABLE, INDEXES, DESCRIPTION, DATAID, RELEASEID, UNIQUEKEY, INCLUDESQL, COLTYPE ) values ( 'DC_E_CUDB:((3)):DC_E_CUDB_PDPDEF:DAY', 'TIMELEVEL', 58, 'varchar', 10, 0, 10, 1, 'LF', '', 'TIMELEVEL', 'BASE_TP_090421', 0, 0, null );
insert into Measurementcolumn ( MTABLEID, DATANAME, COLNUMBER, DATATYPE, DATASIZE, DATASCALE, UNIQUEVALUE, NULLABLE, INDEXES, DESCRIPTION, DATAID, RELEASEID, UNIQUEKEY, INCLUDESQL, COLTYPE ) values ( 'DC_E_CUDB:((3)):DC_E_CUDB_PDPDEF:DAY', 'WEEK_ID', 55, 'tinyint', 0, 0, 53, 1, 'LF', '', 'WEEK_ID', 'BASE_TP_090421', 0, 0, null );
insert into Measurementcolumn ( MTABLEID, DATANAME, COLNUMBER, DATATYPE, DATASIZE, DATASCALE, UNIQUEVALUE, NULLABLE, INDEXES, DESCRIPTION, DATAID, RELEASEID, UNIQUEKEY, INCLUDESQL, COLTYPE ) values ( 'DC_E_CUDB:((3)):DC_E_CUDB_PDPDEF:DAY', 'YEAR_ID', 52, 'smallint', 0, 0, 20, 1, 'LF', '', 'YEAR_ID', 'BASE_TP_090421', 0, 0, null );
insert into Measurementtable ( MTABLEID, TABLELEVEL, TYPEID, BASETABLENAME, DEFAULT_TEMPLATE, PARTITIONPLAN ) values ( 'DC_E_CUDB:((3)):DC_E_CUDB_PDPDEF:RAW', 'RAW', 'DC_E_CUDB:((3)):DC_E_CUDB_PDPDEF', 'DC_E_CUDB_PDPDEF_RAW', null, 'small_raw' );
insert into Measurementcolumn ( MTABLEID, DATANAME, COLNUMBER, DATATYPE, DATASIZE, DATASCALE, UNIQUEVALUE, NULLABLE, INDEXES, DESCRIPTION, DATAID, RELEASEID, UNIQUEKEY, INCLUDESQL, COLTYPE ) values ( 'DC_E_CUDB:((3)):DC_E_CUDB_PDPDEF:RAW', 'BATCH_ID', 60, 'smallint', 0, 0, 255, 1, '', '', 'BATCH_ID', 'BASE_TP_090421', 0, 0, null );
insert into Measurementcolumn ( MTABLEID, DATANAME, COLNUMBER, DATATYPE, DATASIZE, DATASCALE, UNIQUEVALUE, NULLABLE, INDEXES, DESCRIPTION, DATAID, RELEASEID, UNIQUEKEY, INCLUDESQL, COLTYPE ) values ( 'DC_E_CUDB:((3)):DC_E_CUDB_PDPDEF:RAW', 'DATE_ID', 51, 'date', 0, 0, 255, 1, 'LF', '', 'DATE_ID', 'BASE_TP_090421', 0, 0, null );
insert into Measurementcolumn ( MTABLEID, DATANAME, COLNUMBER, DATATYPE, DATASIZE, DATASCALE, UNIQUEVALUE, NULLABLE, INDEXES, DESCRIPTION, DATAID, RELEASEID, UNIQUEKEY, INCLUDESQL, COLTYPE ) values ( 'DC_E_CUDB:((3)):DC_E_CUDB_PDPDEF:RAW', 'DATETIME_ID', 56, 'datetime', 0, 0, 255, 1, 'HG', '', 'DATETIME_ID', 'BASE_TP_090421', 1, 1, null );
insert into Measurementcolumn ( MTABLEID, DATANAME, COLNUMBER, DATATYPE, DATASIZE, DATASCALE, UNIQUEVALUE, NULLABLE, INDEXES, DESCRIPTION, DATAID, RELEASEID, UNIQUEKEY, INCLUDESQL, COLTYPE ) values ( 'DC_E_CUDB:((3)):DC_E_CUDB_PDPDEF:RAW', 'DAY_ID', 54, 'tinyint', 0, 0, 31, 1, 'LF', '', 'DAY_ID', 'BASE_TP_090421', 0, 0, null );
insert into Measurementcolumn ( MTABLEID, DATANAME, COLNUMBER, DATATYPE, DATASIZE, DATASCALE, UNIQUEVALUE, NULLABLE, INDEXES, DESCRIPTION, DATAID, RELEASEID, UNIQUEKEY, INCLUDESQL, COLTYPE ) values ( 'DC_E_CUDB:((3)):DC_E_CUDB_PDPDEF:RAW', 'DC_RELEASE', 63, 'varchar', 16, 0, 2, 1, 'LF', '', 'DC_RELEASE', 'BASE_TP_090421', 0, 1, null );
insert into Measurementcolumn ( MTABLEID, DATANAME, COLNUMBER, DATATYPE, DATASIZE, DATASCALE, UNIQUEVALUE, NULLABLE, INDEXES, DESCRIPTION, DATAID, RELEASEID, UNIQUEKEY, INCLUDESQL, COLTYPE ) values ( 'DC_E_CUDB:((3)):DC_E_CUDB_PDPDEF:RAW', 'DC_SOURCE', 64, 'varchar', 16, 0, 2, 1, 'LF', '', 'DC_SOURCE', 'BASE_TP_090421', 0, 1, null );
insert into Measurementcolumn ( MTABLEID, DATANAME, COLNUMBER, DATATYPE, DATASIZE, DATASCALE, UNIQUEVALUE, NULLABLE, INDEXES, DESCRIPTION, DATAID, RELEASEID, UNIQUEKEY, INCLUDESQL, COLTYPE ) values ( 'DC_E_CUDB:((3)):DC_E_CUDB_PDPDEF:RAW', 'DC_SUSPECTFLAG', 66, 'int', 0, 0, 2, 1, 'LF', '', 'DC_SUSPECTFLAG', 'BASE_TP_090421', 0, 1, null );
insert into Measurementcolumn ( MTABLEID, DATANAME, COLNUMBER, DATATYPE, DATASIZE, DATASCALE, UNIQUEVALUE, NULLABLE, INDEXES, DESCRIPTION, DATAID, RELEASEID, UNIQUEKEY, INCLUDESQL, COLTYPE ) values ( 'DC_E_CUDB:((3)):DC_E_CUDB_PDPDEF:RAW', 'DC_TIMEZONE', 65, 'varchar', 16, 0, 2, 1, 'LF', '', 'DC_TIMEZONE', 'BASE_TP_090421', 0, 1, null );
insert into Measurementcolumn ( MTABLEID, DATANAME, COLNUMBER, DATATYPE, DATASIZE, DATASCALE, UNIQUEVALUE, NULLABLE, INDEXES, DESCRIPTION, DATAID, RELEASEID, UNIQUEKEY, INCLUDESQL, COLTYPE ) values ( 'DC_E_CUDB:((3)):DC_E_CUDB_PDPDEF:RAW', 'HOUR_ID', 55, 'tinyint', 0, 0, 24, 1, 'LF', '', 'HOUR_ID', 'BASE_TP_090421', 0, 0, null );
insert into Measurementcolumn ( MTABLEID, DATANAME, COLNUMBER, DATATYPE, DATASIZE, DATASCALE, UNIQUEVALUE, NULLABLE, INDEXES, DESCRIPTION, DATAID, RELEASEID, UNIQUEKEY, INCLUDESQL, COLTYPE ) values ( 'DC_E_CUDB:((3)):DC_E_CUDB_PDPDEF:RAW', 'MIN_ID', 57, 'tinyint', 0, 0, 60, 1, 'LF', '', 'MIN_ID', 'BASE_TP_090421', 0, 0, null );
insert into Measurementcolumn ( MTABLEID, DATANAME, COLNUMBER, DATATYPE, DATASIZE, DATASCALE, UNIQUEVALUE, NULLABLE, INDEXES, DESCRIPTION, DATAID, RELEASEID, UNIQUEKEY, INCLUDESQL, COLTYPE ) values ( 'DC_E_CUDB:((3)):DC_E_CUDB_PDPDEF:RAW', 'MONTH_ID', 53, 'tinyint', 0, 0, 12, 1, 'LF', '', 'MONTH_ID', 'BASE_TP_090421', 0, 0, null );
insert into Measurementcolumn ( MTABLEID, DATANAME, COLNUMBER, DATATYPE, DATASIZE, DATASCALE, UNIQUEVALUE, NULLABLE, INDEXES, DESCRIPTION, DATAID, RELEASEID, UNIQUEKEY, INCLUDESQL, COLTYPE ) values ( 'DC_E_CUDB:((3)):DC_E_CUDB_PDPDEF:RAW', 'NE_ID', 2, 'varchar', 35, 0, 255, 0, 'HG', 'Network Element Id', 'NEID', 'DC_E_CUDB:((FINAL))', 1, 1, 'KEY' );
insert into Measurementcolumn ( MTABLEID, DATANAME, COLNUMBER, DATATYPE, DATASIZE, DATASCALE, UNIQUEVALUE, NULLABLE, INDEXES, DESCRIPTION, DATAID, RELEASEID, UNIQUEKEY, INCLUDESQL, COLTYPE ) values ( 'DC_E_CUDB:((3)):DC_E_CUDB_PDPDEF:RAW', 'ONEPCNT', 101, 'numeric', 18, 8, 255, 1, '', 'Number of mobile subscribers registered in CUDB due to HLR 					application with non-GRS only NAM', 'ONEPCNT.actual', 'DC_E_CUDB:((FINAL))', 0, 1, 'COUNTER' );
insert into Measurementcolumn ( MTABLEID, DATANAME, COLNUMBER, DATATYPE, DATASIZE, DATASCALE, UNIQUEVALUE, NULLABLE, INDEXES, DESCRIPTION, DATAID, RELEASEID, UNIQUEKEY, INCLUDESQL, COLTYPE ) values ( 'DC_E_CUDB:((3)):DC_E_CUDB_PDPDEF:RAW', 'OSS_ID', 1, 'varchar', 50, 0, 255, 0, 'HG', 'OSS Id', 'OSS_ID', 'DC_E_CUDB:((FINAL))', 1, 1, 'KEY' );
insert into Measurementcolumn ( MTABLEID, DATANAME, COLNUMBER, DATATYPE, DATASIZE, DATASCALE, UNIQUEVALUE, NULLABLE, INDEXES, DESCRIPTION, DATAID, RELEASEID, UNIQUEKEY, INCLUDESQL, COLTYPE ) values ( 'DC_E_CUDB:((3)):DC_E_CUDB_PDPDEF:RAW', 'PERIOD_DURATION', 61, 'unsigned int', 0, 0, 10, 1, '', '', 'PERIOD_DURATION', 'BASE_TP_090421', 0, 1, null );
insert into Measurementcolumn ( MTABLEID, DATANAME, COLNUMBER, DATATYPE, DATASIZE, DATASCALE, UNIQUEVALUE, NULLABLE, INDEXES, DESCRIPTION, DATAID, RELEASEID, UNIQUEKEY, INCLUDESQL, COLTYPE ) values ( 'DC_E_CUDB:((3)):DC_E_CUDB_PDPDEF:RAW', 'ROWSTATUS', 62, 'varchar', 16, 0, 10, 1, '', '', 'ROWSTATUS', 'BASE_TP_090421', 0, 1, null );
insert into Measurementcolumn ( MTABLEID, DATANAME, COLNUMBER, DATATYPE, DATASIZE, DATASCALE, UNIQUEVALUE, NULLABLE, INDEXES, DESCRIPTION, DATAID, RELEASEID, UNIQUEKEY, INCLUDESQL, COLTYPE ) values ( 'DC_E_CUDB:((3)):DC_E_CUDB_PDPDEF:RAW', 'SESSION_ID', 59, 'unsigned int', 0, 0, 255, 1, '', '', 'SESSION_ID', 'BASE_TP_090421', 0, 0, null );
insert into Measurementcolumn ( MTABLEID, DATANAME, COLNUMBER, DATATYPE, DATASIZE, DATASCALE, UNIQUEVALUE, NULLABLE, INDEXES, DESCRIPTION, DATAID, RELEASEID, UNIQUEKEY, INCLUDESQL, COLTYPE ) values ( 'DC_E_CUDB:((3)):DC_E_CUDB_PDPDEF:RAW', 'TIMELEVEL', 58, 'varchar', 10, 0, 10, 1, 'LF', '', 'TIMELEVEL', 'BASE_TP_090421', 0, 0, null );
insert into Measurementcolumn ( MTABLEID, DATANAME, COLNUMBER, DATATYPE, DATASIZE, DATASCALE, UNIQUEVALUE, NULLABLE, INDEXES, DESCRIPTION, DATAID, RELEASEID, UNIQUEKEY, INCLUDESQL, COLTYPE ) values ( 'DC_E_CUDB:((3)):DC_E_CUDB_PDPDEF:RAW', 'UTC_DATETIME_ID', 67, 'datetime', 0, 0, 255, 1, 'HG', '', 'UTC_DATETIME_ID', 'BASE_TP_090421', 1, 1, null );
insert into Measurementcolumn ( MTABLEID, DATANAME, COLNUMBER, DATATYPE, DATASIZE, DATASCALE, UNIQUEVALUE, NULLABLE, INDEXES, DESCRIPTION, DATAID, RELEASEID, UNIQUEKEY, INCLUDESQL, COLTYPE ) values ( 'DC_E_CUDB:((3)):DC_E_CUDB_PDPDEF:RAW', 'YEAR_ID', 52, 'smallint', 0, 0, 20, 1, 'LF', '', 'YEAR_ID', 'BASE_TP_090421', 0, 0, null );
insert into Measurementtype ( TYPEID, TYPECLASSID, TYPENAME, VENDORID, FOLDERNAME, DESCRIPTION, STATUS, VERSIONID, OBJECTID, OBJECTNAME, OBJECTVERSION, OBJECTTYPE, JOINABLE, SIZING, TOTALAGG, ELEMENTBHSUPPORT, RANKINGTABLE, DELTACALCSUPPORT, PLAINTABLE, UNIVERSEEXTENSION, VECTORSUPPORT, DATAFORMATSUPPORT ) values ( 'DC_E_CUDB:((3)):DC_E_CUDB_PLMNSUB', 'DC_E_CUDB:((3)):DC_E_CUDB_HLR', 'DC_E_CUDB_PLMNSUB', 'DC_E_CUDB', 'DC_E_CUDB_PLMNSUB', 'HLR application subscriber counters', null, 'DC_E_CUDB:((3))', 'DC_E_CUDB:((3)):DC_E_CUDB_PLMNSUB', 'DC_E_CUDB_PLMNSUB', null, null, '', 'small', 1, 0, 0, 0, 0, 'ALL', 0, 1 );
insert into Measurementkey ( TYPEID, DATANAME, DESCRIPTION, ISELEMENT, UNIQUEKEY, COLNUMBER, DATATYPE, DATASIZE, DATASCALE, UNIQUEVALUE, NULLABLE, INDEXES, INCLUDESQL, UNIVOBJECT, JOINABLE, DATAID ) values ( 'DC_E_CUDB:((3)):DC_E_CUDB_PLMNSUB', 'NE_ID', 'Network Element Id', 1, 1, 2, 'varchar', 35, 0, 255, 0, 'HG', 1, 'NE_ID', null, 'NEID' );
insert into Measurementkey ( TYPEID, DATANAME, DESCRIPTION, ISELEMENT, UNIQUEKEY, COLNUMBER, DATATYPE, DATASIZE, DATASCALE, UNIQUEVALUE, NULLABLE, INDEXES, INCLUDESQL, UNIVOBJECT, JOINABLE, DATAID ) values ( 'DC_E_CUDB:((3)):DC_E_CUDB_PLMNSUB', 'OSS_ID', 'OSS Id', 0, 1, 1, 'varchar', 50, 0, 255, 0, 'HG', 1, 'OSS_ID', null, 'OSS_ID' );
insert into Measurementcounter ( TYPEID, DATANAME, DESCRIPTION, TIMEAGGREGATION, GROUPAGGREGATION, COUNTAGGREGATION, COLNUMBER, DATATYPE, DATASIZE, DATASCALE, INCLUDESQL, UNIVOBJECT, UNIVCLASS, COUNTERTYPE, COUNTERPROCESS, DATAID ) values ( 'DC_E_CUDB:((3)):DC_E_CUDB_PLMNSUB', 'GPPLMNCNT', 'Number of GPRS mobile subscribers registered in CUDB due to HLR application located outside the Home PLMN
   </description>
', 'AVG', 'AVG', 'GAUGE', 102, 'numeric', 18, 8, 1, 'GPPLMNCNT', null, 'GAUGE', 'GAUGE', 'GPPLMNCNT.actual' );
insert into Measurementcounter ( TYPEID, DATANAME, DESCRIPTION, TIMEAGGREGATION, GROUPAGGREGATION, COUNTAGGREGATION, COLNUMBER, DATATYPE, DATASIZE, DATASCALE, INCLUDESQL, UNIVOBJECT, UNIVCLASS, COUNTERTYPE, COUNTERPROCESS, DATAID ) values ( 'DC_E_CUDB:((3)):DC_E_CUDB_PLMNSUB', 'PLMNCNT', 'Number of non-GPRS mobile subscribers registered in CUDB due to HLR application located outside the Home PLMN
', 'AVG', 'AVG', 'GAUGE', 101, 'numeric', 18, 8, 1, 'PLMNCNT', null, 'GAUGE', 'GAUGE', 'PLMNCNT.actual' );
insert into Measurementtable ( MTABLEID, TABLELEVEL, TYPEID, BASETABLENAME, DEFAULT_TEMPLATE, PARTITIONPLAN ) values ( 'DC_E_CUDB:((3)):DC_E_CUDB_PLMNSUB:DAY', 'DAY', 'DC_E_CUDB:((3)):DC_E_CUDB_PLMNSUB', 'DC_E_CUDB_PLMNSUB_DAY', null, 'small_day' );
insert into Measurementcolumn ( MTABLEID, DATANAME, COLNUMBER, DATATYPE, DATASIZE, DATASCALE, UNIQUEVALUE, NULLABLE, INDEXES, DESCRIPTION, DATAID, RELEASEID, UNIQUEKEY, INCLUDESQL, COLTYPE ) values ( 'DC_E_CUDB:((3)):DC_E_CUDB_PLMNSUB:DAY', 'AGG_COUNT', 57, 'smallint', 0, 0, 255, 1, '', '', 'AGG_COUNT', 'BASE_TP_090421', 0, 0, null );
insert into Measurementcolumn ( MTABLEID, DATANAME, COLNUMBER, DATATYPE, DATASIZE, DATASCALE, UNIQUEVALUE, NULLABLE, INDEXES, DESCRIPTION, DATAID, RELEASEID, UNIQUEKEY, INCLUDESQL, COLTYPE ) values ( 'DC_E_CUDB:((3)):DC_E_CUDB_PLMNSUB:DAY', 'BATCH_ID', 60, 'smallint', 0, 0, 255, 1, '', '', 'BATCH_ID', 'BASE_TP_090421', 0, 0, null );
insert into Measurementcolumn ( MTABLEID, DATANAME, COLNUMBER, DATATYPE, DATASIZE, DATASCALE, UNIQUEVALUE, NULLABLE, INDEXES, DESCRIPTION, DATAID, RELEASEID, UNIQUEKEY, INCLUDESQL, COLTYPE ) values ( 'DC_E_CUDB:((3)):DC_E_CUDB_PLMNSUB:DAY', 'DATACOVERAGE', 56, 'unsigned int', 0, 0, 255, 1, '', '', 'DATACOVERAGE', 'BASE_TP_090421', 0, 1, null );
insert into Measurementcolumn ( MTABLEID, DATANAME, COLNUMBER, DATATYPE, DATASIZE, DATASCALE, UNIQUEVALUE, NULLABLE, INDEXES, DESCRIPTION, DATAID, RELEASEID, UNIQUEKEY, INCLUDESQL, COLTYPE ) values ( 'DC_E_CUDB:((3)):DC_E_CUDB_PLMNSUB:DAY', 'DATE_ID', 51, 'date', 0, 0, 255, 1, 'LF', '', 'DATE_ID', 'BASE_TP_090421', 1, 1, null );
insert into Measurementcolumn ( MTABLEID, DATANAME, COLNUMBER, DATATYPE, DATASIZE, DATASCALE, UNIQUEVALUE, NULLABLE, INDEXES, DESCRIPTION, DATAID, RELEASEID, UNIQUEKEY, INCLUDESQL, COLTYPE ) values ( 'DC_E_CUDB:((3)):DC_E_CUDB_PLMNSUB:DAY', 'DAY_ID', 54, 'tinyint', 0, 0, 31, 1, 'LF', '', 'DAY_ID', 'BASE_TP_090421', 0, 0, null );
insert into Measurementcolumn ( MTABLEID, DATANAME, COLNUMBER, DATATYPE, DATASIZE, DATASCALE, UNIQUEVALUE, NULLABLE, INDEXES, DESCRIPTION, DATAID, RELEASEID, UNIQUEKEY, INCLUDESQL, COLTYPE ) values ( 'DC_E_CUDB:((3)):DC_E_CUDB_PLMNSUB:DAY', 'DC_RELEASE', 63, 'varchar', 16, 0, 2, 1, 'LF', '', 'DC_RELEASE', 'BASE_TP_090421', 1, 1, null );
insert into Measurementcolumn ( MTABLEID, DATANAME, COLNUMBER, DATATYPE, DATASIZE, DATASCALE, UNIQUEVALUE, NULLABLE, INDEXES, DESCRIPTION, DATAID, RELEASEID, UNIQUEKEY, INCLUDESQL, COLTYPE ) values ( 'DC_E_CUDB:((3)):DC_E_CUDB_PLMNSUB:DAY', 'DC_SOURCE', 64, 'varchar', 16, 0, 2, 1, 'LF', '', 'DC_SOURCE', 'BASE_TP_090421', 0, 1, null );
insert into Measurementcolumn ( MTABLEID, DATANAME, COLNUMBER, DATATYPE, DATASIZE, DATASCALE, UNIQUEVALUE, NULLABLE, INDEXES, DESCRIPTION, DATAID, RELEASEID, UNIQUEKEY, INCLUDESQL, COLTYPE ) values ( 'DC_E_CUDB:((3)):DC_E_CUDB_PLMNSUB:DAY', 'DC_SUSPECTFLAG', 66, 'int', 0, 0, 2, 1, 'LF', '', 'DC_SUSPECTFLAG', 'BASE_TP_090421', 0, 1, null );
insert into Measurementcolumn ( MTABLEID, DATANAME, COLNUMBER, DATATYPE, DATASIZE, DATASCALE, UNIQUEVALUE, NULLABLE, INDEXES, DESCRIPTION, DATAID, RELEASEID, UNIQUEKEY, INCLUDESQL, COLTYPE ) values ( 'DC_E_CUDB:((3)):DC_E_CUDB_PLMNSUB:DAY', 'DC_TIMEZONE', 65, 'varchar', 16, 0, 2, 1, 'LF', '', 'DC_TIMEZONE', 'BASE_TP_090421', 0, 1, null );
insert into Measurementcolumn ( MTABLEID, DATANAME, COLNUMBER, DATATYPE, DATASIZE, DATASCALE, UNIQUEVALUE, NULLABLE, INDEXES, DESCRIPTION, DATAID, RELEASEID, UNIQUEKEY, INCLUDESQL, COLTYPE ) values ( 'DC_E_CUDB:((3)):DC_E_CUDB_PLMNSUB:DAY', 'GPPLMNCNT', 102, 'numeric', 18, 8, 255, 1, '', 'Number of GPRS mobile subscribers registered in CUDB due to HLR application located outside the Home PLMN
   </description>
', 'GPPLMNCNT.actual', 'DC_E_CUDB:((FINAL))', 0, 1, 'COUNTER' );
insert into Measurementcolumn ( MTABLEID, DATANAME, COLNUMBER, DATATYPE, DATASIZE, DATASCALE, UNIQUEVALUE, NULLABLE, INDEXES, DESCRIPTION, DATAID, RELEASEID, UNIQUEKEY, INCLUDESQL, COLTYPE ) values ( 'DC_E_CUDB:((3)):DC_E_CUDB_PLMNSUB:DAY', 'MONTH_ID', 53, 'tinyint', 0, 0, 12, 1, 'LF', '', 'MONTH_ID', 'BASE_TP_090421', 0, 0, null );
insert into Measurementcolumn ( MTABLEID, DATANAME, COLNUMBER, DATATYPE, DATASIZE, DATASCALE, UNIQUEVALUE, NULLABLE, INDEXES, DESCRIPTION, DATAID, RELEASEID, UNIQUEKEY, INCLUDESQL, COLTYPE ) values ( 'DC_E_CUDB:((3)):DC_E_CUDB_PLMNSUB:DAY', 'NE_ID', 2, 'varchar', 35, 0, 255, 0, 'HG', 'Network Element Id', 'NEID', 'DC_E_CUDB:((FINAL))', 1, 1, 'KEY' );
insert into Measurementcolumn ( MTABLEID, DATANAME, COLNUMBER, DATATYPE, DATASIZE, DATASCALE, UNIQUEVALUE, NULLABLE, INDEXES, DESCRIPTION, DATAID, RELEASEID, UNIQUEKEY, INCLUDESQL, COLTYPE ) values ( 'DC_E_CUDB:((3)):DC_E_CUDB_PLMNSUB:DAY', 'OSS_ID', 1, 'varchar', 50, 0, 255, 0, 'HG', 'OSS Id', 'OSS_ID', 'DC_E_CUDB:((FINAL))', 1, 1, 'KEY' );
insert into Measurementcolumn ( MTABLEID, DATANAME, COLNUMBER, DATATYPE, DATASIZE, DATASCALE, UNIQUEVALUE, NULLABLE, INDEXES, DESCRIPTION, DATAID, RELEASEID, UNIQUEKEY, INCLUDESQL, COLTYPE ) values ( 'DC_E_CUDB:((3)):DC_E_CUDB_PLMNSUB:DAY', 'PERIOD_DURATION', 61, 'unsigned int', 0, 0, 10, 1, '', '', 'PERIOD_DURATION', 'BASE_TP_090421', 0, 1, null );
insert into Measurementcolumn ( MTABLEID, DATANAME, COLNUMBER, DATATYPE, DATASIZE, DATASCALE, UNIQUEVALUE, NULLABLE, INDEXES, DESCRIPTION, DATAID, RELEASEID, UNIQUEKEY, INCLUDESQL, COLTYPE ) values ( 'DC_E_CUDB:((3)):DC_E_CUDB_PLMNSUB:DAY', 'PLMNCNT', 101, 'numeric', 18, 8, 255, 1, '', 'Number of non-GPRS mobile subscribers registered in CUDB due to HLR application located outside the Home PLMN
', 'PLMNCNT.actual', 'DC_E_CUDB:((FINAL))', 0, 1, 'COUNTER' );
insert into Measurementcolumn ( MTABLEID, DATANAME, COLNUMBER, DATATYPE, DATASIZE, DATASCALE, UNIQUEVALUE, NULLABLE, INDEXES, DESCRIPTION, DATAID, RELEASEID, UNIQUEKEY, INCLUDESQL, COLTYPE ) values ( 'DC_E_CUDB:((3)):DC_E_CUDB_PLMNSUB:DAY', 'ROWSTATUS', 62, 'varchar', 16, 0, 10, 1, '', '', 'ROWSTATUS', 'BASE_TP_090421', 0, 1, null );
insert into Measurementcolumn ( MTABLEID, DATANAME, COLNUMBER, DATATYPE, DATASIZE, DATASCALE, UNIQUEVALUE, NULLABLE, INDEXES, DESCRIPTION, DATAID, RELEASEID, UNIQUEKEY, INCLUDESQL, COLTYPE ) values ( 'DC_E_CUDB:((3)):DC_E_CUDB_PLMNSUB:DAY', 'SESSION_ID', 59, 'unsigned int', 0, 0, 255, 1, '', '', 'SESSION_ID', 'BASE_TP_090421', 0, 0, null );
insert into Measurementcolumn ( MTABLEID, DATANAME, COLNUMBER, DATATYPE, DATASIZE, DATASCALE, UNIQUEVALUE, NULLABLE, INDEXES, DESCRIPTION, DATAID, RELEASEID, UNIQUEKEY, INCLUDESQL, COLTYPE ) values ( 'DC_E_CUDB:((3)):DC_E_CUDB_PLMNSUB:DAY', 'TIMELEVEL', 58, 'varchar', 10, 0, 10, 1, 'LF', '', 'TIMELEVEL', 'BASE_TP_090421', 0, 0, null );
insert into Measurementcolumn ( MTABLEID, DATANAME, COLNUMBER, DATATYPE, DATASIZE, DATASCALE, UNIQUEVALUE, NULLABLE, INDEXES, DESCRIPTION, DATAID, RELEASEID, UNIQUEKEY, INCLUDESQL, COLTYPE ) values ( 'DC_E_CUDB:((3)):DC_E_CUDB_PLMNSUB:DAY', 'WEEK_ID', 55, 'tinyint', 0, 0, 53, 1, 'LF', '', 'WEEK_ID', 'BASE_TP_090421', 0, 0, null );
insert into Measurementcolumn ( MTABLEID, DATANAME, COLNUMBER, DATATYPE, DATASIZE, DATASCALE, UNIQUEVALUE, NULLABLE, INDEXES, DESCRIPTION, DATAID, RELEASEID, UNIQUEKEY, INCLUDESQL, COLTYPE ) values ( 'DC_E_CUDB:((3)):DC_E_CUDB_PLMNSUB:DAY', 'YEAR_ID', 52, 'smallint', 0, 0, 20, 1, 'LF', '', 'YEAR_ID', 'BASE_TP_090421', 0, 0, null );
insert into Measurementtable ( MTABLEID, TABLELEVEL, TYPEID, BASETABLENAME, DEFAULT_TEMPLATE, PARTITIONPLAN ) values ( 'DC_E_CUDB:((3)):DC_E_CUDB_PLMNSUB:RAW', 'RAW', 'DC_E_CUDB:((3)):DC_E_CUDB_PLMNSUB', 'DC_E_CUDB_PLMNSUB_RAW', null, 'small_raw' );
insert into Measurementcolumn ( MTABLEID, DATANAME, COLNUMBER, DATATYPE, DATASIZE, DATASCALE, UNIQUEVALUE, NULLABLE, INDEXES, DESCRIPTION, DATAID, RELEASEID, UNIQUEKEY, INCLUDESQL, COLTYPE ) values ( 'DC_E_CUDB:((3)):DC_E_CUDB_PLMNSUB:RAW', 'BATCH_ID', 60, 'smallint', 0, 0, 255, 1, '', '', 'BATCH_ID', 'BASE_TP_090421', 0, 0, null );
insert into Measurementcolumn ( MTABLEID, DATANAME, COLNUMBER, DATATYPE, DATASIZE, DATASCALE, UNIQUEVALUE, NULLABLE, INDEXES, DESCRIPTION, DATAID, RELEASEID, UNIQUEKEY, INCLUDESQL, COLTYPE ) values ( 'DC_E_CUDB:((3)):DC_E_CUDB_PLMNSUB:RAW', 'DATE_ID', 51, 'date', 0, 0, 255, 1, 'LF', '', 'DATE_ID', 'BASE_TP_090421', 0, 0, null );
insert into Measurementcolumn ( MTABLEID, DATANAME, COLNUMBER, DATATYPE, DATASIZE, DATASCALE, UNIQUEVALUE, NULLABLE, INDEXES, DESCRIPTION, DATAID, RELEASEID, UNIQUEKEY, INCLUDESQL, COLTYPE ) values ( 'DC_E_CUDB:((3)):DC_E_CUDB_PLMNSUB:RAW', 'DATETIME_ID', 56, 'datetime', 0, 0, 255, 1, 'HG', '', 'DATETIME_ID', 'BASE_TP_090421', 1, 1, null );
insert into Measurementcolumn ( MTABLEID, DATANAME, COLNUMBER, DATATYPE, DATASIZE, DATASCALE, UNIQUEVALUE, NULLABLE, INDEXES, DESCRIPTION, DATAID, RELEASEID, UNIQUEKEY, INCLUDESQL, COLTYPE ) values ( 'DC_E_CUDB:((3)):DC_E_CUDB_PLMNSUB:RAW', 'DAY_ID', 54, 'tinyint', 0, 0, 31, 1, 'LF', '', 'DAY_ID', 'BASE_TP_090421', 0, 0, null );
insert into Measurementcolumn ( MTABLEID, DATANAME, COLNUMBER, DATATYPE, DATASIZE, DATASCALE, UNIQUEVALUE, NULLABLE, INDEXES, DESCRIPTION, DATAID, RELEASEID, UNIQUEKEY, INCLUDESQL, COLTYPE ) values ( 'DC_E_CUDB:((3)):DC_E_CUDB_PLMNSUB:RAW', 'DC_RELEASE', 63, 'varchar', 16, 0, 2, 1, 'LF', '', 'DC_RELEASE', 'BASE_TP_090421', 0, 1, null );
insert into Measurementcolumn ( MTABLEID, DATANAME, COLNUMBER, DATATYPE, DATASIZE, DATASCALE, UNIQUEVALUE, NULLABLE, INDEXES, DESCRIPTION, DATAID, RELEASEID, UNIQUEKEY, INCLUDESQL, COLTYPE ) values ( 'DC_E_CUDB:((3)):DC_E_CUDB_PLMNSUB:RAW', 'DC_SOURCE', 64, 'varchar', 16, 0, 2, 1, 'LF', '', 'DC_SOURCE', 'BASE_TP_090421', 0, 1, null );
insert into Measurementcolumn ( MTABLEID, DATANAME, COLNUMBER, DATATYPE, DATASIZE, DATASCALE, UNIQUEVALUE, NULLABLE, INDEXES, DESCRIPTION, DATAID, RELEASEID, UNIQUEKEY, INCLUDESQL, COLTYPE ) values ( 'DC_E_CUDB:((3)):DC_E_CUDB_PLMNSUB:RAW', 'DC_SUSPECTFLAG', 66, 'int', 0, 0, 2, 1, 'LF', '', 'DC_SUSPECTFLAG', 'BASE_TP_090421', 0, 1, null );
insert into Measurementcolumn ( MTABLEID, DATANAME, COLNUMBER, DATATYPE, DATASIZE, DATASCALE, UNIQUEVALUE, NULLABLE, INDEXES, DESCRIPTION, DATAID, RELEASEID, UNIQUEKEY, INCLUDESQL, COLTYPE ) values ( 'DC_E_CUDB:((3)):DC_E_CUDB_PLMNSUB:RAW', 'DC_TIMEZONE', 65, 'varchar', 16, 0, 2, 1, 'LF', '', 'DC_TIMEZONE', 'BASE_TP_090421', 0, 1, null );
insert into Measurementcolumn ( MTABLEID, DATANAME, COLNUMBER, DATATYPE, DATASIZE, DATASCALE, UNIQUEVALUE, NULLABLE, INDEXES, DESCRIPTION, DATAID, RELEASEID, UNIQUEKEY, INCLUDESQL, COLTYPE ) values ( 'DC_E_CUDB:((3)):DC_E_CUDB_PLMNSUB:RAW', 'GPPLMNCNT', 102, 'numeric', 18, 8, 255, 1, '', 'Number of GPRS mobile subscribers registered in CUDB due to HLR application located outside the Home PLMN
   </description>
', 'GPPLMNCNT.actual', 'DC_E_CUDB:((FINAL))', 0, 1, 'COUNTER' );
insert into Measurementcolumn ( MTABLEID, DATANAME, COLNUMBER, DATATYPE, DATASIZE, DATASCALE, UNIQUEVALUE, NULLABLE, INDEXES, DESCRIPTION, DATAID, RELEASEID, UNIQUEKEY, INCLUDESQL, COLTYPE ) values ( 'DC_E_CUDB:((3)):DC_E_CUDB_PLMNSUB:RAW', 'HOUR_ID', 55, 'tinyint', 0, 0, 24, 1, 'LF', '', 'HOUR_ID', 'BASE_TP_090421', 0, 0, null );
insert into Measurementcolumn ( MTABLEID, DATANAME, COLNUMBER, DATATYPE, DATASIZE, DATASCALE, UNIQUEVALUE, NULLABLE, INDEXES, DESCRIPTION, DATAID, RELEASEID, UNIQUEKEY, INCLUDESQL, COLTYPE ) values ( 'DC_E_CUDB:((3)):DC_E_CUDB_PLMNSUB:RAW', 'MIN_ID', 57, 'tinyint', 0, 0, 60, 1, 'LF', '', 'MIN_ID', 'BASE_TP_090421', 0, 0, null );
insert into Measurementcolumn ( MTABLEID, DATANAME, COLNUMBER, DATATYPE, DATASIZE, DATASCALE, UNIQUEVALUE, NULLABLE, INDEXES, DESCRIPTION, DATAID, RELEASEID, UNIQUEKEY, INCLUDESQL, COLTYPE ) values ( 'DC_E_CUDB:((3)):DC_E_CUDB_PLMNSUB:RAW', 'MONTH_ID', 53, 'tinyint', 0, 0, 12, 1, 'LF', '', 'MONTH_ID', 'BASE_TP_090421', 0, 0, null );
insert into Measurementcolumn ( MTABLEID, DATANAME, COLNUMBER, DATATYPE, DATASIZE, DATASCALE, UNIQUEVALUE, NULLABLE, INDEXES, DESCRIPTION, DATAID, RELEASEID, UNIQUEKEY, INCLUDESQL, COLTYPE ) values ( 'DC_E_CUDB:((3)):DC_E_CUDB_PLMNSUB:RAW', 'NE_ID', 2, 'varchar', 35, 0, 255, 0, 'HG', 'Network Element Id', 'NEID', 'DC_E_CUDB:((FINAL))', 1, 1, 'KEY' );
insert into Measurementcolumn ( MTABLEID, DATANAME, COLNUMBER, DATATYPE, DATASIZE, DATASCALE, UNIQUEVALUE, NULLABLE, INDEXES, DESCRIPTION, DATAID, RELEASEID, UNIQUEKEY, INCLUDESQL, COLTYPE ) values ( 'DC_E_CUDB:((3)):DC_E_CUDB_PLMNSUB:RAW', 'OSS_ID', 1, 'varchar', 50, 0, 255, 0, 'HG', 'OSS Id', 'OSS_ID', 'DC_E_CUDB:((FINAL))', 1, 1, 'KEY' );
insert into Measurementcolumn ( MTABLEID, DATANAME, COLNUMBER, DATATYPE, DATASIZE, DATASCALE, UNIQUEVALUE, NULLABLE, INDEXES, DESCRIPTION, DATAID, RELEASEID, UNIQUEKEY, INCLUDESQL, COLTYPE ) values ( 'DC_E_CUDB:((3)):DC_E_CUDB_PLMNSUB:RAW', 'PERIOD_DURATION', 61, 'unsigned int', 0, 0, 10, 1, '', '', 'PERIOD_DURATION', 'BASE_TP_090421', 0, 1, null );
insert into Measurementcolumn ( MTABLEID, DATANAME, COLNUMBER, DATATYPE, DATASIZE, DATASCALE, UNIQUEVALUE, NULLABLE, INDEXES, DESCRIPTION, DATAID, RELEASEID, UNIQUEKEY, INCLUDESQL, COLTYPE ) values ( 'DC_E_CUDB:((3)):DC_E_CUDB_PLMNSUB:RAW', 'PLMNCNT', 101, 'numeric', 18, 8, 255, 1, '', 'Number of non-GPRS mobile subscribers registered in CUDB due to HLR application located outside the Home PLMN
', 'PLMNCNT.actual', 'DC_E_CUDB:((FINAL))', 0, 1, 'COUNTER' );
insert into Measurementcolumn ( MTABLEID, DATANAME, COLNUMBER, DATATYPE, DATASIZE, DATASCALE, UNIQUEVALUE, NULLABLE, INDEXES, DESCRIPTION, DATAID, RELEASEID, UNIQUEKEY, INCLUDESQL, COLTYPE ) values ( 'DC_E_CUDB:((3)):DC_E_CUDB_PLMNSUB:RAW', 'ROWSTATUS', 62, 'varchar', 16, 0, 10, 1, '', '', 'ROWSTATUS', 'BASE_TP_090421', 0, 1, null );
insert into Measurementcolumn ( MTABLEID, DATANAME, COLNUMBER, DATATYPE, DATASIZE, DATASCALE, UNIQUEVALUE, NULLABLE, INDEXES, DESCRIPTION, DATAID, RELEASEID, UNIQUEKEY, INCLUDESQL, COLTYPE ) values ( 'DC_E_CUDB:((3)):DC_E_CUDB_PLMNSUB:RAW', 'SESSION_ID', 59, 'unsigned int', 0, 0, 255, 1, '', '', 'SESSION_ID', 'BASE_TP_090421', 0, 0, null );
insert into Measurementcolumn ( MTABLEID, DATANAME, COLNUMBER, DATATYPE, DATASIZE, DATASCALE, UNIQUEVALUE, NULLABLE, INDEXES, DESCRIPTION, DATAID, RELEASEID, UNIQUEKEY, INCLUDESQL, COLTYPE ) values ( 'DC_E_CUDB:((3)):DC_E_CUDB_PLMNSUB:RAW', 'TIMELEVEL', 58, 'varchar', 10, 0, 10, 1, 'LF', '', 'TIMELEVEL', 'BASE_TP_090421', 0, 0, null );
insert into Measurementcolumn ( MTABLEID, DATANAME, COLNUMBER, DATATYPE, DATASIZE, DATASCALE, UNIQUEVALUE, NULLABLE, INDEXES, DESCRIPTION, DATAID, RELEASEID, UNIQUEKEY, INCLUDESQL, COLTYPE ) values ( 'DC_E_CUDB:((3)):DC_E_CUDB_PLMNSUB:RAW', 'UTC_DATETIME_ID', 67, 'datetime', 0, 0, 255, 1, 'HG', '', 'UTC_DATETIME_ID', 'BASE_TP_090421', 1, 1, null );
insert into Measurementcolumn ( MTABLEID, DATANAME, COLNUMBER, DATATYPE, DATASIZE, DATASCALE, UNIQUEVALUE, NULLABLE, INDEXES, DESCRIPTION, DATAID, RELEASEID, UNIQUEKEY, INCLUDESQL, COLTYPE ) values ( 'DC_E_CUDB:((3)):DC_E_CUDB_PLMNSUB:RAW', 'YEAR_ID', 52, 'smallint', 0, 0, 20, 1, 'LF', '', 'YEAR_ID', 'BASE_TP_090421', 0, 0, null );
insert into Measurementtype ( TYPEID, TYPECLASSID, TYPENAME, VENDORID, FOLDERNAME, DESCRIPTION, STATUS, VERSIONID, OBJECTID, OBJECTNAME, OBJECTVERSION, OBJECTTYPE, JOINABLE, SIZING, TOTALAGG, ELEMENTBHSUPPORT, RANKINGTABLE, DELTACALCSUPPORT, PLAINTABLE, UNIVERSEEXTENSION, VECTORSUPPORT, DATAFORMATSUPPORT ) values ( 'DC_E_CUDB:((3)):DC_E_CUDB_RSASUBS', 'DC_E_CUDB:((3)):DC_E_CUDB_HLR', 'DC_E_CUDB_RSASUBS', 'DC_E_CUDB', 'DC_E_CUDB_RSASUBS', 'HLR application subscriber counters', null, 'DC_E_CUDB:((3))', 'DC_E_CUDB:((3)):DC_E_CUDB_RSASUBS', 'DC_E_CUDB_RSASUBS', null, null, '', 'small', 1, 0, 0, 0, 0, 'ALL', 0, 1 );
insert into Measurementkey ( TYPEID, DATANAME, DESCRIPTION, ISELEMENT, UNIQUEKEY, COLNUMBER, DATATYPE, DATASIZE, DATASCALE, UNIQUEVALUE, NULLABLE, INDEXES, INCLUDESQL, UNIVOBJECT, JOINABLE, DATAID ) values ( 'DC_E_CUDB:((3)):DC_E_CUDB_RSASUBS', 'NE_ID', 'Network Element Id', 1, 1, 2, 'varchar', 35, 0, 255, 0, 'HG', 1, 'NE_ID', null, 'NEID' );
insert into Measurementkey ( TYPEID, DATANAME, DESCRIPTION, ISELEMENT, UNIQUEKEY, COLNUMBER, DATATYPE, DATASIZE, DATASCALE, UNIQUEVALUE, NULLABLE, INDEXES, INCLUDESQL, UNIVOBJECT, JOINABLE, DATAID ) values ( 'DC_E_CUDB:((3)):DC_E_CUDB_RSASUBS', 'OSS_ID', 'OSS Id', 0, 1, 1, 'varchar', 50, 0, 255, 0, 'HG', 1, 'OSS_ID', null, 'OSS_ID' );
insert into Measurementcounter ( TYPEID, DATANAME, DESCRIPTION, TIMEAGGREGATION, GROUPAGGREGATION, COUNTAGGREGATION, COLNUMBER, DATATYPE, DATASIZE, DATASCALE, INCLUDESQL, UNIVOBJECT, UNIVCLASS, COUNTERTYPE, COUNTERPROCESS, DATAID ) values ( 'DC_E_CUDB:((3)):DC_E_CUDB_RSASUBS', 'NSUBSRSA1', 'Number of subscribers registered in CUDB due to the HLR application having the RSA1 associated', 'AVG', 'AVG', 'GAUGE', 101, 'numeric', 18, 8, 1, 'NSUBSRSA1', null, 'GAUGE', 'GAUGE', 'NSUBSRSA1.actual' );
insert into Measurementcounter ( TYPEID, DATANAME, DESCRIPTION, TIMEAGGREGATION, GROUPAGGREGATION, COUNTAGGREGATION, COLNUMBER, DATATYPE, DATASIZE, DATASCALE, INCLUDESQL, UNIVOBJECT, UNIVCLASS, COUNTERTYPE, COUNTERPROCESS, DATAID ) values ( 'DC_E_CUDB:((3)):DC_E_CUDB_RSASUBS', 'NSUBSRSA10', 'Number of subscribers registered in CUDB due to the HLR application having the RSA10 associated', 'AVG', 'AVG', 'GAUGE', 110, 'numeric', 18, 8, 1, 'NSUBSRSA10', null, 'GAUGE', 'GAUGE', 'NSUBSRSA10.actual' );
insert into Measurementcounter ( TYPEID, DATANAME, DESCRIPTION, TIMEAGGREGATION, GROUPAGGREGATION, COUNTAGGREGATION, COLNUMBER, DATATYPE, DATASIZE, DATASCALE, INCLUDESQL, UNIVOBJECT, UNIVCLASS, COUNTERTYPE, COUNTERPROCESS, DATAID ) values ( 'DC_E_CUDB:((3)):DC_E_CUDB_RSASUBS', 'NSUBSRSA100', 'Number of subscribers registered in CUDB due to the HLR application having the RSA100 associated', 'AVG', 'AVG', 'GAUGE', 200, 'numeric', 18, 8, 1, 'NSUBSRSA100', null, 'GAUGE', 'GAUGE', 'NSUBSRSA100.actual' );
insert into Measurementcounter ( TYPEID, DATANAME, DESCRIPTION, TIMEAGGREGATION, GROUPAGGREGATION, COUNTAGGREGATION, COLNUMBER, DATATYPE, DATASIZE, DATASCALE, INCLUDESQL, UNIVOBJECT, UNIVCLASS, COUNTERTYPE, COUNTERPROCESS, DATAID ) values ( 'DC_E_CUDB:((3)):DC_E_CUDB_RSASUBS', 'NSUBSRSA101', 'Number of subscribers registered in CUDB due to the HLR application having the RSA101 associated', 'AVG', 'AVG', 'GAUGE', 201, 'numeric', 18, 8, 1, 'NSUBSRSA101', null, 'GAUGE', 'GAUGE', 'NSUBSRSA101.actual' );
insert into Measurementcounter ( TYPEID, DATANAME, DESCRIPTION, TIMEAGGREGATION, GROUPAGGREGATION, COUNTAGGREGATION, COLNUMBER, DATATYPE, DATASIZE, DATASCALE, INCLUDESQL, UNIVOBJECT, UNIVCLASS, COUNTERTYPE, COUNTERPROCESS, DATAID ) values ( 'DC_E_CUDB:((3)):DC_E_CUDB_RSASUBS', 'NSUBSRSA102', 'Number of subscribers registered in CUDB due to the HLR application having the RSA102 associated', 'AVG', 'AVG', 'GAUGE', 202, 'numeric', 18, 8, 1, 'NSUBSRSA102', null, 'GAUGE', 'GAUGE', 'NSUBSRSA102.actual' );
insert into Measurementcounter ( TYPEID, DATANAME, DESCRIPTION, TIMEAGGREGATION, GROUPAGGREGATION, COUNTAGGREGATION, COLNUMBER, DATATYPE, DATASIZE, DATASCALE, INCLUDESQL, UNIVOBJECT, UNIVCLASS, COUNTERTYPE, COUNTERPROCESS, DATAID ) values ( 'DC_E_CUDB:((3)):DC_E_CUDB_RSASUBS', 'NSUBSRSA103', 'Number of subscribers registered in CUDB due to the HLR application having the RSA103 associated', 'AVG', 'AVG', 'GAUGE', 203, 'numeric', 18, 8, 1, 'NSUBSRSA103', null, 'GAUGE', 'GAUGE', 'NSUBSRSA103.actual' );
insert into Measurementcounter ( TYPEID, DATANAME, DESCRIPTION, TIMEAGGREGATION, GROUPAGGREGATION, COUNTAGGREGATION, COLNUMBER, DATATYPE, DATASIZE, DATASCALE, INCLUDESQL, UNIVOBJECT, UNIVCLASS, COUNTERTYPE, COUNTERPROCESS, DATAID ) values ( 'DC_E_CUDB:((3)):DC_E_CUDB_RSASUBS', 'NSUBSRSA104', 'Number of subscribers registered in CUDB due to the HLR application having the RSA104 associated', 'AVG', 'AVG', 'GAUGE', 204, 'numeric', 18, 8, 1, 'NSUBSRSA104', null, 'GAUGE', 'GAUGE', 'NSUBSRSA104.actual' );
insert into Measurementcounter ( TYPEID, DATANAME, DESCRIPTION, TIMEAGGREGATION, GROUPAGGREGATION, COUNTAGGREGATION, COLNUMBER, DATATYPE, DATASIZE, DATASCALE, INCLUDESQL, UNIVOBJECT, UNIVCLASS, COUNTERTYPE, COUNTERPROCESS, DATAID ) values ( 'DC_E_CUDB:((3)):DC_E_CUDB_RSASUBS', 'NSUBSRSA105', 'Number of subscribers registered in CUDB due to the HLR application having the RSA105 associated', 'AVG', 'AVG', 'GAUGE', 205, 'numeric', 18, 8, 1, 'NSUBSRSA105', null, 'GAUGE', 'GAUGE', 'NSUBSRSA105.actual' );
insert into Measurementcounter ( TYPEID, DATANAME, DESCRIPTION, TIMEAGGREGATION, GROUPAGGREGATION, COUNTAGGREGATION, COLNUMBER, DATATYPE, DATASIZE, DATASCALE, INCLUDESQL, UNIVOBJECT, UNIVCLASS, COUNTERTYPE, COUNTERPROCESS, DATAID ) values ( 'DC_E_CUDB:((3)):DC_E_CUDB_RSASUBS', 'NSUBSRSA106', 'Number of subscribers registered in CUDB due to the HLR application having the RSA106 associated', 'AVG', 'AVG', 'GAUGE', 206, 'numeric', 18, 8, 1, 'NSUBSRSA106', null, 'GAUGE', 'GAUGE', 'NSUBSRSA106.actual' );
insert into Measurementcounter ( TYPEID, DATANAME, DESCRIPTION, TIMEAGGREGATION, GROUPAGGREGATION, COUNTAGGREGATION, COLNUMBER, DATATYPE, DATASIZE, DATASCALE, INCLUDESQL, UNIVOBJECT, UNIVCLASS, COUNTERTYPE, COUNTERPROCESS, DATAID ) values ( 'DC_E_CUDB:((3)):DC_E_CUDB_RSASUBS', 'NSUBSRSA107', 'Number of subscribers registered in CUDB due to the HLR application having the RSA107 associated', 'AVG', 'AVG', 'GAUGE', 207, 'numeric', 18, 8, 1, 'NSUBSRSA107', null, 'GAUGE', 'GAUGE', 'NSUBSRSA107.actual' );
insert into Measurementcounter ( TYPEID, DATANAME, DESCRIPTION, TIMEAGGREGATION, GROUPAGGREGATION, COUNTAGGREGATION, COLNUMBER, DATATYPE, DATASIZE, DATASCALE, INCLUDESQL, UNIVOBJECT, UNIVCLASS, COUNTERTYPE, COUNTERPROCESS, DATAID ) values ( 'DC_E_CUDB:((3)):DC_E_CUDB_RSASUBS', 'NSUBSRSA108', 'Number of subscribers registered in CUDB due to the HLR application having the RSA108 associated', 'AVG', 'AVG', 'GAUGE', 208, 'numeric', 18, 8, 1, 'NSUBSRSA108', null, 'GAUGE', 'GAUGE', 'NSUBSRSA108.actual' );
insert into Measurementcounter ( TYPEID, DATANAME, DESCRIPTION, TIMEAGGREGATION, GROUPAGGREGATION, COUNTAGGREGATION, COLNUMBER, DATATYPE, DATASIZE, DATASCALE, INCLUDESQL, UNIVOBJECT, UNIVCLASS, COUNTERTYPE, COUNTERPROCESS, DATAID ) values ( 'DC_E_CUDB:((3)):DC_E_CUDB_RSASUBS', 'NSUBSRSA109', 'Number of subscribers registered in CUDB due to the HLR application having the RSA109 associated', 'AVG', 'AVG', 'GAUGE', 209, 'numeric', 18, 8, 1, 'NSUBSRSA109', null, 'GAUGE', 'GAUGE', 'NSUBSRSA109.actual' );
insert into Measurementcounter ( TYPEID, DATANAME, DESCRIPTION, TIMEAGGREGATION, GROUPAGGREGATION, COUNTAGGREGATION, COLNUMBER, DATATYPE, DATASIZE, DATASCALE, INCLUDESQL, UNIVOBJECT, UNIVCLASS, COUNTERTYPE, COUNTERPROCESS, DATAID ) values ( 'DC_E_CUDB:((3)):DC_E_CUDB_RSASUBS', 'NSUBSRSA11', 'Number of subscribers registered in CUDB due to the HLR application having the RSA11 associated', 'AVG', 'AVG', 'GAUGE', 111, 'numeric', 18, 8, 1, 'NSUBSRSA11', null, 'GAUGE', 'GAUGE', 'NSUBSRSA11.actual' );
insert into Measurementcounter ( TYPEID, DATANAME, DESCRIPTION, TIMEAGGREGATION, GROUPAGGREGATION, COUNTAGGREGATION, COLNUMBER, DATATYPE, DATASIZE, DATASCALE, INCLUDESQL, UNIVOBJECT, UNIVCLASS, COUNTERTYPE, COUNTERPROCESS, DATAID ) values ( 'DC_E_CUDB:((3)):DC_E_CUDB_RSASUBS', 'NSUBSRSA110', 'Number of subscribers registered in CUDB due to the HLR application having the RSA110 associated', 'AVG', 'AVG', 'GAUGE', 210, 'numeric', 18, 8, 1, 'NSUBSRSA110', null, 'GAUGE', 'GAUGE', 'NSUBSRSA110.actual' );
insert into Measurementcounter ( TYPEID, DATANAME, DESCRIPTION, TIMEAGGREGATION, GROUPAGGREGATION, COUNTAGGREGATION, COLNUMBER, DATATYPE, DATASIZE, DATASCALE, INCLUDESQL, UNIVOBJECT, UNIVCLASS, COUNTERTYPE, COUNTERPROCESS, DATAID ) values ( 'DC_E_CUDB:((3)):DC_E_CUDB_RSASUBS', 'NSUBSRSA111', 'Number of subscribers registered in CUDB due to the HLR application having the RSA111 associated', 'AVG', 'AVG', 'GAUGE', 211, 'numeric', 18, 8, 1, 'NSUBSRSA111', null, 'GAUGE', 'GAUGE', 'NSUBSRSA111.actual' );
insert into Measurementcounter ( TYPEID, DATANAME, DESCRIPTION, TIMEAGGREGATION, GROUPAGGREGATION, COUNTAGGREGATION, COLNUMBER, DATATYPE, DATASIZE, DATASCALE, INCLUDESQL, UNIVOBJECT, UNIVCLASS, COUNTERTYPE, COUNTERPROCESS, DATAID ) values ( 'DC_E_CUDB:((3)):DC_E_CUDB_RSASUBS', 'NSUBSRSA112', 'Number of subscribers registered in CUDB due to the HLR application having the RSA112 associated', 'AVG', 'AVG', 'GAUGE', 212, 'numeric', 18, 8, 1, 'NSUBSRSA112', null, 'GAUGE', 'GAUGE', 'NSUBSRSA112.actual' );
insert into Measurementcounter ( TYPEID, DATANAME, DESCRIPTION, TIMEAGGREGATION, GROUPAGGREGATION, COUNTAGGREGATION, COLNUMBER, DATATYPE, DATASIZE, DATASCALE, INCLUDESQL, UNIVOBJECT, UNIVCLASS, COUNTERTYPE, COUNTERPROCESS, DATAID ) values ( 'DC_E_CUDB:((3)):DC_E_CUDB_RSASUBS', 'NSUBSRSA113', 'Number of subscribers registered in CUDB due to the HLR application having the RSA113 associated', 'AVG', 'AVG', 'GAUGE', 213, 'numeric', 18, 8, 1, 'NSUBSRSA113', null, 'GAUGE', 'GAUGE', 'NSUBSRSA113.actual' );
insert into Measurementcounter ( TYPEID, DATANAME, DESCRIPTION, TIMEAGGREGATION, GROUPAGGREGATION, COUNTAGGREGATION, COLNUMBER, DATATYPE, DATASIZE, DATASCALE, INCLUDESQL, UNIVOBJECT, UNIVCLASS, COUNTERTYPE, COUNTERPROCESS, DATAID ) values ( 'DC_E_CUDB:((3)):DC_E_CUDB_RSASUBS', 'NSUBSRSA114', 'Number of subscribers registered in CUDB due to the HLR application having the RSA114 associated', 'AVG', 'AVG', 'GAUGE', 214, 'numeric', 18, 8, 1, 'NSUBSRSA114', null, 'GAUGE', 'GAUGE', 'NSUBSRSA114.actual' );
insert into Measurementcounter ( TYPEID, DATANAME, DESCRIPTION, TIMEAGGREGATION, GROUPAGGREGATION, COUNTAGGREGATION, COLNUMBER, DATATYPE, DATASIZE, DATASCALE, INCLUDESQL, UNIVOBJECT, UNIVCLASS, COUNTERTYPE, COUNTERPROCESS, DATAID ) values ( 'DC_E_CUDB:((3)):DC_E_CUDB_RSASUBS', 'NSUBSRSA115', 'Number of subscribers registered in CUDB due to the HLR application having the RSA115 associated', 'AVG', 'AVG', 'GAUGE', 215, 'numeric', 18, 8, 1, 'NSUBSRSA115', null, 'GAUGE', 'GAUGE', 'NSUBSRSA115.actual' );
insert into Measurementcounter ( TYPEID, DATANAME, DESCRIPTION, TIMEAGGREGATION, GROUPAGGREGATION, COUNTAGGREGATION, COLNUMBER, DATATYPE, DATASIZE, DATASCALE, INCLUDESQL, UNIVOBJECT, UNIVCLASS, COUNTERTYPE, COUNTERPROCESS, DATAID ) values ( 'DC_E_CUDB:((3)):DC_E_CUDB_RSASUBS', 'NSUBSRSA116', 'Number of subscribers registered in CUDB due to the HLR application having the RSA116 associated', 'AVG', 'AVG', 'GAUGE', 216, 'numeric', 18, 8, 1, 'NSUBSRSA116', null, 'GAUGE', 'GAUGE', 'NSUBSRSA116.actual' );
insert into Measurementcounter ( TYPEID, DATANAME, DESCRIPTION, TIMEAGGREGATION, GROUPAGGREGATION, COUNTAGGREGATION, COLNUMBER, DATATYPE, DATASIZE, DATASCALE, INCLUDESQL, UNIVOBJECT, UNIVCLASS, COUNTERTYPE, COUNTERPROCESS, DATAID ) values ( 'DC_E_CUDB:((3)):DC_E_CUDB_RSASUBS', 'NSUBSRSA117', 'Number of subscribers registered in CUDB due to the HLR application having the RSA117 associated', 'AVG', 'AVG', 'GAUGE', 217, 'numeric', 18, 8, 1, 'NSUBSRSA117', null, 'GAUGE', 'GAUGE', 'NSUBSRSA117.actual' );
insert into Measurementcounter ( TYPEID, DATANAME, DESCRIPTION, TIMEAGGREGATION, GROUPAGGREGATION, COUNTAGGREGATION, COLNUMBER, DATATYPE, DATASIZE, DATASCALE, INCLUDESQL, UNIVOBJECT, UNIVCLASS, COUNTERTYPE, COUNTERPROCESS, DATAID ) values ( 'DC_E_CUDB:((3)):DC_E_CUDB_RSASUBS', 'NSUBSRSA118', 'Number of subscribers registered in CUDB due to the HLR application having the RSA118 associated', 'AVG', 'AVG', 'GAUGE', 218, 'numeric', 18, 8, 1, 'NSUBSRSA118', null, 'GAUGE', 'GAUGE', 'NSUBSRSA118.actual' );
insert into Measurementcounter ( TYPEID, DATANAME, DESCRIPTION, TIMEAGGREGATION, GROUPAGGREGATION, COUNTAGGREGATION, COLNUMBER, DATATYPE, DATASIZE, DATASCALE, INCLUDESQL, UNIVOBJECT, UNIVCLASS, COUNTERTYPE, COUNTERPROCESS, DATAID ) values ( 'DC_E_CUDB:((3)):DC_E_CUDB_RSASUBS', 'NSUBSRSA119', 'Number of subscribers registered in CUDB due to the HLR application having the RSA119 associated', 'AVG', 'AVG', 'GAUGE', 219, 'numeric', 18, 8, 1, 'NSUBSRSA119', null, 'GAUGE', 'GAUGE', 'NSUBSRSA119.actual' );
insert into Measurementcounter ( TYPEID, DATANAME, DESCRIPTION, TIMEAGGREGATION, GROUPAGGREGATION, COUNTAGGREGATION, COLNUMBER, DATATYPE, DATASIZE, DATASCALE, INCLUDESQL, UNIVOBJECT, UNIVCLASS, COUNTERTYPE, COUNTERPROCESS, DATAID ) values ( 'DC_E_CUDB:((3)):DC_E_CUDB_RSASUBS', 'NSUBSRSA12', 'Number of subscribers registered in CUDB due to the HLR application having the RSA12 associated', 'AVG', 'AVG', 'GAUGE', 112, 'numeric', 18, 8, 1, 'NSUBSRSA12', null, 'GAUGE', 'GAUGE', 'NSUBSRSA12.actual' );
insert into Measurementcounter ( TYPEID, DATANAME, DESCRIPTION, TIMEAGGREGATION, GROUPAGGREGATION, COUNTAGGREGATION, COLNUMBER, DATATYPE, DATASIZE, DATASCALE, INCLUDESQL, UNIVOBJECT, UNIVCLASS, COUNTERTYPE, COUNTERPROCESS, DATAID ) values ( 'DC_E_CUDB:((3)):DC_E_CUDB_RSASUBS', 'NSUBSRSA120', 'Number of subscribers registered in CUDB due to the HLR application having the RSA120 associated', 'AVG', 'AVG', 'GAUGE', 220, 'numeric', 18, 8, 1, 'NSUBSRSA120', null, 'GAUGE', 'GAUGE', 'NSUBSRSA120.actual' );
insert into Measurementcounter ( TYPEID, DATANAME, DESCRIPTION, TIMEAGGREGATION, GROUPAGGREGATION, COUNTAGGREGATION, COLNUMBER, DATATYPE, DATASIZE, DATASCALE, INCLUDESQL, UNIVOBJECT, UNIVCLASS, COUNTERTYPE, COUNTERPROCESS, DATAID ) values ( 'DC_E_CUDB:((3)):DC_E_CUDB_RSASUBS', 'NSUBSRSA121', 'Number of subscribers registered in CUDB due to the HLR application having the RSA121 associated', 'AVG', 'AVG', 'GAUGE', 221, 'numeric', 18, 8, 1, 'NSUBSRSA121', null, 'GAUGE', 'GAUGE', 'NSUBSRSA121.actual' );
insert into Measurementcounter ( TYPEID, DATANAME, DESCRIPTION, TIMEAGGREGATION, GROUPAGGREGATION, COUNTAGGREGATION, COLNUMBER, DATATYPE, DATASIZE, DATASCALE, INCLUDESQL, UNIVOBJECT, UNIVCLASS, COUNTERTYPE, COUNTERPROCESS, DATAID ) values ( 'DC_E_CUDB:((3)):DC_E_CUDB_RSASUBS', 'NSUBSRSA122', 'Number of subscribers registered in CUDB due to the HLR application having the RSA122 associated', 'AVG', 'AVG', 'GAUGE', 222, 'numeric', 18, 8, 1, 'NSUBSRSA122', null, 'GAUGE', 'GAUGE', 'NSUBSRSA122.actual' );
insert into Measurementcounter ( TYPEID, DATANAME, DESCRIPTION, TIMEAGGREGATION, GROUPAGGREGATION, COUNTAGGREGATION, COLNUMBER, DATATYPE, DATASIZE, DATASCALE, INCLUDESQL, UNIVOBJECT, UNIVCLASS, COUNTERTYPE, COUNTERPROCESS, DATAID ) values ( 'DC_E_CUDB:((3)):DC_E_CUDB_RSASUBS', 'NSUBSRSA123', 'Number of subscribers registered in CUDB due to the HLR application having the RSA123 associated', 'AVG', 'AVG', 'GAUGE', 223, 'numeric', 18, 8, 1, 'NSUBSRSA123', null, 'GAUGE', 'GAUGE', 'NSUBSRSA123.actual' );
insert into Measurementcounter ( TYPEID, DATANAME, DESCRIPTION, TIMEAGGREGATION, GROUPAGGREGATION, COUNTAGGREGATION, COLNUMBER, DATATYPE, DATASIZE, DATASCALE, INCLUDESQL, UNIVOBJECT, UNIVCLASS, COUNTERTYPE, COUNTERPROCESS, DATAID ) values ( 'DC_E_CUDB:((3)):DC_E_CUDB_RSASUBS', 'NSUBSRSA124', 'Number of subscribers registered in CUDB due to the HLR application having the RSA124 associated', 'AVG', 'AVG', 'GAUGE', 224, 'numeric', 18, 8, 1, 'NSUBSRSA124', null, 'GAUGE', 'GAUGE', 'NSUBSRSA124.actual' );
insert into Measurementcounter ( TYPEID, DATANAME, DESCRIPTION, TIMEAGGREGATION, GROUPAGGREGATION, COUNTAGGREGATION, COLNUMBER, DATATYPE, DATASIZE, DATASCALE, INCLUDESQL, UNIVOBJECT, UNIVCLASS, COUNTERTYPE, COUNTERPROCESS, DATAID ) values ( 'DC_E_CUDB:((3)):DC_E_CUDB_RSASUBS', 'NSUBSRSA125', 'Number of subscribers registered in CUDB due to the HLR application having the RSA125 associated', 'AVG', 'AVG', 'GAUGE', 225, 'numeric', 18, 8, 1, 'NSUBSRSA125', null, 'GAUGE', 'GAUGE', 'NSUBSRSA125.actual' );
insert into Measurementcounter ( TYPEID, DATANAME, DESCRIPTION, TIMEAGGREGATION, GROUPAGGREGATION, COUNTAGGREGATION, COLNUMBER, DATATYPE, DATASIZE, DATASCALE, INCLUDESQL, UNIVOBJECT, UNIVCLASS, COUNTERTYPE, COUNTERPROCESS, DATAID ) values ( 'DC_E_CUDB:((3)):DC_E_CUDB_RSASUBS', 'NSUBSRSA126', 'Number of subscribers registered in CUDB due to the HLR application having the RSA126 associated', 'AVG', 'AVG', 'GAUGE', 226, 'numeric', 18, 8, 1, 'NSUBSRSA126', null, 'GAUGE', 'GAUGE', 'NSUBSRSA126.actual' );
insert into Measurementcounter ( TYPEID, DATANAME, DESCRIPTION, TIMEAGGREGATION, GROUPAGGREGATION, COUNTAGGREGATION, COLNUMBER, DATATYPE, DATASIZE, DATASCALE, INCLUDESQL, UNIVOBJECT, UNIVCLASS, COUNTERTYPE, COUNTERPROCESS, DATAID ) values ( 'DC_E_CUDB:((3)):DC_E_CUDB_RSASUBS', 'NSUBSRSA127', 'Number of subscribers registered in CUDB due to the HLR application having the RSA127 associated', 'AVG', 'AVG', 'GAUGE', 227, 'numeric', 18, 8, 1, 'NSUBSRSA127', null, 'GAUGE', 'GAUGE', 'NSUBSRSA127.actual' );
insert into Measurementcounter ( TYPEID, DATANAME, DESCRIPTION, TIMEAGGREGATION, GROUPAGGREGATION, COUNTAGGREGATION, COLNUMBER, DATATYPE, DATASIZE, DATASCALE, INCLUDESQL, UNIVOBJECT, UNIVCLASS, COUNTERTYPE, COUNTERPROCESS, DATAID ) values ( 'DC_E_CUDB:((3)):DC_E_CUDB_RSASUBS', 'NSUBSRSA128', 'Number of subscribers registered in CUDB due to the HLR application having the RSA128 associated', 'AVG', 'AVG', 'GAUGE', 228, 'numeric', 18, 8, 1, 'NSUBSRSA128', null, 'GAUGE', 'GAUGE', 'NSUBSRSA128.actual' );
insert into Measurementcounter ( TYPEID, DATANAME, DESCRIPTION, TIMEAGGREGATION, GROUPAGGREGATION, COUNTAGGREGATION, COLNUMBER, DATATYPE, DATASIZE, DATASCALE, INCLUDESQL, UNIVOBJECT, UNIVCLASS, COUNTERTYPE, COUNTERPROCESS, DATAID ) values ( 'DC_E_CUDB:((3)):DC_E_CUDB_RSASUBS', 'NSUBSRSA13', 'Number of subscribers registered in CUDB due to the HLR application having the RSA13 associated', 'AVG', 'AVG', 'GAUGE', 113, 'numeric', 18, 8, 1, 'NSUBSRSA13', null, 'GAUGE', 'GAUGE', 'NSUBSRSA13.actual' );
insert into Measurementcounter ( TYPEID, DATANAME, DESCRIPTION, TIMEAGGREGATION, GROUPAGGREGATION, COUNTAGGREGATION, COLNUMBER, DATATYPE, DATASIZE, DATASCALE, INCLUDESQL, UNIVOBJECT, UNIVCLASS, COUNTERTYPE, COUNTERPROCESS, DATAID ) values ( 'DC_E_CUDB:((3)):DC_E_CUDB_RSASUBS', 'NSUBSRSA14', 'Number of subscribers registered in CUDB due to the HLR application having the RSA14 associated', 'AVG', 'AVG', 'GAUGE', 114, 'numeric', 18, 8, 1, 'NSUBSRSA14', null, 'GAUGE', 'GAUGE', 'NSUBSRSA14.actual' );
insert into Measurementcounter ( TYPEID, DATANAME, DESCRIPTION, TIMEAGGREGATION, GROUPAGGREGATION, COUNTAGGREGATION, COLNUMBER, DATATYPE, DATASIZE, DATASCALE, INCLUDESQL, UNIVOBJECT, UNIVCLASS, COUNTERTYPE, COUNTERPROCESS, DATAID ) values ( 'DC_E_CUDB:((3)):DC_E_CUDB_RSASUBS', 'NSUBSRSA15', 'Number of subscribers registered in CUDB due to the HLR application having the RSA15 associated', 'AVG', 'AVG', 'GAUGE', 115, 'numeric', 18, 8, 1, 'NSUBSRSA15', null, 'GAUGE', 'GAUGE', 'NSUBSRSA15.actual' );
insert into Measurementcounter ( TYPEID, DATANAME, DESCRIPTION, TIMEAGGREGATION, GROUPAGGREGATION, COUNTAGGREGATION, COLNUMBER, DATATYPE, DATASIZE, DATASCALE, INCLUDESQL, UNIVOBJECT, UNIVCLASS, COUNTERTYPE, COUNTERPROCESS, DATAID ) values ( 'DC_E_CUDB:((3)):DC_E_CUDB_RSASUBS', 'NSUBSRSA16', 'Number of subscribers registered in CUDB due to the HLR application having the RSA16 associated', 'AVG', 'AVG', 'GAUGE', 116, 'numeric', 18, 8, 1, 'NSUBSRSA16', null, 'GAUGE', 'GAUGE', 'NSUBSRSA16.actual' );
insert into Measurementcounter ( TYPEID, DATANAME, DESCRIPTION, TIMEAGGREGATION, GROUPAGGREGATION, COUNTAGGREGATION, COLNUMBER, DATATYPE, DATASIZE, DATASCALE, INCLUDESQL, UNIVOBJECT, UNIVCLASS, COUNTERTYPE, COUNTERPROCESS, DATAID ) values ( 'DC_E_CUDB:((3)):DC_E_CUDB_RSASUBS', 'NSUBSRSA17', 'Number of subscribers registered in CUDB due to the HLR application having the RSA17 associated', 'AVG', 'AVG', 'GAUGE', 117, 'numeric', 18, 8, 1, 'NSUBSRSA17', null, 'GAUGE', 'GAUGE', 'NSUBSRSA17.actual' );
insert into Measurementcounter ( TYPEID, DATANAME, DESCRIPTION, TIMEAGGREGATION, GROUPAGGREGATION, COUNTAGGREGATION, COLNUMBER, DATATYPE, DATASIZE, DATASCALE, INCLUDESQL, UNIVOBJECT, UNIVCLASS, COUNTERTYPE, COUNTERPROCESS, DATAID ) values ( 'DC_E_CUDB:((3)):DC_E_CUDB_RSASUBS', 'NSUBSRSA18', 'Number of subscribers registered in CUDB due to the HLR application having the RSA18 associated', 'AVG', 'AVG', 'GAUGE', 118, 'numeric', 18, 8, 1, 'NSUBSRSA18', null, 'GAUGE', 'GAUGE', 'NSUBSRSA18.actual' );
insert into Measurementcounter ( TYPEID, DATANAME, DESCRIPTION, TIMEAGGREGATION, GROUPAGGREGATION, COUNTAGGREGATION, COLNUMBER, DATATYPE, DATASIZE, DATASCALE, INCLUDESQL, UNIVOBJECT, UNIVCLASS, COUNTERTYPE, COUNTERPROCESS, DATAID ) values ( 'DC_E_CUDB:((3)):DC_E_CUDB_RSASUBS', 'NSUBSRSA19', 'Number of subscribers registered in CUDB due to the HLR application having the RSA19 associated', 'AVG', 'AVG', 'GAUGE', 119, 'numeric', 18, 8, 1, 'NSUBSRSA19', null, 'GAUGE', 'GAUGE', 'NSUBSRSA19.actual' );
insert into Measurementcounter ( TYPEID, DATANAME, DESCRIPTION, TIMEAGGREGATION, GROUPAGGREGATION, COUNTAGGREGATION, COLNUMBER, DATATYPE, DATASIZE, DATASCALE, INCLUDESQL, UNIVOBJECT, UNIVCLASS, COUNTERTYPE, COUNTERPROCESS, DATAID ) values ( 'DC_E_CUDB:((3)):DC_E_CUDB_RSASUBS', 'NSUBSRSA2', 'Number of subscribers registered in CUDB due to the HLR application having the RSA2 associated', 'AVG', 'AVG', 'GAUGE', 102, 'numeric', 18, 8, 1, 'NSUBSRSA2', null, 'GAUGE', 'GAUGE', 'NSUBSRSA2.actual' );
insert into Measurementcounter ( TYPEID, DATANAME, DESCRIPTION, TIMEAGGREGATION, GROUPAGGREGATION, COUNTAGGREGATION, COLNUMBER, DATATYPE, DATASIZE, DATASCALE, INCLUDESQL, UNIVOBJECT, UNIVCLASS, COUNTERTYPE, COUNTERPROCESS, DATAID ) values ( 'DC_E_CUDB:((3)):DC_E_CUDB_RSASUBS', 'NSUBSRSA20', 'Number of subscribers registered in CUDB due to the HLR application having the RSA20 associated', 'AVG', 'AVG', 'GAUGE', 120, 'numeric', 18, 8, 1, 'NSUBSRSA20', null, 'GAUGE', 'GAUGE', 'NSUBSRSA20.actual' );
insert into Measurementcounter ( TYPEID, DATANAME, DESCRIPTION, TIMEAGGREGATION, GROUPAGGREGATION, COUNTAGGREGATION, COLNUMBER, DATATYPE, DATASIZE, DATASCALE, INCLUDESQL, UNIVOBJECT, UNIVCLASS, COUNTERTYPE, COUNTERPROCESS, DATAID ) values ( 'DC_E_CUDB:((3)):DC_E_CUDB_RSASUBS', 'NSUBSRSA21', 'Number of subscribers registered in CUDB due to the HLR application having the RSA21 associated', 'AVG', 'AVG', 'GAUGE', 121, 'numeric', 18, 8, 1, 'NSUBSRSA21', null, 'GAUGE', 'GAUGE', 'NSUBSRSA21.actual' );
insert into Measurementcounter ( TYPEID, DATANAME, DESCRIPTION, TIMEAGGREGATION, GROUPAGGREGATION, COUNTAGGREGATION, COLNUMBER, DATATYPE, DATASIZE, DATASCALE, INCLUDESQL, UNIVOBJECT, UNIVCLASS, COUNTERTYPE, COUNTERPROCESS, DATAID ) values ( 'DC_E_CUDB:((3)):DC_E_CUDB_RSASUBS', 'NSUBSRSA22', 'Number of subscribers registered in CUDB due to the HLR application having the RSA22 associated', 'AVG', 'AVG', 'GAUGE', 122, 'numeric', 18, 8, 1, 'NSUBSRSA22', null, 'GAUGE', 'GAUGE', 'NSUBSRSA22.actual' );
insert into Measurementcounter ( TYPEID, DATANAME, DESCRIPTION, TIMEAGGREGATION, GROUPAGGREGATION, COUNTAGGREGATION, COLNUMBER, DATATYPE, DATASIZE, DATASCALE, INCLUDESQL, UNIVOBJECT, UNIVCLASS, COUNTERTYPE, COUNTERPROCESS, DATAID ) values ( 'DC_E_CUDB:((3)):DC_E_CUDB_RSASUBS', 'NSUBSRSA23', 'Number of subscribers registered in CUDB due to the HLR application having the RSA23 associated', 'AVG', 'AVG', 'GAUGE', 123, 'numeric', 18, 8, 1, 'NSUBSRSA23', null, 'GAUGE', 'GAUGE', 'NSUBSRSA23.actual' );
insert into Measurementcounter ( TYPEID, DATANAME, DESCRIPTION, TIMEAGGREGATION, GROUPAGGREGATION, COUNTAGGREGATION, COLNUMBER, DATATYPE, DATASIZE, DATASCALE, INCLUDESQL, UNIVOBJECT, UNIVCLASS, COUNTERTYPE, COUNTERPROCESS, DATAID ) values ( 'DC_E_CUDB:((3)):DC_E_CUDB_RSASUBS', 'NSUBSRSA24', 'Number of subscribers registered in CUDB due to the HLR application having the RSA24 associated', 'AVG', 'AVG', 'GAUGE', 124, 'numeric', 18, 8, 1, 'NSUBSRSA24', null, 'GAUGE', 'GAUGE', 'NSUBSRSA24.actual' );
insert into Measurementcounter ( TYPEID, DATANAME, DESCRIPTION, TIMEAGGREGATION, GROUPAGGREGATION, COUNTAGGREGATION, COLNUMBER, DATATYPE, DATASIZE, DATASCALE, INCLUDESQL, UNIVOBJECT, UNIVCLASS, COUNTERTYPE, COUNTERPROCESS, DATAID ) values ( 'DC_E_CUDB:((3)):DC_E_CUDB_RSASUBS', 'NSUBSRSA25', 'Number of subscribers registered in CUDB due to the HLR application having the RSA25 associated', 'AVG', 'AVG', 'GAUGE', 125, 'numeric', 18, 8, 1, 'NSUBSRSA25', null, 'GAUGE', 'GAUGE', 'NSUBSRSA25.actual' );
insert into Measurementcounter ( TYPEID, DATANAME, DESCRIPTION, TIMEAGGREGATION, GROUPAGGREGATION, COUNTAGGREGATION, COLNUMBER, DATATYPE, DATASIZE, DATASCALE, INCLUDESQL, UNIVOBJECT, UNIVCLASS, COUNTERTYPE, COUNTERPROCESS, DATAID ) values ( 'DC_E_CUDB:((3)):DC_E_CUDB_RSASUBS', 'NSUBSRSA26', 'Number of subscribers registered in CUDB due to the HLR application having the RSA26 associated', 'AVG', 'AVG', 'GAUGE', 126, 'numeric', 18, 8, 1, 'NSUBSRSA26', null, 'GAUGE', 'GAUGE', 'NSUBSRSA26.actual' );
insert into Measurementcounter ( TYPEID, DATANAME, DESCRIPTION, TIMEAGGREGATION, GROUPAGGREGATION, COUNTAGGREGATION, COLNUMBER, DATATYPE, DATASIZE, DATASCALE, INCLUDESQL, UNIVOBJECT, UNIVCLASS, COUNTERTYPE, COUNTERPROCESS, DATAID ) values ( 'DC_E_CUDB:((3)):DC_E_CUDB_RSASUBS', 'NSUBSRSA27', 'Number of subscribers registered in CUDB due to the HLR application having the RSA27 associated', 'AVG', 'AVG', 'GAUGE', 127, 'numeric', 18, 8, 1, 'NSUBSRSA27', null, 'GAUGE', 'GAUGE', 'NSUBSRSA27.actual' );
insert into Measurementcounter ( TYPEID, DATANAME, DESCRIPTION, TIMEAGGREGATION, GROUPAGGREGATION, COUNTAGGREGATION, COLNUMBER, DATATYPE, DATASIZE, DATASCALE, INCLUDESQL, UNIVOBJECT, UNIVCLASS, COUNTERTYPE, COUNTERPROCESS, DATAID ) values ( 'DC_E_CUDB:((3)):DC_E_CUDB_RSASUBS', 'NSUBSRSA28', 'Number of subscribers registered in CUDB due to the HLR application having the RSA28 associated', 'AVG', 'AVG', 'GAUGE', 128, 'numeric', 18, 8, 1, 'NSUBSRSA28', null, 'GAUGE', 'GAUGE', 'NSUBSRSA28.actual' );
insert into Measurementcounter ( TYPEID, DATANAME, DESCRIPTION, TIMEAGGREGATION, GROUPAGGREGATION, COUNTAGGREGATION, COLNUMBER, DATATYPE, DATASIZE, DATASCALE, INCLUDESQL, UNIVOBJECT, UNIVCLASS, COUNTERTYPE, COUNTERPROCESS, DATAID ) values ( 'DC_E_CUDB:((3)):DC_E_CUDB_RSASUBS', 'NSUBSRSA29', 'Number of subscribers registered in CUDB due to the HLR application having the RSA29 associated', 'AVG', 'AVG', 'GAUGE', 129, 'numeric', 18, 8, 1, 'NSUBSRSA29', null, 'GAUGE', 'GAUGE', 'NSUBSRSA29.actual' );
insert into Measurementcounter ( TYPEID, DATANAME, DESCRIPTION, TIMEAGGREGATION, GROUPAGGREGATION, COUNTAGGREGATION, COLNUMBER, DATATYPE, DATASIZE, DATASCALE, INCLUDESQL, UNIVOBJECT, UNIVCLASS, COUNTERTYPE, COUNTERPROCESS, DATAID ) values ( 'DC_E_CUDB:((3)):DC_E_CUDB_RSASUBS', 'NSUBSRSA3', 'Number of subscribers registered in CUDB due to the HLR application having the RSA3 associated', 'AVG', 'AVG', 'GAUGE', 103, 'numeric', 18, 8, 1, 'NSUBSRSA3', null, 'GAUGE', 'GAUGE', 'NSUBSRSA3.actual' );
insert into Measurementcounter ( TYPEID, DATANAME, DESCRIPTION, TIMEAGGREGATION, GROUPAGGREGATION, COUNTAGGREGATION, COLNUMBER, DATATYPE, DATASIZE, DATASCALE, INCLUDESQL, UNIVOBJECT, UNIVCLASS, COUNTERTYPE, COUNTERPROCESS, DATAID ) values ( 'DC_E_CUDB:((3)):DC_E_CUDB_RSASUBS', 'NSUBSRSA30', 'Number of subscribers registered in CUDB due to the HLR application having the RSA30 associated', 'AVG', 'AVG', 'GAUGE', 130, 'numeric', 18, 8, 1, 'NSUBSRSA30', null, 'GAUGE', 'GAUGE', 'NSUBSRSA30.actual' );
insert into Measurementcounter ( TYPEID, DATANAME, DESCRIPTION, TIMEAGGREGATION, GROUPAGGREGATION, COUNTAGGREGATION, COLNUMBER, DATATYPE, DATASIZE, DATASCALE, INCLUDESQL, UNIVOBJECT, UNIVCLASS, COUNTERTYPE, COUNTERPROCESS, DATAID ) values ( 'DC_E_CUDB:((3)):DC_E_CUDB_RSASUBS', 'NSUBSRSA31', 'Number of subscribers registered in CUDB due to the HLR application having the RSA31 associated', 'AVG', 'AVG', 'GAUGE', 131, 'numeric', 18, 8, 1, 'NSUBSRSA31', null, 'GAUGE', 'GAUGE', 'NSUBSRSA31.actual' );
insert into Measurementcounter ( TYPEID, DATANAME, DESCRIPTION, TIMEAGGREGATION, GROUPAGGREGATION, COUNTAGGREGATION, COLNUMBER, DATATYPE, DATASIZE, DATASCALE, INCLUDESQL, UNIVOBJECT, UNIVCLASS, COUNTERTYPE, COUNTERPROCESS, DATAID ) values ( 'DC_E_CUDB:((3)):DC_E_CUDB_RSASUBS', 'NSUBSRSA32', 'Number of subscribers registered in CUDB due to the HLR application having the RSA32 associated', 'AVG', 'AVG', 'GAUGE', 132, 'numeric', 18, 8, 1, 'NSUBSRSA32', null, 'GAUGE', 'GAUGE', 'NSUBSRSA32.actual' );
insert into Measurementcounter ( TYPEID, DATANAME, DESCRIPTION, TIMEAGGREGATION, GROUPAGGREGATION, COUNTAGGREGATION, COLNUMBER, DATATYPE, DATASIZE, DATASCALE, INCLUDESQL, UNIVOBJECT, UNIVCLASS, COUNTERTYPE, COUNTERPROCESS, DATAID ) values ( 'DC_E_CUDB:((3)):DC_E_CUDB_RSASUBS', 'NSUBSRSA33', 'Number of subscribers registered in CUDB due to the HLR application having the RSA33 associated', 'AVG', 'AVG', 'GAUGE', 133, 'numeric', 18, 8, 1, 'NSUBSRSA33', null, 'GAUGE', 'GAUGE', 'NSUBSRSA33.actual' );
insert into Measurementcounter ( TYPEID, DATANAME, DESCRIPTION, TIMEAGGREGATION, GROUPAGGREGATION, COUNTAGGREGATION, COLNUMBER, DATATYPE, DATASIZE, DATASCALE, INCLUDESQL, UNIVOBJECT, UNIVCLASS, COUNTERTYPE, COUNTERPROCESS, DATAID ) values ( 'DC_E_CUDB:((3)):DC_E_CUDB_RSASUBS', 'NSUBSRSA34', 'Number of subscribers registered in CUDB due to the HLR application having the RSA34 associated', 'AVG', 'AVG', 'GAUGE', 134, 'numeric', 18, 8, 1, 'NSUBSRSA34', null, 'GAUGE', 'GAUGE', 'NSUBSRSA34.actual' );
insert into Measurementcounter ( TYPEID, DATANAME, DESCRIPTION, TIMEAGGREGATION, GROUPAGGREGATION, COUNTAGGREGATION, COLNUMBER, DATATYPE, DATASIZE, DATASCALE, INCLUDESQL, UNIVOBJECT, UNIVCLASS, COUNTERTYPE, COUNTERPROCESS, DATAID ) values ( 'DC_E_CUDB:((3)):DC_E_CUDB_RSASUBS', 'NSUBSRSA35', 'Number of subscribers registered in CUDB due to the HLR application having the RSA35 associated', 'AVG', 'AVG', 'GAUGE', 135, 'numeric', 18, 8, 1, 'NSUBSRSA35', null, 'GAUGE', 'GAUGE', 'NSUBSRSA35.actual' );
insert into Measurementcounter ( TYPEID, DATANAME, DESCRIPTION, TIMEAGGREGATION, GROUPAGGREGATION, COUNTAGGREGATION, COLNUMBER, DATATYPE, DATASIZE, DATASCALE, INCLUDESQL, UNIVOBJECT, UNIVCLASS, COUNTERTYPE, COUNTERPROCESS, DATAID ) values ( 'DC_E_CUDB:((3)):DC_E_CUDB_RSASUBS', 'NSUBSRSA36', 'Number of subscribers registered in CUDB due to the HLR application having the RSA36 associated', 'AVG', 'AVG', 'GAUGE', 136, 'numeric', 18, 8, 1, 'NSUBSRSA36', null, 'GAUGE', 'GAUGE', 'NSUBSRSA36.actual' );
insert into Measurementcounter ( TYPEID, DATANAME, DESCRIPTION, TIMEAGGREGATION, GROUPAGGREGATION, COUNTAGGREGATION, COLNUMBER, DATATYPE, DATASIZE, DATASCALE, INCLUDESQL, UNIVOBJECT, UNIVCLASS, COUNTERTYPE, COUNTERPROCESS, DATAID ) values ( 'DC_E_CUDB:((3)):DC_E_CUDB_RSASUBS', 'NSUBSRSA37', 'Number of subscribers registered in CUDB due to the HLR application having the RSA37 associated', 'AVG', 'AVG', 'GAUGE', 137, 'numeric', 18, 8, 1, 'NSUBSRSA37', null, 'GAUGE', 'GAUGE', 'NSUBSRSA37.actual' );
insert into Measurementcounter ( TYPEID, DATANAME, DESCRIPTION, TIMEAGGREGATION, GROUPAGGREGATION, COUNTAGGREGATION, COLNUMBER, DATATYPE, DATASIZE, DATASCALE, INCLUDESQL, UNIVOBJECT, UNIVCLASS, COUNTERTYPE, COUNTERPROCESS, DATAID ) values ( 'DC_E_CUDB:((3)):DC_E_CUDB_RSASUBS', 'NSUBSRSA38', 'Number of subscribers registered in CUDB due to the HLR application having the RSA38 associated', 'AVG', 'AVG', 'GAUGE', 138, 'numeric', 18, 8, 1, 'NSUBSRSA38', null, 'GAUGE', 'GAUGE', 'NSUBSRSA38.actual' );
insert into Measurementcounter ( TYPEID, DATANAME, DESCRIPTION, TIMEAGGREGATION, GROUPAGGREGATION, COUNTAGGREGATION, COLNUMBER, DATATYPE, DATASIZE, DATASCALE, INCLUDESQL, UNIVOBJECT, UNIVCLASS, COUNTERTYPE, COUNTERPROCESS, DATAID ) values ( 'DC_E_CUDB:((3)):DC_E_CUDB_RSASUBS', 'NSUBSRSA39', 'Number of subscribers registered in CUDB due to the HLR application having the RSA39 associated', 'AVG', 'AVG', 'GAUGE', 139, 'numeric', 18, 8, 1, 'NSUBSRSA39', null, 'GAUGE', 'GAUGE', 'NSUBSRSA39.actual' );
insert into Measurementcounter ( TYPEID, DATANAME, DESCRIPTION, TIMEAGGREGATION, GROUPAGGREGATION, COUNTAGGREGATION, COLNUMBER, DATATYPE, DATASIZE, DATASCALE, INCLUDESQL, UNIVOBJECT, UNIVCLASS, COUNTERTYPE, COUNTERPROCESS, DATAID ) values ( 'DC_E_CUDB:((3)):DC_E_CUDB_RSASUBS', 'NSUBSRSA4', 'Number of subscribers registered in CUDB due to the HLR application having the RSA4 associated', 'AVG', 'AVG', 'GAUGE', 104, 'numeric', 18, 8, 1, 'NSUBSRSA4', null, 'GAUGE', 'GAUGE', 'NSUBSRSA4.actual' );
insert into Measurementcounter ( TYPEID, DATANAME, DESCRIPTION, TIMEAGGREGATION, GROUPAGGREGATION, COUNTAGGREGATION, COLNUMBER, DATATYPE, DATASIZE, DATASCALE, INCLUDESQL, UNIVOBJECT, UNIVCLASS, COUNTERTYPE, COUNTERPROCESS, DATAID ) values ( 'DC_E_CUDB:((3)):DC_E_CUDB_RSASUBS', 'NSUBSRSA40', 'Number of subscribers registered in CUDB due to the HLR application having the RSA40 associated', 'AVG', 'AVG', 'GAUGE', 140, 'numeric', 18, 8, 1, 'NSUBSRSA40', null, 'GAUGE', 'GAUGE', 'NSUBSRSA40.actual' );
insert into Measurementcounter ( TYPEID, DATANAME, DESCRIPTION, TIMEAGGREGATION, GROUPAGGREGATION, COUNTAGGREGATION, COLNUMBER, DATATYPE, DATASIZE, DATASCALE, INCLUDESQL, UNIVOBJECT, UNIVCLASS, COUNTERTYPE, COUNTERPROCESS, DATAID ) values ( 'DC_E_CUDB:((3)):DC_E_CUDB_RSASUBS', 'NSUBSRSA41', 'Number of subscribers registered in CUDB due to the HLR application having the RSA41 associated', 'AVG', 'AVG', 'GAUGE', 141, 'numeric', 18, 8, 1, 'NSUBSRSA41', null, 'GAUGE', 'GAUGE', 'NSUBSRSA41.actual' );
insert into Measurementcounter ( TYPEID, DATANAME, DESCRIPTION, TIMEAGGREGATION, GROUPAGGREGATION, COUNTAGGREGATION, COLNUMBER, DATATYPE, DATASIZE, DATASCALE, INCLUDESQL, UNIVOBJECT, UNIVCLASS, COUNTERTYPE, COUNTERPROCESS, DATAID ) values ( 'DC_E_CUDB:((3)):DC_E_CUDB_RSASUBS', 'NSUBSRSA42', 'Number of subscribers registered in CUDB due to the HLR application having the RSA42 associated', 'AVG', 'AVG', 'GAUGE', 142, 'numeric', 18, 8, 1, 'NSUBSRSA42', null, 'GAUGE', 'GAUGE', 'NSUBSRSA42.actual' );
insert into Measurementcounter ( TYPEID, DATANAME, DESCRIPTION, TIMEAGGREGATION, GROUPAGGREGATION, COUNTAGGREGATION, COLNUMBER, DATATYPE, DATASIZE, DATASCALE, INCLUDESQL, UNIVOBJECT, UNIVCLASS, COUNTERTYPE, COUNTERPROCESS, DATAID ) values ( 'DC_E_CUDB:((3)):DC_E_CUDB_RSASUBS', 'NSUBSRSA43', 'Number of subscribers registered in CUDB due to the HLR application having the RSA43 associated', 'AVG', 'AVG', 'GAUGE', 143, 'numeric', 18, 8, 1, 'NSUBSRSA43', null, 'GAUGE', 'GAUGE', 'NSUBSRSA43.actual' );
insert into Measurementcounter ( TYPEID, DATANAME, DESCRIPTION, TIMEAGGREGATION, GROUPAGGREGATION, COUNTAGGREGATION, COLNUMBER, DATATYPE, DATASIZE, DATASCALE, INCLUDESQL, UNIVOBJECT, UNIVCLASS, COUNTERTYPE, COUNTERPROCESS, DATAID ) values ( 'DC_E_CUDB:((3)):DC_E_CUDB_RSASUBS', 'NSUBSRSA44', 'Number of subscribers registered in CUDB due to the HLR application having the RSA44 associated', 'AVG', 'AVG', 'GAUGE', 144, 'numeric', 18, 8, 1, 'NSUBSRSA44', null, 'GAUGE', 'GAUGE', 'NSUBSRSA44.actual' );
insert into Measurementcounter ( TYPEID, DATANAME, DESCRIPTION, TIMEAGGREGATION, GROUPAGGREGATION, COUNTAGGREGATION, COLNUMBER, DATATYPE, DATASIZE, DATASCALE, INCLUDESQL, UNIVOBJECT, UNIVCLASS, COUNTERTYPE, COUNTERPROCESS, DATAID ) values ( 'DC_E_CUDB:((3)):DC_E_CUDB_RSASUBS', 'NSUBSRSA45', 'Number of subscribers registered in CUDB due to the HLR application having the RSA45 associated', 'AVG', 'AVG', 'GAUGE', 145, 'numeric', 18, 8, 1, 'NSUBSRSA45', null, 'GAUGE', 'GAUGE', 'NSUBSRSA45.actual' );
insert into Measurementcounter ( TYPEID, DATANAME, DESCRIPTION, TIMEAGGREGATION, GROUPAGGREGATION, COUNTAGGREGATION, COLNUMBER, DATATYPE, DATASIZE, DATASCALE, INCLUDESQL, UNIVOBJECT, UNIVCLASS, COUNTERTYPE, COUNTERPROCESS, DATAID ) values ( 'DC_E_CUDB:((3)):DC_E_CUDB_RSASUBS', 'NSUBSRSA46', 'Number of subscribers registered in CUDB due to the HLR application having the RSA46 associated', 'AVG', 'AVG', 'GAUGE', 146, 'numeric', 18, 8, 1, 'NSUBSRSA46', null, 'GAUGE', 'GAUGE', 'NSUBSRSA46.actual' );
insert into Measurementcounter ( TYPEID, DATANAME, DESCRIPTION, TIMEAGGREGATION, GROUPAGGREGATION, COUNTAGGREGATION, COLNUMBER, DATATYPE, DATASIZE, DATASCALE, INCLUDESQL, UNIVOBJECT, UNIVCLASS, COUNTERTYPE, COUNTERPROCESS, DATAID ) values ( 'DC_E_CUDB:((3)):DC_E_CUDB_RSASUBS', 'NSUBSRSA47', 'Number of subscribers registered in CUDB due to the HLR application having the RSA47 associated', 'AVG', 'AVG', 'GAUGE', 147, 'numeric', 18, 8, 1, 'NSUBSRSA47', null, 'GAUGE', 'GAUGE', 'NSUBSRSA47.actual' );
insert into Measurementcounter ( TYPEID, DATANAME, DESCRIPTION, TIMEAGGREGATION, GROUPAGGREGATION, COUNTAGGREGATION, COLNUMBER, DATATYPE, DATASIZE, DATASCALE, INCLUDESQL, UNIVOBJECT, UNIVCLASS, COUNTERTYPE, COUNTERPROCESS, DATAID ) values ( 'DC_E_CUDB:((3)):DC_E_CUDB_RSASUBS', 'NSUBSRSA48', 'Number of subscribers registered in CUDB due to the HLR application having the RSA48 associated', 'AVG', 'AVG', 'GAUGE', 148, 'numeric', 18, 8, 1, 'NSUBSRSA48', null, 'GAUGE', 'GAUGE', 'NSUBSRSA48.actual' );
insert into Measurementcounter ( TYPEID, DATANAME, DESCRIPTION, TIMEAGGREGATION, GROUPAGGREGATION, COUNTAGGREGATION, COLNUMBER, DATATYPE, DATASIZE, DATASCALE, INCLUDESQL, UNIVOBJECT, UNIVCLASS, COUNTERTYPE, COUNTERPROCESS, DATAID ) values ( 'DC_E_CUDB:((3)):DC_E_CUDB_RSASUBS', 'NSUBSRSA49', 'Number of subscribers registered in CUDB due to the HLR application having the RSA49 associated', 'AVG', 'AVG', 'GAUGE', 149, 'numeric', 18, 8, 1, 'NSUBSRSA49', null, 'GAUGE', 'GAUGE', 'NSUBSRSA49.actual' );
insert into Measurementcounter ( TYPEID, DATANAME, DESCRIPTION, TIMEAGGREGATION, GROUPAGGREGATION, COUNTAGGREGATION, COLNUMBER, DATATYPE, DATASIZE, DATASCALE, INCLUDESQL, UNIVOBJECT, UNIVCLASS, COUNTERTYPE, COUNTERPROCESS, DATAID ) values ( 'DC_E_CUDB:((3)):DC_E_CUDB_RSASUBS', 'NSUBSRSA5', 'Number of subscribers registered in CUDB due to the HLR application having the RSA5 associated', 'AVG', 'AVG', 'GAUGE', 105, 'numeric', 18, 8, 1, 'NSUBSRSA5', null, 'GAUGE', 'GAUGE', 'NSUBSRSA5.actual' );
insert into Measurementcounter ( TYPEID, DATANAME, DESCRIPTION, TIMEAGGREGATION, GROUPAGGREGATION, COUNTAGGREGATION, COLNUMBER, DATATYPE, DATASIZE, DATASCALE, INCLUDESQL, UNIVOBJECT, UNIVCLASS, COUNTERTYPE, COUNTERPROCESS, DATAID ) values ( 'DC_E_CUDB:((3)):DC_E_CUDB_RSASUBS', 'NSUBSRSA50', 'Number of subscribers registered in CUDB due to the HLR application having the RSA50 associated', 'AVG', 'AVG', 'GAUGE', 150, 'numeric', 18, 8, 1, 'NSUBSRSA50', null, 'GAUGE', 'GAUGE', 'NSUBSRSA50.actual' );
insert into Measurementcounter ( TYPEID, DATANAME, DESCRIPTION, TIMEAGGREGATION, GROUPAGGREGATION, COUNTAGGREGATION, COLNUMBER, DATATYPE, DATASIZE, DATASCALE, INCLUDESQL, UNIVOBJECT, UNIVCLASS, COUNTERTYPE, COUNTERPROCESS, DATAID ) values ( 'DC_E_CUDB:((3)):DC_E_CUDB_RSASUBS', 'NSUBSRSA51', 'Number of subscribers registered in CUDB due to the HLR application having the RSA51 associated', 'AVG', 'AVG', 'GAUGE', 151, 'numeric', 18, 8, 1, 'NSUBSRSA51', null, 'GAUGE', 'GAUGE', 'NSUBSRSA51.actual' );
insert into Measurementcounter ( TYPEID, DATANAME, DESCRIPTION, TIMEAGGREGATION, GROUPAGGREGATION, COUNTAGGREGATION, COLNUMBER, DATATYPE, DATASIZE, DATASCALE, INCLUDESQL, UNIVOBJECT, UNIVCLASS, COUNTERTYPE, COUNTERPROCESS, DATAID ) values ( 'DC_E_CUDB:((3)):DC_E_CUDB_RSASUBS', 'NSUBSRSA52', 'Number of subscribers registered in CUDB due to the HLR application having the RSA52 associated', 'AVG', 'AVG', 'GAUGE', 152, 'numeric', 18, 8, 1, 'NSUBSRSA52', null, 'GAUGE', 'GAUGE', 'NSUBSRSA52.actual' );
insert into Measurementcounter ( TYPEID, DATANAME, DESCRIPTION, TIMEAGGREGATION, GROUPAGGREGATION, COUNTAGGREGATION, COLNUMBER, DATATYPE, DATASIZE, DATASCALE, INCLUDESQL, UNIVOBJECT, UNIVCLASS, COUNTERTYPE, COUNTERPROCESS, DATAID ) values ( 'DC_E_CUDB:((3)):DC_E_CUDB_RSASUBS', 'NSUBSRSA53', 'Number of subscribers registered in CUDB due to the HLR application having the RSA53 associated', 'AVG', 'AVG', 'GAUGE', 153, 'numeric', 18, 8, 1, 'NSUBSRSA53', null, 'GAUGE', 'GAUGE', 'NSUBSRSA53.actual' );
insert into Measurementcounter ( TYPEID, DATANAME, DESCRIPTION, TIMEAGGREGATION, GROUPAGGREGATION, COUNTAGGREGATION, COLNUMBER, DATATYPE, DATASIZE, DATASCALE, INCLUDESQL, UNIVOBJECT, UNIVCLASS, COUNTERTYPE, COUNTERPROCESS, DATAID ) values ( 'DC_E_CUDB:((3)):DC_E_CUDB_RSASUBS', 'NSUBSRSA54', 'Number of subscribers registered in CUDB due to the HLR application having the RSA54 associated', 'AVG', 'AVG', 'GAUGE', 154, 'numeric', 18, 8, 1, 'NSUBSRSA54', null, 'GAUGE', 'GAUGE', 'NSUBSRSA54.actual' );
insert into Measurementcounter ( TYPEID, DATANAME, DESCRIPTION, TIMEAGGREGATION, GROUPAGGREGATION, COUNTAGGREGATION, COLNUMBER, DATATYPE, DATASIZE, DATASCALE, INCLUDESQL, UNIVOBJECT, UNIVCLASS, COUNTERTYPE, COUNTERPROCESS, DATAID ) values ( 'DC_E_CUDB:((3)):DC_E_CUDB_RSASUBS', 'NSUBSRSA55', 'Number of subscribers registered in CUDB due to the HLR application having the RSA55 associated', 'AVG', 'AVG', 'GAUGE', 155, 'numeric', 18, 8, 1, 'NSUBSRSA55', null, 'GAUGE', 'GAUGE', 'NSUBSRSA55.actual' );
insert into Measurementcounter ( TYPEID, DATANAME, DESCRIPTION, TIMEAGGREGATION, GROUPAGGREGATION, COUNTAGGREGATION, COLNUMBER, DATATYPE, DATASIZE, DATASCALE, INCLUDESQL, UNIVOBJECT, UNIVCLASS, COUNTERTYPE, COUNTERPROCESS, DATAID ) values ( 'DC_E_CUDB:((3)):DC_E_CUDB_RSASUBS', 'NSUBSRSA56', 'Number of subscribers registered in CUDB due to the HLR application having the RSA56 associated', 'AVG', 'AVG', 'GAUGE', 156, 'numeric', 18, 8, 1, 'NSUBSRSA56', null, 'GAUGE', 'GAUGE', 'NSUBSRSA56.actual' );
insert into Measurementcounter ( TYPEID, DATANAME, DESCRIPTION, TIMEAGGREGATION, GROUPAGGREGATION, COUNTAGGREGATION, COLNUMBER, DATATYPE, DATASIZE, DATASCALE, INCLUDESQL, UNIVOBJECT, UNIVCLASS, COUNTERTYPE, COUNTERPROCESS, DATAID ) values ( 'DC_E_CUDB:((3)):DC_E_CUDB_RSASUBS', 'NSUBSRSA57', 'Number of subscribers registered in CUDB due to the HLR application having the RSA57 associated', 'AVG', 'AVG', 'GAUGE', 157, 'numeric', 18, 8, 1, 'NSUBSRSA57', null, 'GAUGE', 'GAUGE', 'NSUBSRSA57.actual' );
insert into Measurementcounter ( TYPEID, DATANAME, DESCRIPTION, TIMEAGGREGATION, GROUPAGGREGATION, COUNTAGGREGATION, COLNUMBER, DATATYPE, DATASIZE, DATASCALE, INCLUDESQL, UNIVOBJECT, UNIVCLASS, COUNTERTYPE, COUNTERPROCESS, DATAID ) values ( 'DC_E_CUDB:((3)):DC_E_CUDB_RSASUBS', 'NSUBSRSA58', 'Number of subscribers registered in CUDB due to the HLR application having the RSA58 associated', 'AVG', 'AVG', 'GAUGE', 158, 'numeric', 18, 8, 1, 'NSUBSRSA58', null, 'GAUGE', 'GAUGE', 'NSUBSRSA58.actual' );
insert into Measurementcounter ( TYPEID, DATANAME, DESCRIPTION, TIMEAGGREGATION, GROUPAGGREGATION, COUNTAGGREGATION, COLNUMBER, DATATYPE, DATASIZE, DATASCALE, INCLUDESQL, UNIVOBJECT, UNIVCLASS, COUNTERTYPE, COUNTERPROCESS, DATAID ) values ( 'DC_E_CUDB:((3)):DC_E_CUDB_RSASUBS', 'NSUBSRSA59', 'Number of subscribers registered in CUDB due to the HLR application having the RSA59 associated', 'AVG', 'AVG', 'GAUGE', 159, 'numeric', 18, 8, 1, 'NSUBSRSA59', null, 'GAUGE', 'GAUGE', 'NSUBSRSA59.actual' );
insert into Measurementcounter ( TYPEID, DATANAME, DESCRIPTION, TIMEAGGREGATION, GROUPAGGREGATION, COUNTAGGREGATION, COLNUMBER, DATATYPE, DATASIZE, DATASCALE, INCLUDESQL, UNIVOBJECT, UNIVCLASS, COUNTERTYPE, COUNTERPROCESS, DATAID ) values ( 'DC_E_CUDB:((3)):DC_E_CUDB_RSASUBS', 'NSUBSRSA6', 'Number of subscribers registered in CUDB due to the HLR application having the RSA6 associated', 'AVG', 'AVG', 'GAUGE', 106, 'numeric', 18, 8, 1, 'NSUBSRSA6', null, 'GAUGE', 'GAUGE', 'NSUBSRSA6.actual' );
insert into Measurementcounter ( TYPEID, DATANAME, DESCRIPTION, TIMEAGGREGATION, GROUPAGGREGATION, COUNTAGGREGATION, COLNUMBER, DATATYPE, DATASIZE, DATASCALE, INCLUDESQL, UNIVOBJECT, UNIVCLASS, COUNTERTYPE, COUNTERPROCESS, DATAID ) values ( 'DC_E_CUDB:((3)):DC_E_CUDB_RSASUBS', 'NSUBSRSA60', 'Number of subscribers registered in CUDB due to the HLR application having the RSA60 associated', 'AVG', 'AVG', 'GAUGE', 160, 'numeric', 18, 8, 1, 'NSUBSRSA60', null, 'GAUGE', 'GAUGE', 'NSUBSRSA60.actual' );
insert into Measurementcounter ( TYPEID, DATANAME, DESCRIPTION, TIMEAGGREGATION, GROUPAGGREGATION, COUNTAGGREGATION, COLNUMBER, DATATYPE, DATASIZE, DATASCALE, INCLUDESQL, UNIVOBJECT, UNIVCLASS, COUNTERTYPE, COUNTERPROCESS, DATAID ) values ( 'DC_E_CUDB:((3)):DC_E_CUDB_RSASUBS', 'NSUBSRSA61', 'Number of subscribers registered in CUDB due to the HLR application having the RSA61 associated', 'AVG', 'AVG', 'GAUGE', 161, 'numeric', 18, 8, 1, 'NSUBSRSA61', null, 'GAUGE', 'GAUGE', 'NSUBSRSA61.actual' );
insert into Measurementcounter ( TYPEID, DATANAME, DESCRIPTION, TIMEAGGREGATION, GROUPAGGREGATION, COUNTAGGREGATION, COLNUMBER, DATATYPE, DATASIZE, DATASCALE, INCLUDESQL, UNIVOBJECT, UNIVCLASS, COUNTERTYPE, COUNTERPROCESS, DATAID ) values ( 'DC_E_CUDB:((3)):DC_E_CUDB_RSASUBS', 'NSUBSRSA62', 'Number of subscribers registered in CUDB due to the HLR application having the RSA62 associated', 'AVG', 'AVG', 'GAUGE', 162, 'numeric', 18, 8, 1, 'NSUBSRSA62', null, 'GAUGE', 'GAUGE', 'NSUBSRSA62.actual' );
insert into Measurementcounter ( TYPEID, DATANAME, DESCRIPTION, TIMEAGGREGATION, GROUPAGGREGATION, COUNTAGGREGATION, COLNUMBER, DATATYPE, DATASIZE, DATASCALE, INCLUDESQL, UNIVOBJECT, UNIVCLASS, COUNTERTYPE, COUNTERPROCESS, DATAID ) values ( 'DC_E_CUDB:((3)):DC_E_CUDB_RSASUBS', 'NSUBSRSA63', 'Number of subscribers registered in CUDB due to the HLR application having the RSA63 associated', 'AVG', 'AVG', 'GAUGE', 163, 'numeric', 18, 8, 1, 'NSUBSRSA63', null, 'GAUGE', 'GAUGE', 'NSUBSRSA63.actual' );
insert into Measurementcounter ( TYPEID, DATANAME, DESCRIPTION, TIMEAGGREGATION, GROUPAGGREGATION, COUNTAGGREGATION, COLNUMBER, DATATYPE, DATASIZE, DATASCALE, INCLUDESQL, UNIVOBJECT, UNIVCLASS, COUNTERTYPE, COUNTERPROCESS, DATAID ) values ( 'DC_E_CUDB:((3)):DC_E_CUDB_RSASUBS', 'NSUBSRSA64', 'Number of subscribers registered in CUDB due to the HLR application having the RSA64 associated', 'AVG', 'AVG', 'GAUGE', 164, 'numeric', 18, 8, 1, 'NSUBSRSA64', null, 'GAUGE', 'GAUGE', 'NSUBSRSA64.actual' );
insert into Measurementcounter ( TYPEID, DATANAME, DESCRIPTION, TIMEAGGREGATION, GROUPAGGREGATION, COUNTAGGREGATION, COLNUMBER, DATATYPE, DATASIZE, DATASCALE, INCLUDESQL, UNIVOBJECT, UNIVCLASS, COUNTERTYPE, COUNTERPROCESS, DATAID ) values ( 'DC_E_CUDB:((3)):DC_E_CUDB_RSASUBS', 'NSUBSRSA65', 'Number of subscribers registered in CUDB due to the HLR application having the RSA65 associated', 'AVG', 'AVG', 'GAUGE', 165, 'numeric', 18, 8, 1, 'NSUBSRSA65', null, 'GAUGE', 'GAUGE', 'NSUBSRSA65.actual' );
insert into Measurementcounter ( TYPEID, DATANAME, DESCRIPTION, TIMEAGGREGATION, GROUPAGGREGATION, COUNTAGGREGATION, COLNUMBER, DATATYPE, DATASIZE, DATASCALE, INCLUDESQL, UNIVOBJECT, UNIVCLASS, COUNTERTYPE, COUNTERPROCESS, DATAID ) values ( 'DC_E_CUDB:((3)):DC_E_CUDB_RSASUBS', 'NSUBSRSA66', 'Number of subscribers registered in CUDB due to the HLR application having the RSA66 associated', 'AVG', 'AVG', 'GAUGE', 166, 'numeric', 18, 8, 1, 'NSUBSRSA66', null, 'GAUGE', 'GAUGE', 'NSUBSRSA66.actual' );
insert into Measurementcounter ( TYPEID, DATANAME, DESCRIPTION, TIMEAGGREGATION, GROUPAGGREGATION, COUNTAGGREGATION, COLNUMBER, DATATYPE, DATASIZE, DATASCALE, INCLUDESQL, UNIVOBJECT, UNIVCLASS, COUNTERTYPE, COUNTERPROCESS, DATAID ) values ( 'DC_E_CUDB:((3)):DC_E_CUDB_RSASUBS', 'NSUBSRSA67', 'Number of subscribers registered in CUDB due to the HLR application having the RSA67 associated', 'AVG', 'AVG', 'GAUGE', 167, 'numeric', 18, 8, 1, 'NSUBSRSA67', null, 'GAUGE', 'GAUGE', 'NSUBSRSA67.actual' );
insert into Measurementcounter ( TYPEID, DATANAME, DESCRIPTION, TIMEAGGREGATION, GROUPAGGREGATION, COUNTAGGREGATION, COLNUMBER, DATATYPE, DATASIZE, DATASCALE, INCLUDESQL, UNIVOBJECT, UNIVCLASS, COUNTERTYPE, COUNTERPROCESS, DATAID ) values ( 'DC_E_CUDB:((3)):DC_E_CUDB_RSASUBS', 'NSUBSRSA68', 'Number of subscribers registered in CUDB due to the HLR application having the RSA68 associated', 'AVG', 'AVG', 'GAUGE', 168, 'numeric', 18, 8, 1, 'NSUBSRSA68', null, 'GAUGE', 'GAUGE', 'NSUBSRSA68.actual' );
insert into Measurementcounter ( TYPEID, DATANAME, DESCRIPTION, TIMEAGGREGATION, GROUPAGGREGATION, COUNTAGGREGATION, COLNUMBER, DATATYPE, DATASIZE, DATASCALE, INCLUDESQL, UNIVOBJECT, UNIVCLASS, COUNTERTYPE, COUNTERPROCESS, DATAID ) values ( 'DC_E_CUDB:((3)):DC_E_CUDB_RSASUBS', 'NSUBSRSA69', 'Number of subscribers registered in CUDB due to the HLR application having the RSA69 associated', 'AVG', 'AVG', 'GAUGE', 169, 'numeric', 18, 8, 1, 'NSUBSRSA69', null, 'GAUGE', 'GAUGE', 'NSUBSRSA69.actual' );
insert into Measurementcounter ( TYPEID, DATANAME, DESCRIPTION, TIMEAGGREGATION, GROUPAGGREGATION, COUNTAGGREGATION, COLNUMBER, DATATYPE, DATASIZE, DATASCALE, INCLUDESQL, UNIVOBJECT, UNIVCLASS, COUNTERTYPE, COUNTERPROCESS, DATAID ) values ( 'DC_E_CUDB:((3)):DC_E_CUDB_RSASUBS', 'NSUBSRSA7', 'Number of subscribers registered in CUDB due to the HLR application having the RSA7 associated', 'AVG', 'AVG', 'GAUGE', 107, 'numeric', 18, 8, 1, 'NSUBSRSA7', null, 'GAUGE', 'GAUGE', 'NSUBSRSA7.actual' );
insert into Measurementcounter ( TYPEID, DATANAME, DESCRIPTION, TIMEAGGREGATION, GROUPAGGREGATION, COUNTAGGREGATION, COLNUMBER, DATATYPE, DATASIZE, DATASCALE, INCLUDESQL, UNIVOBJECT, UNIVCLASS, COUNTERTYPE, COUNTERPROCESS, DATAID ) values ( 'DC_E_CUDB:((3)):DC_E_CUDB_RSASUBS', 'NSUBSRSA70', 'Number of subscribers registered in CUDB due to the HLR application having the RSA70 associated', 'AVG', 'AVG', 'GAUGE', 170, 'numeric', 18, 8, 1, 'NSUBSRSA70', null, 'GAUGE', 'GAUGE', 'NSUBSRSA70.actual' );
insert into Measurementcounter ( TYPEID, DATANAME, DESCRIPTION, TIMEAGGREGATION, GROUPAGGREGATION, COUNTAGGREGATION, COLNUMBER, DATATYPE, DATASIZE, DATASCALE, INCLUDESQL, UNIVOBJECT, UNIVCLASS, COUNTERTYPE, COUNTERPROCESS, DATAID ) values ( 'DC_E_CUDB:((3)):DC_E_CUDB_RSASUBS', 'NSUBSRSA71', 'Number of subscribers registered in CUDB due to the HLR application having the RSA71 associated', 'AVG', 'AVG', 'GAUGE', 171, 'numeric', 18, 8, 1, 'NSUBSRSA71', null, 'GAUGE', 'GAUGE', 'NSUBSRSA71.actual' );
insert into Measurementcounter ( TYPEID, DATANAME, DESCRIPTION, TIMEAGGREGATION, GROUPAGGREGATION, COUNTAGGREGATION, COLNUMBER, DATATYPE, DATASIZE, DATASCALE, INCLUDESQL, UNIVOBJECT, UNIVCLASS, COUNTERTYPE, COUNTERPROCESS, DATAID ) values ( 'DC_E_CUDB:((3)):DC_E_CUDB_RSASUBS', 'NSUBSRSA72', 'Number of subscribers registered in CUDB due to the HLR application having the RSA72 associated', 'AVG', 'AVG', 'GAUGE', 172, 'numeric', 18, 8, 1, 'NSUBSRSA72', null, 'GAUGE', 'GAUGE', 'NSUBSRSA72.actual' );
insert into Measurementcounter ( TYPEID, DATANAME, DESCRIPTION, TIMEAGGREGATION, GROUPAGGREGATION, COUNTAGGREGATION, COLNUMBER, DATATYPE, DATASIZE, DATASCALE, INCLUDESQL, UNIVOBJECT, UNIVCLASS, COUNTERTYPE, COUNTERPROCESS, DATAID ) values ( 'DC_E_CUDB:((3)):DC_E_CUDB_RSASUBS', 'NSUBSRSA73', 'Number of subscribers registered in CUDB due to the HLR application having the RSA73 associated', 'AVG', 'AVG', 'GAUGE', 173, 'numeric', 18, 8, 1, 'NSUBSRSA73', null, 'GAUGE', 'GAUGE', 'NSUBSRSA73.actual' );
insert into Measurementcounter ( TYPEID, DATANAME, DESCRIPTION, TIMEAGGREGATION, GROUPAGGREGATION, COUNTAGGREGATION, COLNUMBER, DATATYPE, DATASIZE, DATASCALE, INCLUDESQL, UNIVOBJECT, UNIVCLASS, COUNTERTYPE, COUNTERPROCESS, DATAID ) values ( 'DC_E_CUDB:((3)):DC_E_CUDB_RSASUBS', 'NSUBSRSA74', 'Number of subscribers registered in CUDB due to the HLR application having the RSA74 associated', 'AVG', 'AVG', 'GAUGE', 174, 'numeric', 18, 8, 1, 'NSUBSRSA74', null, 'GAUGE', 'GAUGE', 'NSUBSRSA74.actual' );
insert into Measurementcounter ( TYPEID, DATANAME, DESCRIPTION, TIMEAGGREGATION, GROUPAGGREGATION, COUNTAGGREGATION, COLNUMBER, DATATYPE, DATASIZE, DATASCALE, INCLUDESQL, UNIVOBJECT, UNIVCLASS, COUNTERTYPE, COUNTERPROCESS, DATAID ) values ( 'DC_E_CUDB:((3)):DC_E_CUDB_RSASUBS', 'NSUBSRSA75', 'Number of subscribers registered in CUDB due to the HLR application having the RSA75 associated', 'AVG', 'AVG', 'GAUGE', 175, 'numeric', 18, 8, 1, 'NSUBSRSA75', null, 'GAUGE', 'GAUGE', 'NSUBSRSA75.actual' );
insert into Measurementcounter ( TYPEID, DATANAME, DESCRIPTION, TIMEAGGREGATION, GROUPAGGREGATION, COUNTAGGREGATION, COLNUMBER, DATATYPE, DATASIZE, DATASCALE, INCLUDESQL, UNIVOBJECT, UNIVCLASS, COUNTERTYPE, COUNTERPROCESS, DATAID ) values ( 'DC_E_CUDB:((3)):DC_E_CUDB_RSASUBS', 'NSUBSRSA76', 'Number of subscribers registered in CUDB due to the HLR application having the RSA76 associated', 'AVG', 'AVG', 'GAUGE', 176, 'numeric', 18, 8, 1, 'NSUBSRSA76', null, 'GAUGE', 'GAUGE', 'NSUBSRSA76.actual' );
insert into Measurementcounter ( TYPEID, DATANAME, DESCRIPTION, TIMEAGGREGATION, GROUPAGGREGATION, COUNTAGGREGATION, COLNUMBER, DATATYPE, DATASIZE, DATASCALE, INCLUDESQL, UNIVOBJECT, UNIVCLASS, COUNTERTYPE, COUNTERPROCESS, DATAID ) values ( 'DC_E_CUDB:((3)):DC_E_CUDB_RSASUBS', 'NSUBSRSA77', 'Number of subscribers registered in CUDB due to the HLR application having the RSA77 associated', 'AVG', 'AVG', 'GAUGE', 177, 'numeric', 18, 8, 1, 'NSUBSRSA77', null, 'GAUGE', 'GAUGE', 'NSUBSRSA77.actual' );
insert into Measurementcounter ( TYPEID, DATANAME, DESCRIPTION, TIMEAGGREGATION, GROUPAGGREGATION, COUNTAGGREGATION, COLNUMBER, DATATYPE, DATASIZE, DATASCALE, INCLUDESQL, UNIVOBJECT, UNIVCLASS, COUNTERTYPE, COUNTERPROCESS, DATAID ) values ( 'DC_E_CUDB:((3)):DC_E_CUDB_RSASUBS', 'NSUBSRSA78', 'Number of subscribers registered in CUDB due to the HLR application having the RSA78 associated', 'AVG', 'AVG', 'GAUGE', 178, 'numeric', 18, 8, 1, 'NSUBSRSA78', null, 'GAUGE', 'GAUGE', 'NSUBSRSA78.actual' );
insert into Measurementcounter ( TYPEID, DATANAME, DESCRIPTION, TIMEAGGREGATION, GROUPAGGREGATION, COUNTAGGREGATION, COLNUMBER, DATATYPE, DATASIZE, DATASCALE, INCLUDESQL, UNIVOBJECT, UNIVCLASS, COUNTERTYPE, COUNTERPROCESS, DATAID ) values ( 'DC_E_CUDB:((3)):DC_E_CUDB_RSASUBS', 'NSUBSRSA79', 'Number of subscribers registered in CUDB due to the HLR application having the RSA79 associated', 'AVG', 'AVG', 'GAUGE', 179, 'numeric', 18, 8, 1, 'NSUBSRSA79', null, 'GAUGE', 'GAUGE', 'NSUBSRSA79.actual' );
insert into Measurementcounter ( TYPEID, DATANAME, DESCRIPTION, TIMEAGGREGATION, GROUPAGGREGATION, COUNTAGGREGATION, COLNUMBER, DATATYPE, DATASIZE, DATASCALE, INCLUDESQL, UNIVOBJECT, UNIVCLASS, COUNTERTYPE, COUNTERPROCESS, DATAID ) values ( 'DC_E_CUDB:((3)):DC_E_CUDB_RSASUBS', 'NSUBSRSA8', 'Number of subscribers registered in CUDB due to the HLR application having the RSA8 associated', 'AVG', 'AVG', 'GAUGE', 108, 'numeric', 18, 8, 1, 'NSUBSRSA8', null, 'GAUGE', 'GAUGE', 'NSUBSRSA8.actual' );
insert into Measurementcounter ( TYPEID, DATANAME, DESCRIPTION, TIMEAGGREGATION, GROUPAGGREGATION, COUNTAGGREGATION, COLNUMBER, DATATYPE, DATASIZE, DATASCALE, INCLUDESQL, UNIVOBJECT, UNIVCLASS, COUNTERTYPE, COUNTERPROCESS, DATAID ) values ( 'DC_E_CUDB:((3)):DC_E_CUDB_RSASUBS', 'NSUBSRSA80', 'Number of subscribers registered in CUDB due to the HLR application having the RSA80 associated', 'AVG', 'AVG', 'GAUGE', 180, 'numeric', 18, 8, 1, 'NSUBSRSA80', null, 'GAUGE', 'GAUGE', 'NSUBSRSA80.actual' );
insert into Measurementcounter ( TYPEID, DATANAME, DESCRIPTION, TIMEAGGREGATION, GROUPAGGREGATION, COUNTAGGREGATION, COLNUMBER, DATATYPE, DATASIZE, DATASCALE, INCLUDESQL, UNIVOBJECT, UNIVCLASS, COUNTERTYPE, COUNTERPROCESS, DATAID ) values ( 'DC_E_CUDB:((3)):DC_E_CUDB_RSASUBS', 'NSUBSRSA81', 'Number of subscribers registered in CUDB due to the HLR application having the RSA81 associated', 'AVG', 'AVG', 'GAUGE', 181, 'numeric', 18, 8, 1, 'NSUBSRSA81', null, 'GAUGE', 'GAUGE', 'NSUBSRSA81.actual' );
insert into Measurementcounter ( TYPEID, DATANAME, DESCRIPTION, TIMEAGGREGATION, GROUPAGGREGATION, COUNTAGGREGATION, COLNUMBER, DATATYPE, DATASIZE, DATASCALE, INCLUDESQL, UNIVOBJECT, UNIVCLASS, COUNTERTYPE, COUNTERPROCESS, DATAID ) values ( 'DC_E_CUDB:((3)):DC_E_CUDB_RSASUBS', 'NSUBSRSA82', 'Number of subscribers registered in CUDB due to the HLR application having the RSA82 associated', 'AVG', 'AVG', 'GAUGE', 182, 'numeric', 18, 8, 1, 'NSUBSRSA82', null, 'GAUGE', 'GAUGE', 'NSUBSRSA82.actual' );
insert into Measurementcounter ( TYPEID, DATANAME, DESCRIPTION, TIMEAGGREGATION, GROUPAGGREGATION, COUNTAGGREGATION, COLNUMBER, DATATYPE, DATASIZE, DATASCALE, INCLUDESQL, UNIVOBJECT, UNIVCLASS, COUNTERTYPE, COUNTERPROCESS, DATAID ) values ( 'DC_E_CUDB:((3)):DC_E_CUDB_RSASUBS', 'NSUBSRSA83', 'Number of subscribers registered in CUDB due to the HLR application having the RSA83 associated', 'AVG', 'AVG', 'GAUGE', 183, 'numeric', 18, 8, 1, 'NSUBSRSA83', null, 'GAUGE', 'GAUGE', 'NSUBSRSA83.actual' );
insert into Measurementcounter ( TYPEID, DATANAME, DESCRIPTION, TIMEAGGREGATION, GROUPAGGREGATION, COUNTAGGREGATION, COLNUMBER, DATATYPE, DATASIZE, DATASCALE, INCLUDESQL, UNIVOBJECT, UNIVCLASS, COUNTERTYPE, COUNTERPROCESS, DATAID ) values ( 'DC_E_CUDB:((3)):DC_E_CUDB_RSASUBS', 'NSUBSRSA84', 'Number of subscribers registered in CUDB due to the HLR application having the RSA84 associated', 'AVG', 'AVG', 'GAUGE', 184, 'numeric', 18, 8, 1, 'NSUBSRSA84', null, 'GAUGE', 'GAUGE', 'NSUBSRSA84.actual' );
insert into Measurementcounter ( TYPEID, DATANAME, DESCRIPTION, TIMEAGGREGATION, GROUPAGGREGATION, COUNTAGGREGATION, COLNUMBER, DATATYPE, DATASIZE, DATASCALE, INCLUDESQL, UNIVOBJECT, UNIVCLASS, COUNTERTYPE, COUNTERPROCESS, DATAID ) values ( 'DC_E_CUDB:((3)):DC_E_CUDB_RSASUBS', 'NSUBSRSA85', 'Number of subscribers registered in CUDB due to the HLR application having the RSA85 associated', 'AVG', 'AVG', 'GAUGE', 185, 'numeric', 18, 8, 1, 'NSUBSRSA85', null, 'GAUGE', 'GAUGE', 'NSUBSRSA85.actual' );
insert into Measurementcounter ( TYPEID, DATANAME, DESCRIPTION, TIMEAGGREGATION, GROUPAGGREGATION, COUNTAGGREGATION, COLNUMBER, DATATYPE, DATASIZE, DATASCALE, INCLUDESQL, UNIVOBJECT, UNIVCLASS, COUNTERTYPE, COUNTERPROCESS, DATAID ) values ( 'DC_E_CUDB:((3)):DC_E_CUDB_RSASUBS', 'NSUBSRSA86', 'Number of subscribers registered in CUDB due to the HLR application having the RSA86 associated', 'AVG', 'AVG', 'GAUGE', 186, 'numeric', 18, 8, 1, 'NSUBSRSA86', null, 'GAUGE', 'GAUGE', 'NSUBSRSA86.actual' );
insert into Measurementcounter ( TYPEID, DATANAME, DESCRIPTION, TIMEAGGREGATION, GROUPAGGREGATION, COUNTAGGREGATION, COLNUMBER, DATATYPE, DATASIZE, DATASCALE, INCLUDESQL, UNIVOBJECT, UNIVCLASS, COUNTERTYPE, COUNTERPROCESS, DATAID ) values ( 'DC_E_CUDB:((3)):DC_E_CUDB_RSASUBS', 'NSUBSRSA87', 'Number of subscribers registered in CUDB due to the HLR application having the RSA87 associated', 'AVG', 'AVG', 'GAUGE', 187, 'numeric', 18, 8, 1, 'NSUBSRSA87', null, 'GAUGE', 'GAUGE', 'NSUBSRSA87.actual' );
insert into Measurementcounter ( TYPEID, DATANAME, DESCRIPTION, TIMEAGGREGATION, GROUPAGGREGATION, COUNTAGGREGATION, COLNUMBER, DATATYPE, DATASIZE, DATASCALE, INCLUDESQL, UNIVOBJECT, UNIVCLASS, COUNTERTYPE, COUNTERPROCESS, DATAID ) values ( 'DC_E_CUDB:((3)):DC_E_CUDB_RSASUBS', 'NSUBSRSA88', 'Number of subscribers registered in CUDB due to the HLR application having the RSA88 associated', 'AVG', 'AVG', 'GAUGE', 188, 'numeric', 18, 8, 1, 'NSUBSRSA88', null, 'GAUGE', 'GAUGE', 'NSUBSRSA88.actual' );
insert into Measurementcounter ( TYPEID, DATANAME, DESCRIPTION, TIMEAGGREGATION, GROUPAGGREGATION, COUNTAGGREGATION, COLNUMBER, DATATYPE, DATASIZE, DATASCALE, INCLUDESQL, UNIVOBJECT, UNIVCLASS, COUNTERTYPE, COUNTERPROCESS, DATAID ) values ( 'DC_E_CUDB:((3)):DC_E_CUDB_RSASUBS', 'NSUBSRSA89', 'Number of subscribers registered in CUDB due to the HLR application having the RSA89 associated', 'AVG', 'AVG', 'GAUGE', 189, 'numeric', 18, 8, 1, 'NSUBSRSA89', null, 'GAUGE', 'GAUGE', 'NSUBSRSA89.actual' );
insert into Measurementcounter ( TYPEID, DATANAME, DESCRIPTION, TIMEAGGREGATION, GROUPAGGREGATION, COUNTAGGREGATION, COLNUMBER, DATATYPE, DATASIZE, DATASCALE, INCLUDESQL, UNIVOBJECT, UNIVCLASS, COUNTERTYPE, COUNTERPROCESS, DATAID ) values ( 'DC_E_CUDB:((3)):DC_E_CUDB_RSASUBS', 'NSUBSRSA9', 'Number of subscribers registered in CUDB due to the HLR application having the RSA9 associated', 'AVG', 'AVG', 'GAUGE', 109, 'numeric', 18, 8, 1, 'NSUBSRSA9', null, 'GAUGE', 'GAUGE', 'NSUBSRSA9.actual' );
insert into Measurementcounter ( TYPEID, DATANAME, DESCRIPTION, TIMEAGGREGATION, GROUPAGGREGATION, COUNTAGGREGATION, COLNUMBER, DATATYPE, DATASIZE, DATASCALE, INCLUDESQL, UNIVOBJECT, UNIVCLASS, COUNTERTYPE, COUNTERPROCESS, DATAID ) values ( 'DC_E_CUDB:((3)):DC_E_CUDB_RSASUBS', 'NSUBSRSA90', 'Number of subscribers registered in CUDB due to the HLR application having the RSA90 associated', 'AVG', 'AVG', 'GAUGE', 190, 'numeric', 18, 8, 1, 'NSUBSRSA90', null, 'GAUGE', 'GAUGE', 'NSUBSRSA90.actual' );
insert into Measurementcounter ( TYPEID, DATANAME, DESCRIPTION, TIMEAGGREGATION, GROUPAGGREGATION, COUNTAGGREGATION, COLNUMBER, DATATYPE, DATASIZE, DATASCALE, INCLUDESQL, UNIVOBJECT, UNIVCLASS, COUNTERTYPE, COUNTERPROCESS, DATAID ) values ( 'DC_E_CUDB:((3)):DC_E_CUDB_RSASUBS', 'NSUBSRSA91', 'Number of subscribers registered in CUDB due to the HLR application having the RSA91 associated', 'AVG', 'AVG', 'GAUGE', 191, 'numeric', 18, 8, 1, 'NSUBSRSA91', null, 'GAUGE', 'GAUGE', 'NSUBSRSA91.actual' );
insert into Measurementcounter ( TYPEID, DATANAME, DESCRIPTION, TIMEAGGREGATION, GROUPAGGREGATION, COUNTAGGREGATION, COLNUMBER, DATATYPE, DATASIZE, DATASCALE, INCLUDESQL, UNIVOBJECT, UNIVCLASS, COUNTERTYPE, COUNTERPROCESS, DATAID ) values ( 'DC_E_CUDB:((3)):DC_E_CUDB_RSASUBS', 'NSUBSRSA92', 'Number of subscribers registered in CUDB due to the HLR application having the RSA92 associated', 'AVG', 'AVG', 'GAUGE', 192, 'numeric', 18, 8, 1, 'NSUBSRSA92', null, 'GAUGE', 'GAUGE', 'NSUBSRSA92.actual' );
insert into Measurementcounter ( TYPEID, DATANAME, DESCRIPTION, TIMEAGGREGATION, GROUPAGGREGATION, COUNTAGGREGATION, COLNUMBER, DATATYPE, DATASIZE, DATASCALE, INCLUDESQL, UNIVOBJECT, UNIVCLASS, COUNTERTYPE, COUNTERPROCESS, DATAID ) values ( 'DC_E_CUDB:((3)):DC_E_CUDB_RSASUBS', 'NSUBSRSA93', 'Number of subscribers registered in CUDB due to the HLR application having the RSA93 associated', 'AVG', 'AVG', 'GAUGE', 193, 'numeric', 18, 8, 1, 'NSUBSRSA93', null, 'GAUGE', 'GAUGE', 'NSUBSRSA93.actual' );
insert into Measurementcounter ( TYPEID, DATANAME, DESCRIPTION, TIMEAGGREGATION, GROUPAGGREGATION, COUNTAGGREGATION, COLNUMBER, DATATYPE, DATASIZE, DATASCALE, INCLUDESQL, UNIVOBJECT, UNIVCLASS, COUNTERTYPE, COUNTERPROCESS, DATAID ) values ( 'DC_E_CUDB:((3)):DC_E_CUDB_RSASUBS', 'NSUBSRSA94', 'Number of subscribers registered in CUDB due to the HLR application having the RSA94 associated', 'AVG', 'AVG', 'GAUGE', 194, 'numeric', 18, 8, 1, 'NSUBSRSA94', null, 'GAUGE', 'GAUGE', 'NSUBSRSA94.actual' );
insert into Measurementcounter ( TYPEID, DATANAME, DESCRIPTION, TIMEAGGREGATION, GROUPAGGREGATION, COUNTAGGREGATION, COLNUMBER, DATATYPE, DATASIZE, DATASCALE, INCLUDESQL, UNIVOBJECT, UNIVCLASS, COUNTERTYPE, COUNTERPROCESS, DATAID ) values ( 'DC_E_CUDB:((3)):DC_E_CUDB_RSASUBS', 'NSUBSRSA95', 'Number of subscribers registered in CUDB due to the HLR application having the RSA95 associated', 'AVG', 'AVG', 'GAUGE', 195, 'numeric', 18, 8, 1, 'NSUBSRSA95', null, 'GAUGE', 'GAUGE', 'NSUBSRSA95.actual' );
insert into Measurementcounter ( TYPEID, DATANAME, DESCRIPTION, TIMEAGGREGATION, GROUPAGGREGATION, COUNTAGGREGATION, COLNUMBER, DATATYPE, DATASIZE, DATASCALE, INCLUDESQL, UNIVOBJECT, UNIVCLASS, COUNTERTYPE, COUNTERPROCESS, DATAID ) values ( 'DC_E_CUDB:((3)):DC_E_CUDB_RSASUBS', 'NSUBSRSA96', 'Number of subscribers registered in CUDB due to the HLR application having the RSA96 associated', 'AVG', 'AVG', 'GAUGE', 196, 'numeric', 18, 8, 1, 'NSUBSRSA96', null, 'GAUGE', 'GAUGE', 'NSUBSRSA96.actual' );
insert into Measurementcounter ( TYPEID, DATANAME, DESCRIPTION, TIMEAGGREGATION, GROUPAGGREGATION, COUNTAGGREGATION, COLNUMBER, DATATYPE, DATASIZE, DATASCALE, INCLUDESQL, UNIVOBJECT, UNIVCLASS, COUNTERTYPE, COUNTERPROCESS, DATAID ) values ( 'DC_E_CUDB:((3)):DC_E_CUDB_RSASUBS', 'NSUBSRSA97', 'Number of subscribers registered in CUDB due to the HLR application having the RSA97 associated', 'AVG', 'AVG', 'GAUGE', 197, 'numeric', 18, 8, 1, 'NSUBSRSA97', null, 'GAUGE', 'GAUGE', 'NSUBSRSA97.actual' );
insert into Measurementcounter ( TYPEID, DATANAME, DESCRIPTION, TIMEAGGREGATION, GROUPAGGREGATION, COUNTAGGREGATION, COLNUMBER, DATATYPE, DATASIZE, DATASCALE, INCLUDESQL, UNIVOBJECT, UNIVCLASS, COUNTERTYPE, COUNTERPROCESS, DATAID ) values ( 'DC_E_CUDB:((3)):DC_E_CUDB_RSASUBS', 'NSUBSRSA98', 'Number of subscribers registered in CUDB due to the HLR application having the RSA98 associated', 'AVG', 'AVG', 'GAUGE', 198, 'numeric', 18, 8, 1, 'NSUBSRSA98', null, 'GAUGE', 'GAUGE', 'NSUBSRSA98.actual' );
insert into Measurementcounter ( TYPEID, DATANAME, DESCRIPTION, TIMEAGGREGATION, GROUPAGGREGATION, COUNTAGGREGATION, COLNUMBER, DATATYPE, DATASIZE, DATASCALE, INCLUDESQL, UNIVOBJECT, UNIVCLASS, COUNTERTYPE, COUNTERPROCESS, DATAID ) values ( 'DC_E_CUDB:((3)):DC_E_CUDB_RSASUBS', 'NSUBSRSA99', 'Number of subscribers registered in CUDB due to the HLR application having the RSA99 associated', 'AVG', 'AVG', 'GAUGE', 199, 'numeric', 18, 8, 1, 'NSUBSRSA99', null, 'GAUGE', 'GAUGE', 'NSUBSRSA99.actual' );
insert into Measurementtable ( MTABLEID, TABLELEVEL, TYPEID, BASETABLENAME, DEFAULT_TEMPLATE, PARTITIONPLAN ) values ( 'DC_E_CUDB:((3)):DC_E_CUDB_RSASUBS:DAY', 'DAY', 'DC_E_CUDB:((3)):DC_E_CUDB_RSASUBS', 'DC_E_CUDB_RSASUBS_DAY', null, 'small_day' );
insert into Measurementcolumn ( MTABLEID, DATANAME, COLNUMBER, DATATYPE, DATASIZE, DATASCALE, UNIQUEVALUE, NULLABLE, INDEXES, DESCRIPTION, DATAID, RELEASEID, UNIQUEKEY, INCLUDESQL, COLTYPE ) values ( 'DC_E_CUDB:((3)):DC_E_CUDB_RSASUBS:DAY', 'AGG_COUNT', 57, 'smallint', 0, 0, 255, 1, '', '', 'AGG_COUNT', 'BASE_TP_090421', 0, 0, null );
insert into Measurementcolumn ( MTABLEID, DATANAME, COLNUMBER, DATATYPE, DATASIZE, DATASCALE, UNIQUEVALUE, NULLABLE, INDEXES, DESCRIPTION, DATAID, RELEASEID, UNIQUEKEY, INCLUDESQL, COLTYPE ) values ( 'DC_E_CUDB:((3)):DC_E_CUDB_RSASUBS:DAY', 'BATCH_ID', 60, 'smallint', 0, 0, 255, 1, '', '', 'BATCH_ID', 'BASE_TP_090421', 0, 0, null );
insert into Measurementcolumn ( MTABLEID, DATANAME, COLNUMBER, DATATYPE, DATASIZE, DATASCALE, UNIQUEVALUE, NULLABLE, INDEXES, DESCRIPTION, DATAID, RELEASEID, UNIQUEKEY, INCLUDESQL, COLTYPE ) values ( 'DC_E_CUDB:((3)):DC_E_CUDB_RSASUBS:DAY', 'DATACOVERAGE', 56, 'unsigned int', 0, 0, 255, 1, '', '', 'DATACOVERAGE', 'BASE_TP_090421', 0, 1, null );
insert into Measurementcolumn ( MTABLEID, DATANAME, COLNUMBER, DATATYPE, DATASIZE, DATASCALE, UNIQUEVALUE, NULLABLE, INDEXES, DESCRIPTION, DATAID, RELEASEID, UNIQUEKEY, INCLUDESQL, COLTYPE ) values ( 'DC_E_CUDB:((3)):DC_E_CUDB_RSASUBS:DAY', 'DATE_ID', 51, 'date', 0, 0, 255, 1, 'LF', '', 'DATE_ID', 'BASE_TP_090421', 1, 1, null );
insert into Measurementcolumn ( MTABLEID, DATANAME, COLNUMBER, DATATYPE, DATASIZE, DATASCALE, UNIQUEVALUE, NULLABLE, INDEXES, DESCRIPTION, DATAID, RELEASEID, UNIQUEKEY, INCLUDESQL, COLTYPE ) values ( 'DC_E_CUDB:((3)):DC_E_CUDB_RSASUBS:DAY', 'DAY_ID', 54, 'tinyint', 0, 0, 31, 1, 'LF', '', 'DAY_ID', 'BASE_TP_090421', 0, 0, null );
insert into Measurementcolumn ( MTABLEID, DATANAME, COLNUMBER, DATATYPE, DATASIZE, DATASCALE, UNIQUEVALUE, NULLABLE, INDEXES, DESCRIPTION, DATAID, RELEASEID, UNIQUEKEY, INCLUDESQL, COLTYPE ) values ( 'DC_E_CUDB:((3)):DC_E_CUDB_RSASUBS:DAY', 'DC_RELEASE', 63, 'varchar', 16, 0, 2, 1, 'LF', '', 'DC_RELEASE', 'BASE_TP_090421', 1, 1, null );
insert into Measurementcolumn ( MTABLEID, DATANAME, COLNUMBER, DATATYPE, DATASIZE, DATASCALE, UNIQUEVALUE, NULLABLE, INDEXES, DESCRIPTION, DATAID, RELEASEID, UNIQUEKEY, INCLUDESQL, COLTYPE ) values ( 'DC_E_CUDB:((3)):DC_E_CUDB_RSASUBS:DAY', 'DC_SOURCE', 64, 'varchar', 16, 0, 2, 1, 'LF', '', 'DC_SOURCE', 'BASE_TP_090421', 0, 1, null );
insert into Measurementcolumn ( MTABLEID, DATANAME, COLNUMBER, DATATYPE, DATASIZE, DATASCALE, UNIQUEVALUE, NULLABLE, INDEXES, DESCRIPTION, DATAID, RELEASEID, UNIQUEKEY, INCLUDESQL, COLTYPE ) values ( 'DC_E_CUDB:((3)):DC_E_CUDB_RSASUBS:DAY', 'DC_SUSPECTFLAG', 66, 'int', 0, 0, 2, 1, 'LF', '', 'DC_SUSPECTFLAG', 'BASE_TP_090421', 0, 1, null );
insert into Measurementcolumn ( MTABLEID, DATANAME, COLNUMBER, DATATYPE, DATASIZE, DATASCALE, UNIQUEVALUE, NULLABLE, INDEXES, DESCRIPTION, DATAID, RELEASEID, UNIQUEKEY, INCLUDESQL, COLTYPE ) values ( 'DC_E_CUDB:((3)):DC_E_CUDB_RSASUBS:DAY', 'DC_TIMEZONE', 65, 'varchar', 16, 0, 2, 1, 'LF', '', 'DC_TIMEZONE', 'BASE_TP_090421', 0, 1, null );
insert into Measurementcolumn ( MTABLEID, DATANAME, COLNUMBER, DATATYPE, DATASIZE, DATASCALE, UNIQUEVALUE, NULLABLE, INDEXES, DESCRIPTION, DATAID, RELEASEID, UNIQUEKEY, INCLUDESQL, COLTYPE ) values ( 'DC_E_CUDB:((3)):DC_E_CUDB_RSASUBS:DAY', 'MONTH_ID', 53, 'tinyint', 0, 0, 12, 1, 'LF', '', 'MONTH_ID', 'BASE_TP_090421', 0, 0, null );
insert into Measurementcolumn ( MTABLEID, DATANAME, COLNUMBER, DATATYPE, DATASIZE, DATASCALE, UNIQUEVALUE, NULLABLE, INDEXES, DESCRIPTION, DATAID, RELEASEID, UNIQUEKEY, INCLUDESQL, COLTYPE ) values ( 'DC_E_CUDB:((3)):DC_E_CUDB_RSASUBS:DAY', 'NE_ID', 2, 'varchar', 35, 0, 255, 0, 'HG', 'Network Element Id', 'NEID', 'DC_E_CUDB:((FINAL))', 1, 1, 'KEY' );
insert into Measurementcolumn ( MTABLEID, DATANAME, COLNUMBER, DATATYPE, DATASIZE, DATASCALE, UNIQUEVALUE, NULLABLE, INDEXES, DESCRIPTION, DATAID, RELEASEID, UNIQUEKEY, INCLUDESQL, COLTYPE ) values ( 'DC_E_CUDB:((3)):DC_E_CUDB_RSASUBS:DAY', 'NSUBSRSA1', 101, 'numeric', 18, 8, 255, 1, '', 'Number of subscribers registered in CUDB due to the HLR application having the RSA1 associated', 'NSUBSRSA1.actual', 'DC_E_CUDB:((FINAL))', 0, 1, 'COUNTER' );
insert into Measurementcolumn ( MTABLEID, DATANAME, COLNUMBER, DATATYPE, DATASIZE, DATASCALE, UNIQUEVALUE, NULLABLE, INDEXES, DESCRIPTION, DATAID, RELEASEID, UNIQUEKEY, INCLUDESQL, COLTYPE ) values ( 'DC_E_CUDB:((3)):DC_E_CUDB_RSASUBS:DAY', 'NSUBSRSA10', 110, 'numeric', 18, 8, 255, 1, '', 'Number of subscribers registered in CUDB due to the HLR application having the RSA10 associated', 'NSUBSRSA10.actual', 'DC_E_CUDB:((FINAL))', 0, 1, 'COUNTER' );
insert into Measurementcolumn ( MTABLEID, DATANAME, COLNUMBER, DATATYPE, DATASIZE, DATASCALE, UNIQUEVALUE, NULLABLE, INDEXES, DESCRIPTION, DATAID, RELEASEID, UNIQUEKEY, INCLUDESQL, COLTYPE ) values ( 'DC_E_CUDB:((3)):DC_E_CUDB_RSASUBS:DAY', 'NSUBSRSA100', 200, 'numeric', 18, 8, 255, 1, '', 'Number of subscribers registered in CUDB due to the HLR application having the RSA100 associated', 'NSUBSRSA100.actual', 'DC_E_CUDB:((FINAL))', 0, 1, 'COUNTER' );
insert into Measurementcolumn ( MTABLEID, DATANAME, COLNUMBER, DATATYPE, DATASIZE, DATASCALE, UNIQUEVALUE, NULLABLE, INDEXES, DESCRIPTION, DATAID, RELEASEID, UNIQUEKEY, INCLUDESQL, COLTYPE ) values ( 'DC_E_CUDB:((3)):DC_E_CUDB_RSASUBS:DAY', 'NSUBSRSA101', 201, 'numeric', 18, 8, 255, 1, '', 'Number of subscribers registered in CUDB due to the HLR application having the RSA101 associated', 'NSUBSRSA101.actual', 'DC_E_CUDB:((FINAL))', 0, 1, 'COUNTER' );
insert into Measurementcolumn ( MTABLEID, DATANAME, COLNUMBER, DATATYPE, DATASIZE, DATASCALE, UNIQUEVALUE, NULLABLE, INDEXES, DESCRIPTION, DATAID, RELEASEID, UNIQUEKEY, INCLUDESQL, COLTYPE ) values ( 'DC_E_CUDB:((3)):DC_E_CUDB_RSASUBS:DAY', 'NSUBSRSA102', 202, 'numeric', 18, 8, 255, 1, '', 'Number of subscribers registered in CUDB due to the HLR application having the RSA102 associated', 'NSUBSRSA102.actual', 'DC_E_CUDB:((FINAL))', 0, 1, 'COUNTER' );
insert into Measurementcolumn ( MTABLEID, DATANAME, COLNUMBER, DATATYPE, DATASIZE, DATASCALE, UNIQUEVALUE, NULLABLE, INDEXES, DESCRIPTION, DATAID, RELEASEID, UNIQUEKEY, INCLUDESQL, COLTYPE ) values ( 'DC_E_CUDB:((3)):DC_E_CUDB_RSASUBS:DAY', 'NSUBSRSA103', 203, 'numeric', 18, 8, 255, 1, '', 'Number of subscribers registered in CUDB due to the HLR application having the RSA103 associated', 'NSUBSRSA103.actual', 'DC_E_CUDB:((FINAL))', 0, 1, 'COUNTER' );
insert into Measurementcolumn ( MTABLEID, DATANAME, COLNUMBER, DATATYPE, DATASIZE, DATASCALE, UNIQUEVALUE, NULLABLE, INDEXES, DESCRIPTION, DATAID, RELEASEID, UNIQUEKEY, INCLUDESQL, COLTYPE ) values ( 'DC_E_CUDB:((3)):DC_E_CUDB_RSASUBS:DAY', 'NSUBSRSA104', 204, 'numeric', 18, 8, 255, 1, '', 'Number of subscribers registered in CUDB due to the HLR application having the RSA104 associated', 'NSUBSRSA104.actual', 'DC_E_CUDB:((FINAL))', 0, 1, 'COUNTER' );
insert into Measurementcolumn ( MTABLEID, DATANAME, COLNUMBER, DATATYPE, DATASIZE, DATASCALE, UNIQUEVALUE, NULLABLE, INDEXES, DESCRIPTION, DATAID, RELEASEID, UNIQUEKEY, INCLUDESQL, COLTYPE ) values ( 'DC_E_CUDB:((3)):DC_E_CUDB_RSASUBS:DAY', 'NSUBSRSA105', 205, 'numeric', 18, 8, 255, 1, '', 'Number of subscribers registered in CUDB due to the HLR application having the RSA105 associated', 'NSUBSRSA105.actual', 'DC_E_CUDB:((FINAL))', 0, 1, 'COUNTER' );
insert into Measurementcolumn ( MTABLEID, DATANAME, COLNUMBER, DATATYPE, DATASIZE, DATASCALE, UNIQUEVALUE, NULLABLE, INDEXES, DESCRIPTION, DATAID, RELEASEID, UNIQUEKEY, INCLUDESQL, COLTYPE ) values ( 'DC_E_CUDB:((3)):DC_E_CUDB_RSASUBS:DAY', 'NSUBSRSA106', 206, 'numeric', 18, 8, 255, 1, '', 'Number of subscribers registered in CUDB due to the HLR application having the RSA106 associated', 'NSUBSRSA106.actual', 'DC_E_CUDB:((FINAL))', 0, 1, 'COUNTER' );
insert into Measurementcolumn ( MTABLEID, DATANAME, COLNUMBER, DATATYPE, DATASIZE, DATASCALE, UNIQUEVALUE, NULLABLE, INDEXES, DESCRIPTION, DATAID, RELEASEID, UNIQUEKEY, INCLUDESQL, COLTYPE ) values ( 'DC_E_CUDB:((3)):DC_E_CUDB_RSASUBS:DAY', 'NSUBSRSA107', 207, 'numeric', 18, 8, 255, 1, '', 'Number of subscribers registered in CUDB due to the HLR application having the RSA107 associated', 'NSUBSRSA107.actual', 'DC_E_CUDB:((FINAL))', 0, 1, 'COUNTER' );
insert into Measurementcolumn ( MTABLEID, DATANAME, COLNUMBER, DATATYPE, DATASIZE, DATASCALE, UNIQUEVALUE, NULLABLE, INDEXES, DESCRIPTION, DATAID, RELEASEID, UNIQUEKEY, INCLUDESQL, COLTYPE ) values ( 'DC_E_CUDB:((3)):DC_E_CUDB_RSASUBS:DAY', 'NSUBSRSA108', 208, 'numeric', 18, 8, 255, 1, '', 'Number of subscribers registered in CUDB due to the HLR application having the RSA108 associated', 'NSUBSRSA108.actual', 'DC_E_CUDB:((FINAL))', 0, 1, 'COUNTER' );
insert into Measurementcolumn ( MTABLEID, DATANAME, COLNUMBER, DATATYPE, DATASIZE, DATASCALE, UNIQUEVALUE, NULLABLE, INDEXES, DESCRIPTION, DATAID, RELEASEID, UNIQUEKEY, INCLUDESQL, COLTYPE ) values ( 'DC_E_CUDB:((3)):DC_E_CUDB_RSASUBS:DAY', 'NSUBSRSA109', 209, 'numeric', 18, 8, 255, 1, '', 'Number of subscribers registered in CUDB due to the HLR application having the RSA109 associated', 'NSUBSRSA109.actual', 'DC_E_CUDB:((FINAL))', 0, 1, 'COUNTER' );
insert into Measurementcolumn ( MTABLEID, DATANAME, COLNUMBER, DATATYPE, DATASIZE, DATASCALE, UNIQUEVALUE, NULLABLE, INDEXES, DESCRIPTION, DATAID, RELEASEID, UNIQUEKEY, INCLUDESQL, COLTYPE ) values ( 'DC_E_CUDB:((3)):DC_E_CUDB_RSASUBS:DAY', 'NSUBSRSA11', 111, 'numeric', 18, 8, 255, 1, '', 'Number of subscribers registered in CUDB due to the HLR application having the RSA11 associated', 'NSUBSRSA11.actual', 'DC_E_CUDB:((FINAL))', 0, 1, 'COUNTER' );
insert into Measurementcolumn ( MTABLEID, DATANAME, COLNUMBER, DATATYPE, DATASIZE, DATASCALE, UNIQUEVALUE, NULLABLE, INDEXES, DESCRIPTION, DATAID, RELEASEID, UNIQUEKEY, INCLUDESQL, COLTYPE ) values ( 'DC_E_CUDB:((3)):DC_E_CUDB_RSASUBS:DAY', 'NSUBSRSA110', 210, 'numeric', 18, 8, 255, 1, '', 'Number of subscribers registered in CUDB due to the HLR application having the RSA110 associated', 'NSUBSRSA110.actual', 'DC_E_CUDB:((FINAL))', 0, 1, 'COUNTER' );
insert into Measurementcolumn ( MTABLEID, DATANAME, COLNUMBER, DATATYPE, DATASIZE, DATASCALE, UNIQUEVALUE, NULLABLE, INDEXES, DESCRIPTION, DATAID, RELEASEID, UNIQUEKEY, INCLUDESQL, COLTYPE ) values ( 'DC_E_CUDB:((3)):DC_E_CUDB_RSASUBS:DAY', 'NSUBSRSA111', 211, 'numeric', 18, 8, 255, 1, '', 'Number of subscribers registered in CUDB due to the HLR application having the RSA111 associated', 'NSUBSRSA111.actual', 'DC_E_CUDB:((FINAL))', 0, 1, 'COUNTER' );
insert into Measurementcolumn ( MTABLEID, DATANAME, COLNUMBER, DATATYPE, DATASIZE, DATASCALE, UNIQUEVALUE, NULLABLE, INDEXES, DESCRIPTION, DATAID, RELEASEID, UNIQUEKEY, INCLUDESQL, COLTYPE ) values ( 'DC_E_CUDB:((3)):DC_E_CUDB_RSASUBS:DAY', 'NSUBSRSA112', 212, 'numeric', 18, 8, 255, 1, '', 'Number of subscribers registered in CUDB due to the HLR application having the RSA112 associated', 'NSUBSRSA112.actual', 'DC_E_CUDB:((FINAL))', 0, 1, 'COUNTER' );
insert into Measurementcolumn ( MTABLEID, DATANAME, COLNUMBER, DATATYPE, DATASIZE, DATASCALE, UNIQUEVALUE, NULLABLE, INDEXES, DESCRIPTION, DATAID, RELEASEID, UNIQUEKEY, INCLUDESQL, COLTYPE ) values ( 'DC_E_CUDB:((3)):DC_E_CUDB_RSASUBS:DAY', 'NSUBSRSA113', 213, 'numeric', 18, 8, 255, 1, '', 'Number of subscribers registered in CUDB due to the HLR application having the RSA113 associated', 'NSUBSRSA113.actual', 'DC_E_CUDB:((FINAL))', 0, 1, 'COUNTER' );
insert into Measurementcolumn ( MTABLEID, DATANAME, COLNUMBER, DATATYPE, DATASIZE, DATASCALE, UNIQUEVALUE, NULLABLE, INDEXES, DESCRIPTION, DATAID, RELEASEID, UNIQUEKEY, INCLUDESQL, COLTYPE ) values ( 'DC_E_CUDB:((3)):DC_E_CUDB_RSASUBS:DAY', 'NSUBSRSA114', 214, 'numeric', 18, 8, 255, 1, '', 'Number of subscribers registered in CUDB due to the HLR application having the RSA114 associated', 'NSUBSRSA114.actual', 'DC_E_CUDB:((FINAL))', 0, 1, 'COUNTER' );
insert into Measurementcolumn ( MTABLEID, DATANAME, COLNUMBER, DATATYPE, DATASIZE, DATASCALE, UNIQUEVALUE, NULLABLE, INDEXES, DESCRIPTION, DATAID, RELEASEID, UNIQUEKEY, INCLUDESQL, COLTYPE ) values ( 'DC_E_CUDB:((3)):DC_E_CUDB_RSASUBS:DAY', 'NSUBSRSA115', 215, 'numeric', 18, 8, 255, 1, '', 'Number of subscribers registered in CUDB due to the HLR application having the RSA115 associated', 'NSUBSRSA115.actual', 'DC_E_CUDB:((FINAL))', 0, 1, 'COUNTER' );
insert into Measurementcolumn ( MTABLEID, DATANAME, COLNUMBER, DATATYPE, DATASIZE, DATASCALE, UNIQUEVALUE, NULLABLE, INDEXES, DESCRIPTION, DATAID, RELEASEID, UNIQUEKEY, INCLUDESQL, COLTYPE ) values ( 'DC_E_CUDB:((3)):DC_E_CUDB_RSASUBS:DAY', 'NSUBSRSA116', 216, 'numeric', 18, 8, 255, 1, '', 'Number of subscribers registered in CUDB due to the HLR application having the RSA116 associated', 'NSUBSRSA116.actual', 'DC_E_CUDB:((FINAL))', 0, 1, 'COUNTER' );
insert into Measurementcolumn ( MTABLEID, DATANAME, COLNUMBER, DATATYPE, DATASIZE, DATASCALE, UNIQUEVALUE, NULLABLE, INDEXES, DESCRIPTION, DATAID, RELEASEID, UNIQUEKEY, INCLUDESQL, COLTYPE ) values ( 'DC_E_CUDB:((3)):DC_E_CUDB_RSASUBS:DAY', 'NSUBSRSA117', 217, 'numeric', 18, 8, 255, 1, '', 'Number of subscribers registered in CUDB due to the HLR application having the RSA117 associated', 'NSUBSRSA117.actual', 'DC_E_CUDB:((FINAL))', 0, 1, 'COUNTER' );
insert into Measurementcolumn ( MTABLEID, DATANAME, COLNUMBER, DATATYPE, DATASIZE, DATASCALE, UNIQUEVALUE, NULLABLE, INDEXES, DESCRIPTION, DATAID, RELEASEID, UNIQUEKEY, INCLUDESQL, COLTYPE ) values ( 'DC_E_CUDB:((3)):DC_E_CUDB_RSASUBS:DAY', 'NSUBSRSA118', 218, 'numeric', 18, 8, 255, 1, '', 'Number of subscribers registered in CUDB due to the HLR application having the RSA118 associated', 'NSUBSRSA118.actual', 'DC_E_CUDB:((FINAL))', 0, 1, 'COUNTER' );
insert into Measurementcolumn ( MTABLEID, DATANAME, COLNUMBER, DATATYPE, DATASIZE, DATASCALE, UNIQUEVALUE, NULLABLE, INDEXES, DESCRIPTION, DATAID, RELEASEID, UNIQUEKEY, INCLUDESQL, COLTYPE ) values ( 'DC_E_CUDB:((3)):DC_E_CUDB_RSASUBS:DAY', 'NSUBSRSA119', 219, 'numeric', 18, 8, 255, 1, '', 'Number of subscribers registered in CUDB due to the HLR application having the RSA119 associated', 'NSUBSRSA119.actual', 'DC_E_CUDB:((FINAL))', 0, 1, 'COUNTER' );
insert into Measurementcolumn ( MTABLEID, DATANAME, COLNUMBER, DATATYPE, DATASIZE, DATASCALE, UNIQUEVALUE, NULLABLE, INDEXES, DESCRIPTION, DATAID, RELEASEID, UNIQUEKEY, INCLUDESQL, COLTYPE ) values ( 'DC_E_CUDB:((3)):DC_E_CUDB_RSASUBS:DAY', 'NSUBSRSA12', 112, 'numeric', 18, 8, 255, 1, '', 'Number of subscribers registered in CUDB due to the HLR application having the RSA12 associated', 'NSUBSRSA12.actual', 'DC_E_CUDB:((FINAL))', 0, 1, 'COUNTER' );
insert into Measurementcolumn ( MTABLEID, DATANAME, COLNUMBER, DATATYPE, DATASIZE, DATASCALE, UNIQUEVALUE, NULLABLE, INDEXES, DESCRIPTION, DATAID, RELEASEID, UNIQUEKEY, INCLUDESQL, COLTYPE ) values ( 'DC_E_CUDB:((3)):DC_E_CUDB_RSASUBS:DAY', 'NSUBSRSA120', 220, 'numeric', 18, 8, 255, 1, '', 'Number of subscribers registered in CUDB due to the HLR application having the RSA120 associated', 'NSUBSRSA120.actual', 'DC_E_CUDB:((FINAL))', 0, 1, 'COUNTER' );
insert into Measurementcolumn ( MTABLEID, DATANAME, COLNUMBER, DATATYPE, DATASIZE, DATASCALE, UNIQUEVALUE, NULLABLE, INDEXES, DESCRIPTION, DATAID, RELEASEID, UNIQUEKEY, INCLUDESQL, COLTYPE ) values ( 'DC_E_CUDB:((3)):DC_E_CUDB_RSASUBS:DAY', 'NSUBSRSA121', 221, 'numeric', 18, 8, 255, 1, '', 'Number of subscribers registered in CUDB due to the HLR application having the RSA121 associated', 'NSUBSRSA121.actual', 'DC_E_CUDB:((FINAL))', 0, 1, 'COUNTER' );
insert into Measurementcolumn ( MTABLEID, DATANAME, COLNUMBER, DATATYPE, DATASIZE, DATASCALE, UNIQUEVALUE, NULLABLE, INDEXES, DESCRIPTION, DATAID, RELEASEID, UNIQUEKEY, INCLUDESQL, COLTYPE ) values ( 'DC_E_CUDB:((3)):DC_E_CUDB_RSASUBS:DAY', 'NSUBSRSA122', 222, 'numeric', 18, 8, 255, 1, '', 'Number of subscribers registered in CUDB due to the HLR application having the RSA122 associated', 'NSUBSRSA122.actual', 'DC_E_CUDB:((FINAL))', 0, 1, 'COUNTER' );
insert into Measurementcolumn ( MTABLEID, DATANAME, COLNUMBER, DATATYPE, DATASIZE, DATASCALE, UNIQUEVALUE, NULLABLE, INDEXES, DESCRIPTION, DATAID, RELEASEID, UNIQUEKEY, INCLUDESQL, COLTYPE ) values ( 'DC_E_CUDB:((3)):DC_E_CUDB_RSASUBS:DAY', 'NSUBSRSA123', 223, 'numeric', 18, 8, 255, 1, '', 'Number of subscribers registered in CUDB due to the HLR application having the RSA123 associated', 'NSUBSRSA123.actual', 'DC_E_CUDB:((FINAL))', 0, 1, 'COUNTER' );
insert into Measurementcolumn ( MTABLEID, DATANAME, COLNUMBER, DATATYPE, DATASIZE, DATASCALE, UNIQUEVALUE, NULLABLE, INDEXES, DESCRIPTION, DATAID, RELEASEID, UNIQUEKEY, INCLUDESQL, COLTYPE ) values ( 'DC_E_CUDB:((3)):DC_E_CUDB_RSASUBS:DAY', 'NSUBSRSA124', 224, 'numeric', 18, 8, 255, 1, '', 'Number of subscribers registered in CUDB due to the HLR application having the RSA124 associated', 'NSUBSRSA124.actual', 'DC_E_CUDB:((FINAL))', 0, 1, 'COUNTER' );
insert into Measurementcolumn ( MTABLEID, DATANAME, COLNUMBER, DATATYPE, DATASIZE, DATASCALE, UNIQUEVALUE, NULLABLE, INDEXES, DESCRIPTION, DATAID, RELEASEID, UNIQUEKEY, INCLUDESQL, COLTYPE ) values ( 'DC_E_CUDB:((3)):DC_E_CUDB_RSASUBS:DAY', 'NSUBSRSA125', 225, 'numeric', 18, 8, 255, 1, '', 'Number of subscribers registered in CUDB due to the HLR application having the RSA125 associated', 'NSUBSRSA125.actual', 'DC_E_CUDB:((FINAL))', 0, 1, 'COUNTER' );
insert into Measurementcolumn ( MTABLEID, DATANAME, COLNUMBER, DATATYPE, DATASIZE, DATASCALE, UNIQUEVALUE, NULLABLE, INDEXES, DESCRIPTION, DATAID, RELEASEID, UNIQUEKEY, INCLUDESQL, COLTYPE ) values ( 'DC_E_CUDB:((3)):DC_E_CUDB_RSASUBS:DAY', 'NSUBSRSA126', 226, 'numeric', 18, 8, 255, 1, '', 'Number of subscribers registered in CUDB due to the HLR application having the RSA126 associated', 'NSUBSRSA126.actual', 'DC_E_CUDB:((FINAL))', 0, 1, 'COUNTER' );
insert into Measurementcolumn ( MTABLEID, DATANAME, COLNUMBER, DATATYPE, DATASIZE, DATASCALE, UNIQUEVALUE, NULLABLE, INDEXES, DESCRIPTION, DATAID, RELEASEID, UNIQUEKEY, INCLUDESQL, COLTYPE ) values ( 'DC_E_CUDB:((3)):DC_E_CUDB_RSASUBS:DAY', 'NSUBSRSA127', 227, 'numeric', 18, 8, 255, 1, '', 'Number of subscribers registered in CUDB due to the HLR application having the RSA127 associated', 'NSUBSRSA127.actual', 'DC_E_CUDB:((FINAL))', 0, 1, 'COUNTER' );
insert into Measurementcolumn ( MTABLEID, DATANAME, COLNUMBER, DATATYPE, DATASIZE, DATASCALE, UNIQUEVALUE, NULLABLE, INDEXES, DESCRIPTION, DATAID, RELEASEID, UNIQUEKEY, INCLUDESQL, COLTYPE ) values ( 'DC_E_CUDB:((3)):DC_E_CUDB_RSASUBS:DAY', 'NSUBSRSA128', 228, 'numeric', 18, 8, 255, 1, '', 'Number of subscribers registered in CUDB due to the HLR application having the RSA128 associated', 'NSUBSRSA128.actual', 'DC_E_CUDB:((FINAL))', 0, 1, 'COUNTER' );
insert into Measurementcolumn ( MTABLEID, DATANAME, COLNUMBER, DATATYPE, DATASIZE, DATASCALE, UNIQUEVALUE, NULLABLE, INDEXES, DESCRIPTION, DATAID, RELEASEID, UNIQUEKEY, INCLUDESQL, COLTYPE ) values ( 'DC_E_CUDB:((3)):DC_E_CUDB_RSASUBS:DAY', 'NSUBSRSA13', 113, 'numeric', 18, 8, 255, 1, '', 'Number of subscribers registered in CUDB due to the HLR application having the RSA13 associated', 'NSUBSRSA13.actual', 'DC_E_CUDB:((FINAL))', 0, 1, 'COUNTER' );
insert into Measurementcolumn ( MTABLEID, DATANAME, COLNUMBER, DATATYPE, DATASIZE, DATASCALE, UNIQUEVALUE, NULLABLE, INDEXES, DESCRIPTION, DATAID, RELEASEID, UNIQUEKEY, INCLUDESQL, COLTYPE ) values ( 'DC_E_CUDB:((3)):DC_E_CUDB_RSASUBS:DAY', 'NSUBSRSA14', 114, 'numeric', 18, 8, 255, 1, '', 'Number of subscribers registered in CUDB due to the HLR application having the RSA14 associated', 'NSUBSRSA14.actual', 'DC_E_CUDB:((FINAL))', 0, 1, 'COUNTER' );
insert into Measurementcolumn ( MTABLEID, DATANAME, COLNUMBER, DATATYPE, DATASIZE, DATASCALE, UNIQUEVALUE, NULLABLE, INDEXES, DESCRIPTION, DATAID, RELEASEID, UNIQUEKEY, INCLUDESQL, COLTYPE ) values ( 'DC_E_CUDB:((3)):DC_E_CUDB_RSASUBS:DAY', 'NSUBSRSA15', 115, 'numeric', 18, 8, 255, 1, '', 'Number of subscribers registered in CUDB due to the HLR application having the RSA15 associated', 'NSUBSRSA15.actual', 'DC_E_CUDB:((FINAL))', 0, 1, 'COUNTER' );
insert into Measurementcolumn ( MTABLEID, DATANAME, COLNUMBER, DATATYPE, DATASIZE, DATASCALE, UNIQUEVALUE, NULLABLE, INDEXES, DESCRIPTION, DATAID, RELEASEID, UNIQUEKEY, INCLUDESQL, COLTYPE ) values ( 'DC_E_CUDB:((3)):DC_E_CUDB_RSASUBS:DAY', 'NSUBSRSA16', 116, 'numeric', 18, 8, 255, 1, '', 'Number of subscribers registered in CUDB due to the HLR application having the RSA16 associated', 'NSUBSRSA16.actual', 'DC_E_CUDB:((FINAL))', 0, 1, 'COUNTER' );
insert into Measurementcolumn ( MTABLEID, DATANAME, COLNUMBER, DATATYPE, DATASIZE, DATASCALE, UNIQUEVALUE, NULLABLE, INDEXES, DESCRIPTION, DATAID, RELEASEID, UNIQUEKEY, INCLUDESQL, COLTYPE ) values ( 'DC_E_CUDB:((3)):DC_E_CUDB_RSASUBS:DAY', 'NSUBSRSA17', 117, 'numeric', 18, 8, 255, 1, '', 'Number of subscribers registered in CUDB due to the HLR application having the RSA17 associated', 'NSUBSRSA17.actual', 'DC_E_CUDB:((FINAL))', 0, 1, 'COUNTER' );
insert into Measurementcolumn ( MTABLEID, DATANAME, COLNUMBER, DATATYPE, DATASIZE, DATASCALE, UNIQUEVALUE, NULLABLE, INDEXES, DESCRIPTION, DATAID, RELEASEID, UNIQUEKEY, INCLUDESQL, COLTYPE ) values ( 'DC_E_CUDB:((3)):DC_E_CUDB_RSASUBS:DAY', 'NSUBSRSA18', 118, 'numeric', 18, 8, 255, 1, '', 'Number of subscribers registered in CUDB due to the HLR application having the RSA18 associated', 'NSUBSRSA18.actual', 'DC_E_CUDB:((FINAL))', 0, 1, 'COUNTER' );
insert into Measurementcolumn ( MTABLEID, DATANAME, COLNUMBER, DATATYPE, DATASIZE, DATASCALE, UNIQUEVALUE, NULLABLE, INDEXES, DESCRIPTION, DATAID, RELEASEID, UNIQUEKEY, INCLUDESQL, COLTYPE ) values ( 'DC_E_CUDB:((3)):DC_E_CUDB_RSASUBS:DAY', 'NSUBSRSA19', 119, 'numeric', 18, 8, 255, 1, '', 'Number of subscribers registered in CUDB due to the HLR application having the RSA19 associated', 'NSUBSRSA19.actual', 'DC_E_CUDB:((FINAL))', 0, 1, 'COUNTER' );
insert into Measurementcolumn ( MTABLEID, DATANAME, COLNUMBER, DATATYPE, DATASIZE, DATASCALE, UNIQUEVALUE, NULLABLE, INDEXES, DESCRIPTION, DATAID, RELEASEID, UNIQUEKEY, INCLUDESQL, COLTYPE ) values ( 'DC_E_CUDB:((3)):DC_E_CUDB_RSASUBS:DAY', 'NSUBSRSA2', 102, 'numeric', 18, 8, 255, 1, '', 'Number of subscribers registered in CUDB due to the HLR application having the RSA2 associated', 'NSUBSRSA2.actual', 'DC_E_CUDB:((FINAL))', 0, 1, 'COUNTER' );
insert into Measurementcolumn ( MTABLEID, DATANAME, COLNUMBER, DATATYPE, DATASIZE, DATASCALE, UNIQUEVALUE, NULLABLE, INDEXES, DESCRIPTION, DATAID, RELEASEID, UNIQUEKEY, INCLUDESQL, COLTYPE ) values ( 'DC_E_CUDB:((3)):DC_E_CUDB_RSASUBS:DAY', 'NSUBSRSA20', 120, 'numeric', 18, 8, 255, 1, '', 'Number of subscribers registered in CUDB due to the HLR application having the RSA20 associated', 'NSUBSRSA20.actual', 'DC_E_CUDB:((FINAL))', 0, 1, 'COUNTER' );
insert into Measurementcolumn ( MTABLEID, DATANAME, COLNUMBER, DATATYPE, DATASIZE, DATASCALE, UNIQUEVALUE, NULLABLE, INDEXES, DESCRIPTION, DATAID, RELEASEID, UNIQUEKEY, INCLUDESQL, COLTYPE ) values ( 'DC_E_CUDB:((3)):DC_E_CUDB_RSASUBS:DAY', 'NSUBSRSA21', 121, 'numeric', 18, 8, 255, 1, '', 'Number of subscribers registered in CUDB due to the HLR application having the RSA21 associated', 'NSUBSRSA21.actual', 'DC_E_CUDB:((FINAL))', 0, 1, 'COUNTER' );
insert into Measurementcolumn ( MTABLEID, DATANAME, COLNUMBER, DATATYPE, DATASIZE, DATASCALE, UNIQUEVALUE, NULLABLE, INDEXES, DESCRIPTION, DATAID, RELEASEID, UNIQUEKEY, INCLUDESQL, COLTYPE ) values ( 'DC_E_CUDB:((3)):DC_E_CUDB_RSASUBS:DAY', 'NSUBSRSA22', 122, 'numeric', 18, 8, 255, 1, '', 'Number of subscribers registered in CUDB due to the HLR application having the RSA22 associated', 'NSUBSRSA22.actual', 'DC_E_CUDB:((FINAL))', 0, 1, 'COUNTER' );
insert into Measurementcolumn ( MTABLEID, DATANAME, COLNUMBER, DATATYPE, DATASIZE, DATASCALE, UNIQUEVALUE, NULLABLE, INDEXES, DESCRIPTION, DATAID, RELEASEID, UNIQUEKEY, INCLUDESQL, COLTYPE ) values ( 'DC_E_CUDB:((3)):DC_E_CUDB_RSASUBS:DAY', 'NSUBSRSA23', 123, 'numeric', 18, 8, 255, 1, '', 'Number of subscribers registered in CUDB due to the HLR application having the RSA23 associated', 'NSUBSRSA23.actual', 'DC_E_CUDB:((FINAL))', 0, 1, 'COUNTER' );
insert into Measurementcolumn ( MTABLEID, DATANAME, COLNUMBER, DATATYPE, DATASIZE, DATASCALE, UNIQUEVALUE, NULLABLE, INDEXES, DESCRIPTION, DATAID, RELEASEID, UNIQUEKEY, INCLUDESQL, COLTYPE ) values ( 'DC_E_CUDB:((3)):DC_E_CUDB_RSASUBS:DAY', 'NSUBSRSA24', 124, 'numeric', 18, 8, 255, 1, '', 'Number of subscribers registered in CUDB due to the HLR application having the RSA24 associated', 'NSUBSRSA24.actual', 'DC_E_CUDB:((FINAL))', 0, 1, 'COUNTER' );
insert into Measurementcolumn ( MTABLEID, DATANAME, COLNUMBER, DATATYPE, DATASIZE, DATASCALE, UNIQUEVALUE, NULLABLE, INDEXES, DESCRIPTION, DATAID, RELEASEID, UNIQUEKEY, INCLUDESQL, COLTYPE ) values ( 'DC_E_CUDB:((3)):DC_E_CUDB_RSASUBS:DAY', 'NSUBSRSA25', 125, 'numeric', 18, 8, 255, 1, '', 'Number of subscribers registered in CUDB due to the HLR application having the RSA25 associated', 'NSUBSRSA25.actual', 'DC_E_CUDB:((FINAL))', 0, 1, 'COUNTER' );
insert into Measurementcolumn ( MTABLEID, DATANAME, COLNUMBER, DATATYPE, DATASIZE, DATASCALE, UNIQUEVALUE, NULLABLE, INDEXES, DESCRIPTION, DATAID, RELEASEID, UNIQUEKEY, INCLUDESQL, COLTYPE ) values ( 'DC_E_CUDB:((3)):DC_E_CUDB_RSASUBS:DAY', 'NSUBSRSA26', 126, 'numeric', 18, 8, 255, 1, '', 'Number of subscribers registered in CUDB due to the HLR application having the RSA26 associated', 'NSUBSRSA26.actual', 'DC_E_CUDB:((FINAL))', 0, 1, 'COUNTER' );
insert into Measurementcolumn ( MTABLEID, DATANAME, COLNUMBER, DATATYPE, DATASIZE, DATASCALE, UNIQUEVALUE, NULLABLE, INDEXES, DESCRIPTION, DATAID, RELEASEID, UNIQUEKEY, INCLUDESQL, COLTYPE ) values ( 'DC_E_CUDB:((3)):DC_E_CUDB_RSASUBS:DAY', 'NSUBSRSA27', 127, 'numeric', 18, 8, 255, 1, '', 'Number of subscribers registered in CUDB due to the HLR application having the RSA27 associated', 'NSUBSRSA27.actual', 'DC_E_CUDB:((FINAL))', 0, 1, 'COUNTER' );
insert into Measurementcolumn ( MTABLEID, DATANAME, COLNUMBER, DATATYPE, DATASIZE, DATASCALE, UNIQUEVALUE, NULLABLE, INDEXES, DESCRIPTION, DATAID, RELEASEID, UNIQUEKEY, INCLUDESQL, COLTYPE ) values ( 'DC_E_CUDB:((3)):DC_E_CUDB_RSASUBS:DAY', 'NSUBSRSA28', 128, 'numeric', 18, 8, 255, 1, '', 'Number of subscribers registered in CUDB due to the HLR application having the RSA28 associated', 'NSUBSRSA28.actual', 'DC_E_CUDB:((FINAL))', 0, 1, 'COUNTER' );
insert into Measurementcolumn ( MTABLEID, DATANAME, COLNUMBER, DATATYPE, DATASIZE, DATASCALE, UNIQUEVALUE, NULLABLE, INDEXES, DESCRIPTION, DATAID, RELEASEID, UNIQUEKEY, INCLUDESQL, COLTYPE ) values ( 'DC_E_CUDB:((3)):DC_E_CUDB_RSASUBS:DAY', 'NSUBSRSA29', 129, 'numeric', 18, 8, 255, 1, '', 'Number of subscribers registered in CUDB due to the HLR application having the RSA29 associated', 'NSUBSRSA29.actual', 'DC_E_CUDB:((FINAL))', 0, 1, 'COUNTER' );
insert into Measurementcolumn ( MTABLEID, DATANAME, COLNUMBER, DATATYPE, DATASIZE, DATASCALE, UNIQUEVALUE, NULLABLE, INDEXES, DESCRIPTION, DATAID, RELEASEID, UNIQUEKEY, INCLUDESQL, COLTYPE ) values ( 'DC_E_CUDB:((3)):DC_E_CUDB_RSASUBS:DAY', 'NSUBSRSA3', 103, 'numeric', 18, 8, 255, 1, '', 'Number of subscribers registered in CUDB due to the HLR application having the RSA3 associated', 'NSUBSRSA3.actual', 'DC_E_CUDB:((FINAL))', 0, 1, 'COUNTER' );
insert into Measurementcolumn ( MTABLEID, DATANAME, COLNUMBER, DATATYPE, DATASIZE, DATASCALE, UNIQUEVALUE, NULLABLE, INDEXES, DESCRIPTION, DATAID, RELEASEID, UNIQUEKEY, INCLUDESQL, COLTYPE ) values ( 'DC_E_CUDB:((3)):DC_E_CUDB_RSASUBS:DAY', 'NSUBSRSA30', 130, 'numeric', 18, 8, 255, 1, '', 'Number of subscribers registered in CUDB due to the HLR application having the RSA30 associated', 'NSUBSRSA30.actual', 'DC_E_CUDB:((FINAL))', 0, 1, 'COUNTER' );
insert into Measurementcolumn ( MTABLEID, DATANAME, COLNUMBER, DATATYPE, DATASIZE, DATASCALE, UNIQUEVALUE, NULLABLE, INDEXES, DESCRIPTION, DATAID, RELEASEID, UNIQUEKEY, INCLUDESQL, COLTYPE ) values ( 'DC_E_CUDB:((3)):DC_E_CUDB_RSASUBS:DAY', 'NSUBSRSA31', 131, 'numeric', 18, 8, 255, 1, '', 'Number of subscribers registered in CUDB due to the HLR application having the RSA31 associated', 'NSUBSRSA31.actual', 'DC_E_CUDB:((FINAL))', 0, 1, 'COUNTER' );
insert into Measurementcolumn ( MTABLEID, DATANAME, COLNUMBER, DATATYPE, DATASIZE, DATASCALE, UNIQUEVALUE, NULLABLE, INDEXES, DESCRIPTION, DATAID, RELEASEID, UNIQUEKEY, INCLUDESQL, COLTYPE ) values ( 'DC_E_CUDB:((3)):DC_E_CUDB_RSASUBS:DAY', 'NSUBSRSA32', 132, 'numeric', 18, 8, 255, 1, '', 'Number of subscribers registered in CUDB due to the HLR application having the RSA32 associated', 'NSUBSRSA32.actual', 'DC_E_CUDB:((FINAL))', 0, 1, 'COUNTER' );
insert into Measurementcolumn ( MTABLEID, DATANAME, COLNUMBER, DATATYPE, DATASIZE, DATASCALE, UNIQUEVALUE, NULLABLE, INDEXES, DESCRIPTION, DATAID, RELEASEID, UNIQUEKEY, INCLUDESQL, COLTYPE ) values ( 'DC_E_CUDB:((3)):DC_E_CUDB_RSASUBS:DAY', 'NSUBSRSA33', 133, 'numeric', 18, 8, 255, 1, '', 'Number of subscribers registered in CUDB due to the HLR application having the RSA33 associated', 'NSUBSRSA33.actual', 'DC_E_CUDB:((FINAL))', 0, 1, 'COUNTER' );
insert into Measurementcolumn ( MTABLEID, DATANAME, COLNUMBER, DATATYPE, DATASIZE, DATASCALE, UNIQUEVALUE, NULLABLE, INDEXES, DESCRIPTION, DATAID, RELEASEID, UNIQUEKEY, INCLUDESQL, COLTYPE ) values ( 'DC_E_CUDB:((3)):DC_E_CUDB_RSASUBS:DAY', 'NSUBSRSA34', 134, 'numeric', 18, 8, 255, 1, '', 'Number of subscribers registered in CUDB due to the HLR application having the RSA34 associated', 'NSUBSRSA34.actual', 'DC_E_CUDB:((FINAL))', 0, 1, 'COUNTER' );
insert into Measurementcolumn ( MTABLEID, DATANAME, COLNUMBER, DATATYPE, DATASIZE, DATASCALE, UNIQUEVALUE, NULLABLE, INDEXES, DESCRIPTION, DATAID, RELEASEID, UNIQUEKEY, INCLUDESQL, COLTYPE ) values ( 'DC_E_CUDB:((3)):DC_E_CUDB_RSASUBS:DAY', 'NSUBSRSA35', 135, 'numeric', 18, 8, 255, 1, '', 'Number of subscribers registered in CUDB due to the HLR application having the RSA35 associated', 'NSUBSRSA35.actual', 'DC_E_CUDB:((FINAL))', 0, 1, 'COUNTER' );
insert into Measurementcolumn ( MTABLEID, DATANAME, COLNUMBER, DATATYPE, DATASIZE, DATASCALE, UNIQUEVALUE, NULLABLE, INDEXES, DESCRIPTION, DATAID, RELEASEID, UNIQUEKEY, INCLUDESQL, COLTYPE ) values ( 'DC_E_CUDB:((3)):DC_E_CUDB_RSASUBS:DAY', 'NSUBSRSA36', 136, 'numeric', 18, 8, 255, 1, '', 'Number of subscribers registered in CUDB due to the HLR application having the RSA36 associated', 'NSUBSRSA36.actual', 'DC_E_CUDB:((FINAL))', 0, 1, 'COUNTER' );
insert into Measurementcolumn ( MTABLEID, DATANAME, COLNUMBER, DATATYPE, DATASIZE, DATASCALE, UNIQUEVALUE, NULLABLE, INDEXES, DESCRIPTION, DATAID, RELEASEID, UNIQUEKEY, INCLUDESQL, COLTYPE ) values ( 'DC_E_CUDB:((3)):DC_E_CUDB_RSASUBS:DAY', 'NSUBSRSA37', 137, 'numeric', 18, 8, 255, 1, '', 'Number of subscribers registered in CUDB due to the HLR application having the RSA37 associated', 'NSUBSRSA37.actual', 'DC_E_CUDB:((FINAL))', 0, 1, 'COUNTER' );
insert into Measurementcolumn ( MTABLEID, DATANAME, COLNUMBER, DATATYPE, DATASIZE, DATASCALE, UNIQUEVALUE, NULLABLE, INDEXES, DESCRIPTION, DATAID, RELEASEID, UNIQUEKEY, INCLUDESQL, COLTYPE ) values ( 'DC_E_CUDB:((3)):DC_E_CUDB_RSASUBS:DAY', 'NSUBSRSA38', 138, 'numeric', 18, 8, 255, 1, '', 'Number of subscribers registered in CUDB due to the HLR application having the RSA38 associated', 'NSUBSRSA38.actual', 'DC_E_CUDB:((FINAL))', 0, 1, 'COUNTER' );
insert into Measurementcolumn ( MTABLEID, DATANAME, COLNUMBER, DATATYPE, DATASIZE, DATASCALE, UNIQUEVALUE, NULLABLE, INDEXES, DESCRIPTION, DATAID, RELEASEID, UNIQUEKEY, INCLUDESQL, COLTYPE ) values ( 'DC_E_CUDB:((3)):DC_E_CUDB_RSASUBS:DAY', 'NSUBSRSA39', 139, 'numeric', 18, 8, 255, 1, '', 'Number of subscribers registered in CUDB due to the HLR application having the RSA39 associated', 'NSUBSRSA39.actual', 'DC_E_CUDB:((FINAL))', 0, 1, 'COUNTER' );
insert into Measurementcolumn ( MTABLEID, DATANAME, COLNUMBER, DATATYPE, DATASIZE, DATASCALE, UNIQUEVALUE, NULLABLE, INDEXES, DESCRIPTION, DATAID, RELEASEID, UNIQUEKEY, INCLUDESQL, COLTYPE ) values ( 'DC_E_CUDB:((3)):DC_E_CUDB_RSASUBS:DAY', 'NSUBSRSA4', 104, 'numeric', 18, 8, 255, 1, '', 'Number of subscribers registered in CUDB due to the HLR application having the RSA4 associated', 'NSUBSRSA4.actual', 'DC_E_CUDB:((FINAL))', 0, 1, 'COUNTER' );
insert into Measurementcolumn ( MTABLEID, DATANAME, COLNUMBER, DATATYPE, DATASIZE, DATASCALE, UNIQUEVALUE, NULLABLE, INDEXES, DESCRIPTION, DATAID, RELEASEID, UNIQUEKEY, INCLUDESQL, COLTYPE ) values ( 'DC_E_CUDB:((3)):DC_E_CUDB_RSASUBS:DAY', 'NSUBSRSA40', 140, 'numeric', 18, 8, 255, 1, '', 'Number of subscribers registered in CUDB due to the HLR application having the RSA40 associated', 'NSUBSRSA40.actual', 'DC_E_CUDB:((FINAL))', 0, 1, 'COUNTER' );
insert into Measurementcolumn ( MTABLEID, DATANAME, COLNUMBER, DATATYPE, DATASIZE, DATASCALE, UNIQUEVALUE, NULLABLE, INDEXES, DESCRIPTION, DATAID, RELEASEID, UNIQUEKEY, INCLUDESQL, COLTYPE ) values ( 'DC_E_CUDB:((3)):DC_E_CUDB_RSASUBS:DAY', 'NSUBSRSA41', 141, 'numeric', 18, 8, 255, 1, '', 'Number of subscribers registered in CUDB due to the HLR application having the RSA41 associated', 'NSUBSRSA41.actual', 'DC_E_CUDB:((FINAL))', 0, 1, 'COUNTER' );
insert into Measurementcolumn ( MTABLEID, DATANAME, COLNUMBER, DATATYPE, DATASIZE, DATASCALE, UNIQUEVALUE, NULLABLE, INDEXES, DESCRIPTION, DATAID, RELEASEID, UNIQUEKEY, INCLUDESQL, COLTYPE ) values ( 'DC_E_CUDB:((3)):DC_E_CUDB_RSASUBS:DAY', 'NSUBSRSA42', 142, 'numeric', 18, 8, 255, 1, '', 'Number of subscribers registered in CUDB due to the HLR application having the RSA42 associated', 'NSUBSRSA42.actual', 'DC_E_CUDB:((FINAL))', 0, 1, 'COUNTER' );
insert into Measurementcolumn ( MTABLEID, DATANAME, COLNUMBER, DATATYPE, DATASIZE, DATASCALE, UNIQUEVALUE, NULLABLE, INDEXES, DESCRIPTION, DATAID, RELEASEID, UNIQUEKEY, INCLUDESQL, COLTYPE ) values ( 'DC_E_CUDB:((3)):DC_E_CUDB_RSASUBS:DAY', 'NSUBSRSA43', 143, 'numeric', 18, 8, 255, 1, '', 'Number of subscribers registered in CUDB due to the HLR application having the RSA43 associated', 'NSUBSRSA43.actual', 'DC_E_CUDB:((FINAL))', 0, 1, 'COUNTER' );
insert into Measurementcolumn ( MTABLEID, DATANAME, COLNUMBER, DATATYPE, DATASIZE, DATASCALE, UNIQUEVALUE, NULLABLE, INDEXES, DESCRIPTION, DATAID, RELEASEID, UNIQUEKEY, INCLUDESQL, COLTYPE ) values ( 'DC_E_CUDB:((3)):DC_E_CUDB_RSASUBS:DAY', 'NSUBSRSA44', 144, 'numeric', 18, 8, 255, 1, '', 'Number of subscribers registered in CUDB due to the HLR application having the RSA44 associated', 'NSUBSRSA44.actual', 'DC_E_CUDB:((FINAL))', 0, 1, 'COUNTER' );
insert into Measurementcolumn ( MTABLEID, DATANAME, COLNUMBER, DATATYPE, DATASIZE, DATASCALE, UNIQUEVALUE, NULLABLE, INDEXES, DESCRIPTION, DATAID, RELEASEID, UNIQUEKEY, INCLUDESQL, COLTYPE ) values ( 'DC_E_CUDB:((3)):DC_E_CUDB_RSASUBS:DAY', 'NSUBSRSA45', 145, 'numeric', 18, 8, 255, 1, '', 'Number of subscribers registered in CUDB due to the HLR application having the RSA45 associated', 'NSUBSRSA45.actual', 'DC_E_CUDB:((FINAL))', 0, 1, 'COUNTER' );
insert into Measurementcolumn ( MTABLEID, DATANAME, COLNUMBER, DATATYPE, DATASIZE, DATASCALE, UNIQUEVALUE, NULLABLE, INDEXES, DESCRIPTION, DATAID, RELEASEID, UNIQUEKEY, INCLUDESQL, COLTYPE ) values ( 'DC_E_CUDB:((3)):DC_E_CUDB_RSASUBS:DAY', 'NSUBSRSA46', 146, 'numeric', 18, 8, 255, 1, '', 'Number of subscribers registered in CUDB due to the HLR application having the RSA46 associated', 'NSUBSRSA46.actual', 'DC_E_CUDB:((FINAL))', 0, 1, 'COUNTER' );
insert into Measurementcolumn ( MTABLEID, DATANAME, COLNUMBER, DATATYPE, DATASIZE, DATASCALE, UNIQUEVALUE, NULLABLE, INDEXES, DESCRIPTION, DATAID, RELEASEID, UNIQUEKEY, INCLUDESQL, COLTYPE ) values ( 'DC_E_CUDB:((3)):DC_E_CUDB_RSASUBS:DAY', 'NSUBSRSA47', 147, 'numeric', 18, 8, 255, 1, '', 'Number of subscribers registered in CUDB due to the HLR application having the RSA47 associated', 'NSUBSRSA47.actual', 'DC_E_CUDB:((FINAL))', 0, 1, 'COUNTER' );
insert into Measurementcolumn ( MTABLEID, DATANAME, COLNUMBER, DATATYPE, DATASIZE, DATASCALE, UNIQUEVALUE, NULLABLE, INDEXES, DESCRIPTION, DATAID, RELEASEID, UNIQUEKEY, INCLUDESQL, COLTYPE ) values ( 'DC_E_CUDB:((3)):DC_E_CUDB_RSASUBS:DAY', 'NSUBSRSA48', 148, 'numeric', 18, 8, 255, 1, '', 'Number of subscribers registered in CUDB due to the HLR application having the RSA48 associated', 'NSUBSRSA48.actual', 'DC_E_CUDB:((FINAL))', 0, 1, 'COUNTER' );
insert into Measurementcolumn ( MTABLEID, DATANAME, COLNUMBER, DATATYPE, DATASIZE, DATASCALE, UNIQUEVALUE, NULLABLE, INDEXES, DESCRIPTION, DATAID, RELEASEID, UNIQUEKEY, INCLUDESQL, COLTYPE ) values ( 'DC_E_CUDB:((3)):DC_E_CUDB_RSASUBS:DAY', 'NSUBSRSA49', 149, 'numeric', 18, 8, 255, 1, '', 'Number of subscribers registered in CUDB due to the HLR application having the RSA49 associated', 'NSUBSRSA49.actual', 'DC_E_CUDB:((FINAL))', 0, 1, 'COUNTER' );
insert into Measurementcolumn ( MTABLEID, DATANAME, COLNUMBER, DATATYPE, DATASIZE, DATASCALE, UNIQUEVALUE, NULLABLE, INDEXES, DESCRIPTION, DATAID, RELEASEID, UNIQUEKEY, INCLUDESQL, COLTYPE ) values ( 'DC_E_CUDB:((3)):DC_E_CUDB_RSASUBS:DAY', 'NSUBSRSA5', 105, 'numeric', 18, 8, 255, 1, '', 'Number of subscribers registered in CUDB due to the HLR application having the RSA5 associated', 'NSUBSRSA5.actual', 'DC_E_CUDB:((FINAL))', 0, 1, 'COUNTER' );
insert into Measurementcolumn ( MTABLEID, DATANAME, COLNUMBER, DATATYPE, DATASIZE, DATASCALE, UNIQUEVALUE, NULLABLE, INDEXES, DESCRIPTION, DATAID, RELEASEID, UNIQUEKEY, INCLUDESQL, COLTYPE ) values ( 'DC_E_CUDB:((3)):DC_E_CUDB_RSASUBS:DAY', 'NSUBSRSA50', 150, 'numeric', 18, 8, 255, 1, '', 'Number of subscribers registered in CUDB due to the HLR application having the RSA50 associated', 'NSUBSRSA50.actual', 'DC_E_CUDB:((FINAL))', 0, 1, 'COUNTER' );
insert into Measurementcolumn ( MTABLEID, DATANAME, COLNUMBER, DATATYPE, DATASIZE, DATASCALE, UNIQUEVALUE, NULLABLE, INDEXES, DESCRIPTION, DATAID, RELEASEID, UNIQUEKEY, INCLUDESQL, COLTYPE ) values ( 'DC_E_CUDB:((3)):DC_E_CUDB_RSASUBS:DAY', 'NSUBSRSA51', 151, 'numeric', 18, 8, 255, 1, '', 'Number of subscribers registered in CUDB due to the HLR application having the RSA51 associated', 'NSUBSRSA51.actual', 'DC_E_CUDB:((FINAL))', 0, 1, 'COUNTER' );
insert into Measurementcolumn ( MTABLEID, DATANAME, COLNUMBER, DATATYPE, DATASIZE, DATASCALE, UNIQUEVALUE, NULLABLE, INDEXES, DESCRIPTION, DATAID, RELEASEID, UNIQUEKEY, INCLUDESQL, COLTYPE ) values ( 'DC_E_CUDB:((3)):DC_E_CUDB_RSASUBS:DAY', 'NSUBSRSA52', 152, 'numeric', 18, 8, 255, 1, '', 'Number of subscribers registered in CUDB due to the HLR application having the RSA52 associated', 'NSUBSRSA52.actual', 'DC_E_CUDB:((FINAL))', 0, 1, 'COUNTER' );
insert into Measurementcolumn ( MTABLEID, DATANAME, COLNUMBER, DATATYPE, DATASIZE, DATASCALE, UNIQUEVALUE, NULLABLE, INDEXES, DESCRIPTION, DATAID, RELEASEID, UNIQUEKEY, INCLUDESQL, COLTYPE ) values ( 'DC_E_CUDB:((3)):DC_E_CUDB_RSASUBS:DAY', 'NSUBSRSA53', 153, 'numeric', 18, 8, 255, 1, '', 'Number of subscribers registered in CUDB due to the HLR application having the RSA53 associated', 'NSUBSRSA53.actual', 'DC_E_CUDB:((FINAL))', 0, 1, 'COUNTER' );
insert into Measurementcolumn ( MTABLEID, DATANAME, COLNUMBER, DATATYPE, DATASIZE, DATASCALE, UNIQUEVALUE, NULLABLE, INDEXES, DESCRIPTION, DATAID, RELEASEID, UNIQUEKEY, INCLUDESQL, COLTYPE ) values ( 'DC_E_CUDB:((3)):DC_E_CUDB_RSASUBS:DAY', 'NSUBSRSA54', 154, 'numeric', 18, 8, 255, 1, '', 'Number of subscribers registered in CUDB due to the HLR application having the RSA54 associated', 'NSUBSRSA54.actual', 'DC_E_CUDB:((FINAL))', 0, 1, 'COUNTER' );
insert into Measurementcolumn ( MTABLEID, DATANAME, COLNUMBER, DATATYPE, DATASIZE, DATASCALE, UNIQUEVALUE, NULLABLE, INDEXES, DESCRIPTION, DATAID, RELEASEID, UNIQUEKEY, INCLUDESQL, COLTYPE ) values ( 'DC_E_CUDB:((3)):DC_E_CUDB_RSASUBS:DAY', 'NSUBSRSA55', 155, 'numeric', 18, 8, 255, 1, '', 'Number of subscribers registered in CUDB due to the HLR application having the RSA55 associated', 'NSUBSRSA55.actual', 'DC_E_CUDB:((FINAL))', 0, 1, 'COUNTER' );
insert into Measurementcolumn ( MTABLEID, DATANAME, COLNUMBER, DATATYPE, DATASIZE, DATASCALE, UNIQUEVALUE, NULLABLE, INDEXES, DESCRIPTION, DATAID, RELEASEID, UNIQUEKEY, INCLUDESQL, COLTYPE ) values ( 'DC_E_CUDB:((3)):DC_E_CUDB_RSASUBS:DAY', 'NSUBSRSA56', 156, 'numeric', 18, 8, 255, 1, '', 'Number of subscribers registered in CUDB due to the HLR application having the RSA56 associated', 'NSUBSRSA56.actual', 'DC_E_CUDB:((FINAL))', 0, 1, 'COUNTER' );
insert into Measurementcolumn ( MTABLEID, DATANAME, COLNUMBER, DATATYPE, DATASIZE, DATASCALE, UNIQUEVALUE, NULLABLE, INDEXES, DESCRIPTION, DATAID, RELEASEID, UNIQUEKEY, INCLUDESQL, COLTYPE ) values ( 'DC_E_CUDB:((3)):DC_E_CUDB_RSASUBS:DAY', 'NSUBSRSA57', 157, 'numeric', 18, 8, 255, 1, '', 'Number of subscribers registered in CUDB due to the HLR application having the RSA57 associated', 'NSUBSRSA57.actual', 'DC_E_CUDB:((FINAL))', 0, 1, 'COUNTER' );
insert into Measurementcolumn ( MTABLEID, DATANAME, COLNUMBER, DATATYPE, DATASIZE, DATASCALE, UNIQUEVALUE, NULLABLE, INDEXES, DESCRIPTION, DATAID, RELEASEID, UNIQUEKEY, INCLUDESQL, COLTYPE ) values ( 'DC_E_CUDB:((3)):DC_E_CUDB_RSASUBS:DAY', 'NSUBSRSA58', 158, 'numeric', 18, 8, 255, 1, '', 'Number of subscribers registered in CUDB due to the HLR application having the RSA58 associated', 'NSUBSRSA58.actual', 'DC_E_CUDB:((FINAL))', 0, 1, 'COUNTER' );
insert into Measurementcolumn ( MTABLEID, DATANAME, COLNUMBER, DATATYPE, DATASIZE, DATASCALE, UNIQUEVALUE, NULLABLE, INDEXES, DESCRIPTION, DATAID, RELEASEID, UNIQUEKEY, INCLUDESQL, COLTYPE ) values ( 'DC_E_CUDB:((3)):DC_E_CUDB_RSASUBS:DAY', 'NSUBSRSA59', 159, 'numeric', 18, 8, 255, 1, '', 'Number of subscribers registered in CUDB due to the HLR application having the RSA59 associated', 'NSUBSRSA59.actual', 'DC_E_CUDB:((FINAL))', 0, 1, 'COUNTER' );
insert into Measurementcolumn ( MTABLEID, DATANAME, COLNUMBER, DATATYPE, DATASIZE, DATASCALE, UNIQUEVALUE, NULLABLE, INDEXES, DESCRIPTION, DATAID, RELEASEID, UNIQUEKEY, INCLUDESQL, COLTYPE ) values ( 'DC_E_CUDB:((3)):DC_E_CUDB_RSASUBS:DAY', 'NSUBSRSA6', 106, 'numeric', 18, 8, 255, 1, '', 'Number of subscribers registered in CUDB due to the HLR application having the RSA6 associated', 'NSUBSRSA6.actual', 'DC_E_CUDB:((FINAL))', 0, 1, 'COUNTER' );
insert into Measurementcolumn ( MTABLEID, DATANAME, COLNUMBER, DATATYPE, DATASIZE, DATASCALE, UNIQUEVALUE, NULLABLE, INDEXES, DESCRIPTION, DATAID, RELEASEID, UNIQUEKEY, INCLUDESQL, COLTYPE ) values ( 'DC_E_CUDB:((3)):DC_E_CUDB_RSASUBS:DAY', 'NSUBSRSA60', 160, 'numeric', 18, 8, 255, 1, '', 'Number of subscribers registered in CUDB due to the HLR application having the RSA60 associated', 'NSUBSRSA60.actual', 'DC_E_CUDB:((FINAL))', 0, 1, 'COUNTER' );
insert into Measurementcolumn ( MTABLEID, DATANAME, COLNUMBER, DATATYPE, DATASIZE, DATASCALE, UNIQUEVALUE, NULLABLE, INDEXES, DESCRIPTION, DATAID, RELEASEID, UNIQUEKEY, INCLUDESQL, COLTYPE ) values ( 'DC_E_CUDB:((3)):DC_E_CUDB_RSASUBS:DAY', 'NSUBSRSA61', 161, 'numeric', 18, 8, 255, 1, '', 'Number of subscribers registered in CUDB due to the HLR application having the RSA61 associated', 'NSUBSRSA61.actual', 'DC_E_CUDB:((FINAL))', 0, 1, 'COUNTER' );
insert into Measurementcolumn ( MTABLEID, DATANAME, COLNUMBER, DATATYPE, DATASIZE, DATASCALE, UNIQUEVALUE, NULLABLE, INDEXES, DESCRIPTION, DATAID, RELEASEID, UNIQUEKEY, INCLUDESQL, COLTYPE ) values ( 'DC_E_CUDB:((3)):DC_E_CUDB_RSASUBS:DAY', 'NSUBSRSA62', 162, 'numeric', 18, 8, 255, 1, '', 'Number of subscribers registered in CUDB due to the HLR application having the RSA62 associated', 'NSUBSRSA62.actual', 'DC_E_CUDB:((FINAL))', 0, 1, 'COUNTER' );
insert into Measurementcolumn ( MTABLEID, DATANAME, COLNUMBER, DATATYPE, DATASIZE, DATASCALE, UNIQUEVALUE, NULLABLE, INDEXES, DESCRIPTION, DATAID, RELEASEID, UNIQUEKEY, INCLUDESQL, COLTYPE ) values ( 'DC_E_CUDB:((3)):DC_E_CUDB_RSASUBS:DAY', 'NSUBSRSA63', 163, 'numeric', 18, 8, 255, 1, '', 'Number of subscribers registered in CUDB due to the HLR application having the RSA63 associated', 'NSUBSRSA63.actual', 'DC_E_CUDB:((FINAL))', 0, 1, 'COUNTER' );
insert into Measurementcolumn ( MTABLEID, DATANAME, COLNUMBER, DATATYPE, DATASIZE, DATASCALE, UNIQUEVALUE, NULLABLE, INDEXES, DESCRIPTION, DATAID, RELEASEID, UNIQUEKEY, INCLUDESQL, COLTYPE ) values ( 'DC_E_CUDB:((3)):DC_E_CUDB_RSASUBS:DAY', 'NSUBSRSA64', 164, 'numeric', 18, 8, 255, 1, '', 'Number of subscribers registered in CUDB due to the HLR application having the RSA64 associated', 'NSUBSRSA64.actual', 'DC_E_CUDB:((FINAL))', 0, 1, 'COUNTER' );
insert into Measurementcolumn ( MTABLEID, DATANAME, COLNUMBER, DATATYPE, DATASIZE, DATASCALE, UNIQUEVALUE, NULLABLE, INDEXES, DESCRIPTION, DATAID, RELEASEID, UNIQUEKEY, INCLUDESQL, COLTYPE ) values ( 'DC_E_CUDB:((3)):DC_E_CUDB_RSASUBS:DAY', 'NSUBSRSA65', 165, 'numeric', 18, 8, 255, 1, '', 'Number of subscribers registered in CUDB due to the HLR application having the RSA65 associated', 'NSUBSRSA65.actual', 'DC_E_CUDB:((FINAL))', 0, 1, 'COUNTER' );
insert into Measurementcolumn ( MTABLEID, DATANAME, COLNUMBER, DATATYPE, DATASIZE, DATASCALE, UNIQUEVALUE, NULLABLE, INDEXES, DESCRIPTION, DATAID, RELEASEID, UNIQUEKEY, INCLUDESQL, COLTYPE ) values ( 'DC_E_CUDB:((3)):DC_E_CUDB_RSASUBS:DAY', 'NSUBSRSA66', 166, 'numeric', 18, 8, 255, 1, '', 'Number of subscribers registered in CUDB due to the HLR application having the RSA66 associated', 'NSUBSRSA66.actual', 'DC_E_CUDB:((FINAL))', 0, 1, 'COUNTER' );
insert into Measurementcolumn ( MTABLEID, DATANAME, COLNUMBER, DATATYPE, DATASIZE, DATASCALE, UNIQUEVALUE, NULLABLE, INDEXES, DESCRIPTION, DATAID, RELEASEID, UNIQUEKEY, INCLUDESQL, COLTYPE ) values ( 'DC_E_CUDB:((3)):DC_E_CUDB_RSASUBS:DAY', 'NSUBSRSA67', 167, 'numeric', 18, 8, 255, 1, '', 'Number of subscribers registered in CUDB due to the HLR application having the RSA67 associated', 'NSUBSRSA67.actual', 'DC_E_CUDB:((FINAL))', 0, 1, 'COUNTER' );
insert into Measurementcolumn ( MTABLEID, DATANAME, COLNUMBER, DATATYPE, DATASIZE, DATASCALE, UNIQUEVALUE, NULLABLE, INDEXES, DESCRIPTION, DATAID, RELEASEID, UNIQUEKEY, INCLUDESQL, COLTYPE ) values ( 'DC_E_CUDB:((3)):DC_E_CUDB_RSASUBS:DAY', 'NSUBSRSA68', 168, 'numeric', 18, 8, 255, 1, '', 'Number of subscribers registered in CUDB due to the HLR application having the RSA68 associated', 'NSUBSRSA68.actual', 'DC_E_CUDB:((FINAL))', 0, 1, 'COUNTER' );
insert into Measurementcolumn ( MTABLEID, DATANAME, COLNUMBER, DATATYPE, DATASIZE, DATASCALE, UNIQUEVALUE, NULLABLE, INDEXES, DESCRIPTION, DATAID, RELEASEID, UNIQUEKEY, INCLUDESQL, COLTYPE ) values ( 'DC_E_CUDB:((3)):DC_E_CUDB_RSASUBS:DAY', 'NSUBSRSA69', 169, 'numeric', 18, 8, 255, 1, '', 'Number of subscribers registered in CUDB due to the HLR application having the RSA69 associated', 'NSUBSRSA69.actual', 'DC_E_CUDB:((FINAL))', 0, 1, 'COUNTER' );
insert into Measurementcolumn ( MTABLEID, DATANAME, COLNUMBER, DATATYPE, DATASIZE, DATASCALE, UNIQUEVALUE, NULLABLE, INDEXES, DESCRIPTION, DATAID, RELEASEID, UNIQUEKEY, INCLUDESQL, COLTYPE ) values ( 'DC_E_CUDB:((3)):DC_E_CUDB_RSASUBS:DAY', 'NSUBSRSA7', 107, 'numeric', 18, 8, 255, 1, '', 'Number of subscribers registered in CUDB due to the HLR application having the RSA7 associated', 'NSUBSRSA7.actual', 'DC_E_CUDB:((FINAL))', 0, 1, 'COUNTER' );
insert into Measurementcolumn ( MTABLEID, DATANAME, COLNUMBER, DATATYPE, DATASIZE, DATASCALE, UNIQUEVALUE, NULLABLE, INDEXES, DESCRIPTION, DATAID, RELEASEID, UNIQUEKEY, INCLUDESQL, COLTYPE ) values ( 'DC_E_CUDB:((3)):DC_E_CUDB_RSASUBS:DAY', 'NSUBSRSA70', 170, 'numeric', 18, 8, 255, 1, '', 'Number of subscribers registered in CUDB due to the HLR application having the RSA70 associated', 'NSUBSRSA70.actual', 'DC_E_CUDB:((FINAL))', 0, 1, 'COUNTER' );
insert into Measurementcolumn ( MTABLEID, DATANAME, COLNUMBER, DATATYPE, DATASIZE, DATASCALE, UNIQUEVALUE, NULLABLE, INDEXES, DESCRIPTION, DATAID, RELEASEID, UNIQUEKEY, INCLUDESQL, COLTYPE ) values ( 'DC_E_CUDB:((3)):DC_E_CUDB_RSASUBS:DAY', 'NSUBSRSA71', 171, 'numeric', 18, 8, 255, 1, '', 'Number of subscribers registered in CUDB due to the HLR application having the RSA71 associated', 'NSUBSRSA71.actual', 'DC_E_CUDB:((FINAL))', 0, 1, 'COUNTER' );
insert into Measurementcolumn ( MTABLEID, DATANAME, COLNUMBER, DATATYPE, DATASIZE, DATASCALE, UNIQUEVALUE, NULLABLE, INDEXES, DESCRIPTION, DATAID, RELEASEID, UNIQUEKEY, INCLUDESQL, COLTYPE ) values ( 'DC_E_CUDB:((3)):DC_E_CUDB_RSASUBS:DAY', 'NSUBSRSA72', 172, 'numeric', 18, 8, 255, 1, '', 'Number of subscribers registered in CUDB due to the HLR application having the RSA72 associated', 'NSUBSRSA72.actual', 'DC_E_CUDB:((FINAL))', 0, 1, 'COUNTER' );
insert into Measurementcolumn ( MTABLEID, DATANAME, COLNUMBER, DATATYPE, DATASIZE, DATASCALE, UNIQUEVALUE, NULLABLE, INDEXES, DESCRIPTION, DATAID, RELEASEID, UNIQUEKEY, INCLUDESQL, COLTYPE ) values ( 'DC_E_CUDB:((3)):DC_E_CUDB_RSASUBS:DAY', 'NSUBSRSA73', 173, 'numeric', 18, 8, 255, 1, '', 'Number of subscribers registered in CUDB due to the HLR application having the RSA73 associated', 'NSUBSRSA73.actual', 'DC_E_CUDB:((FINAL))', 0, 1, 'COUNTER' );
insert into Measurementcolumn ( MTABLEID, DATANAME, COLNUMBER, DATATYPE, DATASIZE, DATASCALE, UNIQUEVALUE, NULLABLE, INDEXES, DESCRIPTION, DATAID, RELEASEID, UNIQUEKEY, INCLUDESQL, COLTYPE ) values ( 'DC_E_CUDB:((3)):DC_E_CUDB_RSASUBS:DAY', 'NSUBSRSA74', 174, 'numeric', 18, 8, 255, 1, '', 'Number of subscribers registered in CUDB due to the HLR application having the RSA74 associated', 'NSUBSRSA74.actual', 'DC_E_CUDB:((FINAL))', 0, 1, 'COUNTER' );
insert into Measurementcolumn ( MTABLEID, DATANAME, COLNUMBER, DATATYPE, DATASIZE, DATASCALE, UNIQUEVALUE, NULLABLE, INDEXES, DESCRIPTION, DATAID, RELEASEID, UNIQUEKEY, INCLUDESQL, COLTYPE ) values ( 'DC_E_CUDB:((3)):DC_E_CUDB_RSASUBS:DAY', 'NSUBSRSA75', 175, 'numeric', 18, 8, 255, 1, '', 'Number of subscribers registered in CUDB due to the HLR application having the RSA75 associated', 'NSUBSRSA75.actual', 'DC_E_CUDB:((FINAL))', 0, 1, 'COUNTER' );
insert into Measurementcolumn ( MTABLEID, DATANAME, COLNUMBER, DATATYPE, DATASIZE, DATASCALE, UNIQUEVALUE, NULLABLE, INDEXES, DESCRIPTION, DATAID, RELEASEID, UNIQUEKEY, INCLUDESQL, COLTYPE ) values ( 'DC_E_CUDB:((3)):DC_E_CUDB_RSASUBS:DAY', 'NSUBSRSA76', 176, 'numeric', 18, 8, 255, 1, '', 'Number of subscribers registered in CUDB due to the HLR application having the RSA76 associated', 'NSUBSRSA76.actual', 'DC_E_CUDB:((FINAL))', 0, 1, 'COUNTER' );
insert into Measurementcolumn ( MTABLEID, DATANAME, COLNUMBER, DATATYPE, DATASIZE, DATASCALE, UNIQUEVALUE, NULLABLE, INDEXES, DESCRIPTION, DATAID, RELEASEID, UNIQUEKEY, INCLUDESQL, COLTYPE ) values ( 'DC_E_CUDB:((3)):DC_E_CUDB_RSASUBS:DAY', 'NSUBSRSA77', 177, 'numeric', 18, 8, 255, 1, '', 'Number of subscribers registered in CUDB due to the HLR application having the RSA77 associated', 'NSUBSRSA77.actual', 'DC_E_CUDB:((FINAL))', 0, 1, 'COUNTER' );
insert into Measurementcolumn ( MTABLEID, DATANAME, COLNUMBER, DATATYPE, DATASIZE, DATASCALE, UNIQUEVALUE, NULLABLE, INDEXES, DESCRIPTION, DATAID, RELEASEID, UNIQUEKEY, INCLUDESQL, COLTYPE ) values ( 'DC_E_CUDB:((3)):DC_E_CUDB_RSASUBS:DAY', 'NSUBSRSA78', 178, 'numeric', 18, 8, 255, 1, '', 'Number of subscribers registered in CUDB due to the HLR application having the RSA78 associated', 'NSUBSRSA78.actual', 'DC_E_CUDB:((FINAL))', 0, 1, 'COUNTER' );
insert into Measurementcolumn ( MTABLEID, DATANAME, COLNUMBER, DATATYPE, DATASIZE, DATASCALE, UNIQUEVALUE, NULLABLE, INDEXES, DESCRIPTION, DATAID, RELEASEID, UNIQUEKEY, INCLUDESQL, COLTYPE ) values ( 'DC_E_CUDB:((3)):DC_E_CUDB_RSASUBS:DAY', 'NSUBSRSA79', 179, 'numeric', 18, 8, 255, 1, '', 'Number of subscribers registered in CUDB due to the HLR application having the RSA79 associated', 'NSUBSRSA79.actual', 'DC_E_CUDB:((FINAL))', 0, 1, 'COUNTER' );
insert into Measurementcolumn ( MTABLEID, DATANAME, COLNUMBER, DATATYPE, DATASIZE, DATASCALE, UNIQUEVALUE, NULLABLE, INDEXES, DESCRIPTION, DATAID, RELEASEID, UNIQUEKEY, INCLUDESQL, COLTYPE ) values ( 'DC_E_CUDB:((3)):DC_E_CUDB_RSASUBS:DAY', 'NSUBSRSA8', 108, 'numeric', 18, 8, 255, 1, '', 'Number of subscribers registered in CUDB due to the HLR application having the RSA8 associated', 'NSUBSRSA8.actual', 'DC_E_CUDB:((FINAL))', 0, 1, 'COUNTER' );
insert into Measurementcolumn ( MTABLEID, DATANAME, COLNUMBER, DATATYPE, DATASIZE, DATASCALE, UNIQUEVALUE, NULLABLE, INDEXES, DESCRIPTION, DATAID, RELEASEID, UNIQUEKEY, INCLUDESQL, COLTYPE ) values ( 'DC_E_CUDB:((3)):DC_E_CUDB_RSASUBS:DAY', 'NSUBSRSA80', 180, 'numeric', 18, 8, 255, 1, '', 'Number of subscribers registered in CUDB due to the HLR application having the RSA80 associated', 'NSUBSRSA80.actual', 'DC_E_CUDB:((FINAL))', 0, 1, 'COUNTER' );
insert into Measurementcolumn ( MTABLEID, DATANAME, COLNUMBER, DATATYPE, DATASIZE, DATASCALE, UNIQUEVALUE, NULLABLE, INDEXES, DESCRIPTION, DATAID, RELEASEID, UNIQUEKEY, INCLUDESQL, COLTYPE ) values ( 'DC_E_CUDB:((3)):DC_E_CUDB_RSASUBS:DAY', 'NSUBSRSA81', 181, 'numeric', 18, 8, 255, 1, '', 'Number of subscribers registered in CUDB due to the HLR application having the RSA81 associated', 'NSUBSRSA81.actual', 'DC_E_CUDB:((FINAL))', 0, 1, 'COUNTER' );
insert into Measurementcolumn ( MTABLEID, DATANAME, COLNUMBER, DATATYPE, DATASIZE, DATASCALE, UNIQUEVALUE, NULLABLE, INDEXES, DESCRIPTION, DATAID, RELEASEID, UNIQUEKEY, INCLUDESQL, COLTYPE ) values ( 'DC_E_CUDB:((3)):DC_E_CUDB_RSASUBS:DAY', 'NSUBSRSA82', 182, 'numeric', 18, 8, 255, 1, '', 'Number of subscribers registered in CUDB due to the HLR application having the RSA82 associated', 'NSUBSRSA82.actual', 'DC_E_CUDB:((FINAL))', 0, 1, 'COUNTER' );
insert into Measurementcolumn ( MTABLEID, DATANAME, COLNUMBER, DATATYPE, DATASIZE, DATASCALE, UNIQUEVALUE, NULLABLE, INDEXES, DESCRIPTION, DATAID, RELEASEID, UNIQUEKEY, INCLUDESQL, COLTYPE ) values ( 'DC_E_CUDB:((3)):DC_E_CUDB_RSASUBS:DAY', 'NSUBSRSA83', 183, 'numeric', 18, 8, 255, 1, '', 'Number of subscribers registered in CUDB due to the HLR application having the RSA83 associated', 'NSUBSRSA83.actual', 'DC_E_CUDB:((FINAL))', 0, 1, 'COUNTER' );
insert into Measurementcolumn ( MTABLEID, DATANAME, COLNUMBER, DATATYPE, DATASIZE, DATASCALE, UNIQUEVALUE, NULLABLE, INDEXES, DESCRIPTION, DATAID, RELEASEID, UNIQUEKEY, INCLUDESQL, COLTYPE ) values ( 'DC_E_CUDB:((3)):DC_E_CUDB_RSASUBS:DAY', 'NSUBSRSA84', 184, 'numeric', 18, 8, 255, 1, '', 'Number of subscribers registered in CUDB due to the HLR application having the RSA84 associated', 'NSUBSRSA84.actual', 'DC_E_CUDB:((FINAL))', 0, 1, 'COUNTER' );
insert into Measurementcolumn ( MTABLEID, DATANAME, COLNUMBER, DATATYPE, DATASIZE, DATASCALE, UNIQUEVALUE, NULLABLE, INDEXES, DESCRIPTION, DATAID, RELEASEID, UNIQUEKEY, INCLUDESQL, COLTYPE ) values ( 'DC_E_CUDB:((3)):DC_E_CUDB_RSASUBS:DAY', 'NSUBSRSA85', 185, 'numeric', 18, 8, 255, 1, '', 'Number of subscribers registered in CUDB due to the HLR application having the RSA85 associated', 'NSUBSRSA85.actual', 'DC_E_CUDB:((FINAL))', 0, 1, 'COUNTER' );
insert into Measurementcolumn ( MTABLEID, DATANAME, COLNUMBER, DATATYPE, DATASIZE, DATASCALE, UNIQUEVALUE, NULLABLE, INDEXES, DESCRIPTION, DATAID, RELEASEID, UNIQUEKEY, INCLUDESQL, COLTYPE ) values ( 'DC_E_CUDB:((3)):DC_E_CUDB_RSASUBS:DAY', 'NSUBSRSA86', 186, 'numeric', 18, 8, 255, 1, '', 'Number of subscribers registered in CUDB due to the HLR application having the RSA86 associated', 'NSUBSRSA86.actual', 'DC_E_CUDB:((FINAL))', 0, 1, 'COUNTER' );
insert into Measurementcolumn ( MTABLEID, DATANAME, COLNUMBER, DATATYPE, DATASIZE, DATASCALE, UNIQUEVALUE, NULLABLE, INDEXES, DESCRIPTION, DATAID, RELEASEID, UNIQUEKEY, INCLUDESQL, COLTYPE ) values ( 'DC_E_CUDB:((3)):DC_E_CUDB_RSASUBS:DAY', 'NSUBSRSA87', 187, 'numeric', 18, 8, 255, 1, '', 'Number of subscribers registered in CUDB due to the HLR application having the RSA87 associated', 'NSUBSRSA87.actual', 'DC_E_CUDB:((FINAL))', 0, 1, 'COUNTER' );
insert into Measurementcolumn ( MTABLEID, DATANAME, COLNUMBER, DATATYPE, DATASIZE, DATASCALE, UNIQUEVALUE, NULLABLE, INDEXES, DESCRIPTION, DATAID, RELEASEID, UNIQUEKEY, INCLUDESQL, COLTYPE ) values ( 'DC_E_CUDB:((3)):DC_E_CUDB_RSASUBS:DAY', 'NSUBSRSA88', 188, 'numeric', 18, 8, 255, 1, '', 'Number of subscribers registered in CUDB due to the HLR application having the RSA88 associated', 'NSUBSRSA88.actual', 'DC_E_CUDB:((FINAL))', 0, 1, 'COUNTER' );
insert into Measurementcolumn ( MTABLEID, DATANAME, COLNUMBER, DATATYPE, DATASIZE, DATASCALE, UNIQUEVALUE, NULLABLE, INDEXES, DESCRIPTION, DATAID, RELEASEID, UNIQUEKEY, INCLUDESQL, COLTYPE ) values ( 'DC_E_CUDB:((3)):DC_E_CUDB_RSASUBS:DAY', 'NSUBSRSA89', 189, 'numeric', 18, 8, 255, 1, '', 'Number of subscribers registered in CUDB due to the HLR application having the RSA89 associated', 'NSUBSRSA89.actual', 'DC_E_CUDB:((FINAL))', 0, 1, 'COUNTER' );
insert into Measurementcolumn ( MTABLEID, DATANAME, COLNUMBER, DATATYPE, DATASIZE, DATASCALE, UNIQUEVALUE, NULLABLE, INDEXES, DESCRIPTION, DATAID, RELEASEID, UNIQUEKEY, INCLUDESQL, COLTYPE ) values ( 'DC_E_CUDB:((3)):DC_E_CUDB_RSASUBS:DAY', 'NSUBSRSA9', 109, 'numeric', 18, 8, 255, 1, '', 'Number of subscribers registered in CUDB due to the HLR application having the RSA9 associated', 'NSUBSRSA9.actual', 'DC_E_CUDB:((FINAL))', 0, 1, 'COUNTER' );
insert into Measurementcolumn ( MTABLEID, DATANAME, COLNUMBER, DATATYPE, DATASIZE, DATASCALE, UNIQUEVALUE, NULLABLE, INDEXES, DESCRIPTION, DATAID, RELEASEID, UNIQUEKEY, INCLUDESQL, COLTYPE ) values ( 'DC_E_CUDB:((3)):DC_E_CUDB_RSASUBS:DAY', 'NSUBSRSA90', 190, 'numeric', 18, 8, 255, 1, '', 'Number of subscribers registered in CUDB due to the HLR application having the RSA90 associated', 'NSUBSRSA90.actual', 'DC_E_CUDB:((FINAL))', 0, 1, 'COUNTER' );
insert into Measurementcolumn ( MTABLEID, DATANAME, COLNUMBER, DATATYPE, DATASIZE, DATASCALE, UNIQUEVALUE, NULLABLE, INDEXES, DESCRIPTION, DATAID, RELEASEID, UNIQUEKEY, INCLUDESQL, COLTYPE ) values ( 'DC_E_CUDB:((3)):DC_E_CUDB_RSASUBS:DAY', 'NSUBSRSA91', 191, 'numeric', 18, 8, 255, 1, '', 'Number of subscribers registered in CUDB due to the HLR application having the RSA91 associated', 'NSUBSRSA91.actual', 'DC_E_CUDB:((FINAL))', 0, 1, 'COUNTER' );
insert into Measurementcolumn ( MTABLEID, DATANAME, COLNUMBER, DATATYPE, DATASIZE, DATASCALE, UNIQUEVALUE, NULLABLE, INDEXES, DESCRIPTION, DATAID, RELEASEID, UNIQUEKEY, INCLUDESQL, COLTYPE ) values ( 'DC_E_CUDB:((3)):DC_E_CUDB_RSASUBS:DAY', 'NSUBSRSA92', 192, 'numeric', 18, 8, 255, 1, '', 'Number of subscribers registered in CUDB due to the HLR application having the RSA92 associated', 'NSUBSRSA92.actual', 'DC_E_CUDB:((FINAL))', 0, 1, 'COUNTER' );
insert into Measurementcolumn ( MTABLEID, DATANAME, COLNUMBER, DATATYPE, DATASIZE, DATASCALE, UNIQUEVALUE, NULLABLE, INDEXES, DESCRIPTION, DATAID, RELEASEID, UNIQUEKEY, INCLUDESQL, COLTYPE ) values ( 'DC_E_CUDB:((3)):DC_E_CUDB_RSASUBS:DAY', 'NSUBSRSA93', 193, 'numeric', 18, 8, 255, 1, '', 'Number of subscribers registered in CUDB due to the HLR application having the RSA93 associated', 'NSUBSRSA93.actual', 'DC_E_CUDB:((FINAL))', 0, 1, 'COUNTER' );
insert into Measurementcolumn ( MTABLEID, DATANAME, COLNUMBER, DATATYPE, DATASIZE, DATASCALE, UNIQUEVALUE, NULLABLE, INDEXES, DESCRIPTION, DATAID, RELEASEID, UNIQUEKEY, INCLUDESQL, COLTYPE ) values ( 'DC_E_CUDB:((3)):DC_E_CUDB_RSASUBS:DAY', 'NSUBSRSA94', 194, 'numeric', 18, 8, 255, 1, '', 'Number of subscribers registered in CUDB due to the HLR application having the RSA94 associated', 'NSUBSRSA94.actual', 'DC_E_CUDB:((FINAL))', 0, 1, 'COUNTER' );
insert into Measurementcolumn ( MTABLEID, DATANAME, COLNUMBER, DATATYPE, DATASIZE, DATASCALE, UNIQUEVALUE, NULLABLE, INDEXES, DESCRIPTION, DATAID, RELEASEID, UNIQUEKEY, INCLUDESQL, COLTYPE ) values ( 'DC_E_CUDB:((3)):DC_E_CUDB_RSASUBS:DAY', 'NSUBSRSA95', 195, 'numeric', 18, 8, 255, 1, '', 'Number of subscribers registered in CUDB due to the HLR application having the RSA95 associated', 'NSUBSRSA95.actual', 'DC_E_CUDB:((FINAL))', 0, 1, 'COUNTER' );
insert into Measurementcolumn ( MTABLEID, DATANAME, COLNUMBER, DATATYPE, DATASIZE, DATASCALE, UNIQUEVALUE, NULLABLE, INDEXES, DESCRIPTION, DATAID, RELEASEID, UNIQUEKEY, INCLUDESQL, COLTYPE ) values ( 'DC_E_CUDB:((3)):DC_E_CUDB_RSASUBS:DAY', 'NSUBSRSA96', 196, 'numeric', 18, 8, 255, 1, '', 'Number of subscribers registered in CUDB due to the HLR application having the RSA96 associated', 'NSUBSRSA96.actual', 'DC_E_CUDB:((FINAL))', 0, 1, 'COUNTER' );
insert into Measurementcolumn ( MTABLEID, DATANAME, COLNUMBER, DATATYPE, DATASIZE, DATASCALE, UNIQUEVALUE, NULLABLE, INDEXES, DESCRIPTION, DATAID, RELEASEID, UNIQUEKEY, INCLUDESQL, COLTYPE ) values ( 'DC_E_CUDB:((3)):DC_E_CUDB_RSASUBS:DAY', 'NSUBSRSA97', 197, 'numeric', 18, 8, 255, 1, '', 'Number of subscribers registered in CUDB due to the HLR application having the RSA97 associated', 'NSUBSRSA97.actual', 'DC_E_CUDB:((FINAL))', 0, 1, 'COUNTER' );
insert into Measurementcolumn ( MTABLEID, DATANAME, COLNUMBER, DATATYPE, DATASIZE, DATASCALE, UNIQUEVALUE, NULLABLE, INDEXES, DESCRIPTION, DATAID, RELEASEID, UNIQUEKEY, INCLUDESQL, COLTYPE ) values ( 'DC_E_CUDB:((3)):DC_E_CUDB_RSASUBS:DAY', 'NSUBSRSA98', 198, 'numeric', 18, 8, 255, 1, '', 'Number of subscribers registered in CUDB due to the HLR application having the RSA98 associated', 'NSUBSRSA98.actual', 'DC_E_CUDB:((FINAL))', 0, 1, 'COUNTER' );
insert into Measurementcolumn ( MTABLEID, DATANAME, COLNUMBER, DATATYPE, DATASIZE, DATASCALE, UNIQUEVALUE, NULLABLE, INDEXES, DESCRIPTION, DATAID, RELEASEID, UNIQUEKEY, INCLUDESQL, COLTYPE ) values ( 'DC_E_CUDB:((3)):DC_E_CUDB_RSASUBS:DAY', 'NSUBSRSA99', 199, 'numeric', 18, 8, 255, 1, '', 'Number of subscribers registered in CUDB due to the HLR application having the RSA99 associated', 'NSUBSRSA99.actual', 'DC_E_CUDB:((FINAL))', 0, 1, 'COUNTER' );
insert into Measurementcolumn ( MTABLEID, DATANAME, COLNUMBER, DATATYPE, DATASIZE, DATASCALE, UNIQUEVALUE, NULLABLE, INDEXES, DESCRIPTION, DATAID, RELEASEID, UNIQUEKEY, INCLUDESQL, COLTYPE ) values ( 'DC_E_CUDB:((3)):DC_E_CUDB_RSASUBS:DAY', 'OSS_ID', 1, 'varchar', 50, 0, 255, 0, 'HG', 'OSS Id', 'OSS_ID', 'DC_E_CUDB:((FINAL))', 1, 1, 'KEY' );
insert into Measurementcolumn ( MTABLEID, DATANAME, COLNUMBER, DATATYPE, DATASIZE, DATASCALE, UNIQUEVALUE, NULLABLE, INDEXES, DESCRIPTION, DATAID, RELEASEID, UNIQUEKEY, INCLUDESQL, COLTYPE ) values ( 'DC_E_CUDB:((3)):DC_E_CUDB_RSASUBS:DAY', 'PERIOD_DURATION', 61, 'unsigned int', 0, 0, 10, 1, '', '', 'PERIOD_DURATION', 'BASE_TP_090421', 0, 1, null );
insert into Measurementcolumn ( MTABLEID, DATANAME, COLNUMBER, DATATYPE, DATASIZE, DATASCALE, UNIQUEVALUE, NULLABLE, INDEXES, DESCRIPTION, DATAID, RELEASEID, UNIQUEKEY, INCLUDESQL, COLTYPE ) values ( 'DC_E_CUDB:((3)):DC_E_CUDB_RSASUBS:DAY', 'ROWSTATUS', 62, 'varchar', 16, 0, 10, 1, '', '', 'ROWSTATUS', 'BASE_TP_090421', 0, 1, null );
insert into Measurementcolumn ( MTABLEID, DATANAME, COLNUMBER, DATATYPE, DATASIZE, DATASCALE, UNIQUEVALUE, NULLABLE, INDEXES, DESCRIPTION, DATAID, RELEASEID, UNIQUEKEY, INCLUDESQL, COLTYPE ) values ( 'DC_E_CUDB:((3)):DC_E_CUDB_RSASUBS:DAY', 'SESSION_ID', 59, 'unsigned int', 0, 0, 255, 1, '', '', 'SESSION_ID', 'BASE_TP_090421', 0, 0, null );
insert into Measurementcolumn ( MTABLEID, DATANAME, COLNUMBER, DATATYPE, DATASIZE, DATASCALE, UNIQUEVALUE, NULLABLE, INDEXES, DESCRIPTION, DATAID, RELEASEID, UNIQUEKEY, INCLUDESQL, COLTYPE ) values ( 'DC_E_CUDB:((3)):DC_E_CUDB_RSASUBS:DAY', 'TIMELEVEL', 58, 'varchar', 10, 0, 10, 1, 'LF', '', 'TIMELEVEL', 'BASE_TP_090421', 0, 0, null );
insert into Measurementcolumn ( MTABLEID, DATANAME, COLNUMBER, DATATYPE, DATASIZE, DATASCALE, UNIQUEVALUE, NULLABLE, INDEXES, DESCRIPTION, DATAID, RELEASEID, UNIQUEKEY, INCLUDESQL, COLTYPE ) values ( 'DC_E_CUDB:((3)):DC_E_CUDB_RSASUBS:DAY', 'WEEK_ID', 55, 'tinyint', 0, 0, 53, 1, 'LF', '', 'WEEK_ID', 'BASE_TP_090421', 0, 0, null );
insert into Measurementcolumn ( MTABLEID, DATANAME, COLNUMBER, DATATYPE, DATASIZE, DATASCALE, UNIQUEVALUE, NULLABLE, INDEXES, DESCRIPTION, DATAID, RELEASEID, UNIQUEKEY, INCLUDESQL, COLTYPE ) values ( 'DC_E_CUDB:((3)):DC_E_CUDB_RSASUBS:DAY', 'YEAR_ID', 52, 'smallint', 0, 0, 20, 1, 'LF', '', 'YEAR_ID', 'BASE_TP_090421', 0, 0, null );
insert into Measurementtable ( MTABLEID, TABLELEVEL, TYPEID, BASETABLENAME, DEFAULT_TEMPLATE, PARTITIONPLAN ) values ( 'DC_E_CUDB:((3)):DC_E_CUDB_RSASUBS:RAW', 'RAW', 'DC_E_CUDB:((3)):DC_E_CUDB_RSASUBS', 'DC_E_CUDB_RSASUBS_RAW', null, 'small_raw' );
insert into Measurementcolumn ( MTABLEID, DATANAME, COLNUMBER, DATATYPE, DATASIZE, DATASCALE, UNIQUEVALUE, NULLABLE, INDEXES, DESCRIPTION, DATAID, RELEASEID, UNIQUEKEY, INCLUDESQL, COLTYPE ) values ( 'DC_E_CUDB:((3)):DC_E_CUDB_RSASUBS:RAW', 'BATCH_ID', 60, 'smallint', 0, 0, 255, 1, '', '', 'BATCH_ID', 'BASE_TP_090421', 0, 0, null );
insert into Measurementcolumn ( MTABLEID, DATANAME, COLNUMBER, DATATYPE, DATASIZE, DATASCALE, UNIQUEVALUE, NULLABLE, INDEXES, DESCRIPTION, DATAID, RELEASEID, UNIQUEKEY, INCLUDESQL, COLTYPE ) values ( 'DC_E_CUDB:((3)):DC_E_CUDB_RSASUBS:RAW', 'DATE_ID', 51, 'date', 0, 0, 255, 1, 'LF', '', 'DATE_ID', 'BASE_TP_090421', 0, 0, null );
insert into Measurementcolumn ( MTABLEID, DATANAME, COLNUMBER, DATATYPE, DATASIZE, DATASCALE, UNIQUEVALUE, NULLABLE, INDEXES, DESCRIPTION, DATAID, RELEASEID, UNIQUEKEY, INCLUDESQL, COLTYPE ) values ( 'DC_E_CUDB:((3)):DC_E_CUDB_RSASUBS:RAW', 'DATETIME_ID', 56, 'datetime', 0, 0, 255, 1, 'HG', '', 'DATETIME_ID', 'BASE_TP_090421', 1, 1, null );
insert into Measurementcolumn ( MTABLEID, DATANAME, COLNUMBER, DATATYPE, DATASIZE, DATASCALE, UNIQUEVALUE, NULLABLE, INDEXES, DESCRIPTION, DATAID, RELEASEID, UNIQUEKEY, INCLUDESQL, COLTYPE ) values ( 'DC_E_CUDB:((3)):DC_E_CUDB_RSASUBS:RAW', 'DAY_ID', 54, 'tinyint', 0, 0, 31, 1, 'LF', '', 'DAY_ID', 'BASE_TP_090421', 0, 0, null );
insert into Measurementcolumn ( MTABLEID, DATANAME, COLNUMBER, DATATYPE, DATASIZE, DATASCALE, UNIQUEVALUE, NULLABLE, INDEXES, DESCRIPTION, DATAID, RELEASEID, UNIQUEKEY, INCLUDESQL, COLTYPE ) values ( 'DC_E_CUDB:((3)):DC_E_CUDB_RSASUBS:RAW', 'DC_RELEASE', 63, 'varchar', 16, 0, 2, 1, 'LF', '', 'DC_RELEASE', 'BASE_TP_090421', 0, 1, null );
insert into Measurementcolumn ( MTABLEID, DATANAME, COLNUMBER, DATATYPE, DATASIZE, DATASCALE, UNIQUEVALUE, NULLABLE, INDEXES, DESCRIPTION, DATAID, RELEASEID, UNIQUEKEY, INCLUDESQL, COLTYPE ) values ( 'DC_E_CUDB:((3)):DC_E_CUDB_RSASUBS:RAW', 'DC_SOURCE', 64, 'varchar', 16, 0, 2, 1, 'LF', '', 'DC_SOURCE', 'BASE_TP_090421', 0, 1, null );
insert into Measurementcolumn ( MTABLEID, DATANAME, COLNUMBER, DATATYPE, DATASIZE, DATASCALE, UNIQUEVALUE, NULLABLE, INDEXES, DESCRIPTION, DATAID, RELEASEID, UNIQUEKEY, INCLUDESQL, COLTYPE ) values ( 'DC_E_CUDB:((3)):DC_E_CUDB_RSASUBS:RAW', 'DC_SUSPECTFLAG', 66, 'int', 0, 0, 2, 1, 'LF', '', 'DC_SUSPECTFLAG', 'BASE_TP_090421', 0, 1, null );
insert into Measurementcolumn ( MTABLEID, DATANAME, COLNUMBER, DATATYPE, DATASIZE, DATASCALE, UNIQUEVALUE, NULLABLE, INDEXES, DESCRIPTION, DATAID, RELEASEID, UNIQUEKEY, INCLUDESQL, COLTYPE ) values ( 'DC_E_CUDB:((3)):DC_E_CUDB_RSASUBS:RAW', 'DC_TIMEZONE', 65, 'varchar', 16, 0, 2, 1, 'LF', '', 'DC_TIMEZONE', 'BASE_TP_090421', 0, 1, null );
insert into Measurementcolumn ( MTABLEID, DATANAME, COLNUMBER, DATATYPE, DATASIZE, DATASCALE, UNIQUEVALUE, NULLABLE, INDEXES, DESCRIPTION, DATAID, RELEASEID, UNIQUEKEY, INCLUDESQL, COLTYPE ) values ( 'DC_E_CUDB:((3)):DC_E_CUDB_RSASUBS:RAW', 'HOUR_ID', 55, 'tinyint', 0, 0, 24, 1, 'LF', '', 'HOUR_ID', 'BASE_TP_090421', 0, 0, null );
insert into Measurementcolumn ( MTABLEID, DATANAME, COLNUMBER, DATATYPE, DATASIZE, DATASCALE, UNIQUEVALUE, NULLABLE, INDEXES, DESCRIPTION, DATAID, RELEASEID, UNIQUEKEY, INCLUDESQL, COLTYPE ) values ( 'DC_E_CUDB:((3)):DC_E_CUDB_RSASUBS:RAW', 'MIN_ID', 57, 'tinyint', 0, 0, 60, 1, 'LF', '', 'MIN_ID', 'BASE_TP_090421', 0, 0, null );
insert into Measurementcolumn ( MTABLEID, DATANAME, COLNUMBER, DATATYPE, DATASIZE, DATASCALE, UNIQUEVALUE, NULLABLE, INDEXES, DESCRIPTION, DATAID, RELEASEID, UNIQUEKEY, INCLUDESQL, COLTYPE ) values ( 'DC_E_CUDB:((3)):DC_E_CUDB_RSASUBS:RAW', 'MONTH_ID', 53, 'tinyint', 0, 0, 12, 1, 'LF', '', 'MONTH_ID', 'BASE_TP_090421', 0, 0, null );
insert into Measurementcolumn ( MTABLEID, DATANAME, COLNUMBER, DATATYPE, DATASIZE, DATASCALE, UNIQUEVALUE, NULLABLE, INDEXES, DESCRIPTION, DATAID, RELEASEID, UNIQUEKEY, INCLUDESQL, COLTYPE ) values ( 'DC_E_CUDB:((3)):DC_E_CUDB_RSASUBS:RAW', 'NE_ID', 2, 'varchar', 35, 0, 255, 0, 'HG', 'Network Element Id', 'NEID', 'DC_E_CUDB:((FINAL))', 1, 1, 'KEY' );
insert into Measurementcolumn ( MTABLEID, DATANAME, COLNUMBER, DATATYPE, DATASIZE, DATASCALE, UNIQUEVALUE, NULLABLE, INDEXES, DESCRIPTION, DATAID, RELEASEID, UNIQUEKEY, INCLUDESQL, COLTYPE ) values ( 'DC_E_CUDB:((3)):DC_E_CUDB_RSASUBS:RAW', 'NSUBSRSA1', 101, 'numeric', 18, 8, 255, 1, '', 'Number of subscribers registered in CUDB due to the HLR application having the RSA1 associated', 'NSUBSRSA1.actual', 'DC_E_CUDB:((FINAL))', 0, 1, 'COUNTER' );
insert into Measurementcolumn ( MTABLEID, DATANAME, COLNUMBER, DATATYPE, DATASIZE, DATASCALE, UNIQUEVALUE, NULLABLE, INDEXES, DESCRIPTION, DATAID, RELEASEID, UNIQUEKEY, INCLUDESQL, COLTYPE ) values ( 'DC_E_CUDB:((3)):DC_E_CUDB_RSASUBS:RAW', 'NSUBSRSA10', 110, 'numeric', 18, 8, 255, 1, '', 'Number of subscribers registered in CUDB due to the HLR application having the RSA10 associated', 'NSUBSRSA10.actual', 'DC_E_CUDB:((FINAL))', 0, 1, 'COUNTER' );
insert into Measurementcolumn ( MTABLEID, DATANAME, COLNUMBER, DATATYPE, DATASIZE, DATASCALE, UNIQUEVALUE, NULLABLE, INDEXES, DESCRIPTION, DATAID, RELEASEID, UNIQUEKEY, INCLUDESQL, COLTYPE ) values ( 'DC_E_CUDB:((3)):DC_E_CUDB_RSASUBS:RAW', 'NSUBSRSA100', 200, 'numeric', 18, 8, 255, 1, '', 'Number of subscribers registered in CUDB due to the HLR application having the RSA100 associated', 'NSUBSRSA100.actual', 'DC_E_CUDB:((FINAL))', 0, 1, 'COUNTER' );
insert into Measurementcolumn ( MTABLEID, DATANAME, COLNUMBER, DATATYPE, DATASIZE, DATASCALE, UNIQUEVALUE, NULLABLE, INDEXES, DESCRIPTION, DATAID, RELEASEID, UNIQUEKEY, INCLUDESQL, COLTYPE ) values ( 'DC_E_CUDB:((3)):DC_E_CUDB_RSASUBS:RAW', 'NSUBSRSA101', 201, 'numeric', 18, 8, 255, 1, '', 'Number of subscribers registered in CUDB due to the HLR application having the RSA101 associated', 'NSUBSRSA101.actual', 'DC_E_CUDB:((FINAL))', 0, 1, 'COUNTER' );
insert into Measurementcolumn ( MTABLEID, DATANAME, COLNUMBER, DATATYPE, DATASIZE, DATASCALE, UNIQUEVALUE, NULLABLE, INDEXES, DESCRIPTION, DATAID, RELEASEID, UNIQUEKEY, INCLUDESQL, COLTYPE ) values ( 'DC_E_CUDB:((3)):DC_E_CUDB_RSASUBS:RAW', 'NSUBSRSA102', 202, 'numeric', 18, 8, 255, 1, '', 'Number of subscribers registered in CUDB due to the HLR application having the RSA102 associated', 'NSUBSRSA102.actual', 'DC_E_CUDB:((FINAL))', 0, 1, 'COUNTER' );
insert into Measurementcolumn ( MTABLEID, DATANAME, COLNUMBER, DATATYPE, DATASIZE, DATASCALE, UNIQUEVALUE, NULLABLE, INDEXES, DESCRIPTION, DATAID, RELEASEID, UNIQUEKEY, INCLUDESQL, COLTYPE ) values ( 'DC_E_CUDB:((3)):DC_E_CUDB_RSASUBS:RAW', 'NSUBSRSA103', 203, 'numeric', 18, 8, 255, 1, '', 'Number of subscribers registered in CUDB due to the HLR application having the RSA103 associated', 'NSUBSRSA103.actual', 'DC_E_CUDB:((FINAL))', 0, 1, 'COUNTER' );
insert into Measurementcolumn ( MTABLEID, DATANAME, COLNUMBER, DATATYPE, DATASIZE, DATASCALE, UNIQUEVALUE, NULLABLE, INDEXES, DESCRIPTION, DATAID, RELEASEID, UNIQUEKEY, INCLUDESQL, COLTYPE ) values ( 'DC_E_CUDB:((3)):DC_E_CUDB_RSASUBS:RAW', 'NSUBSRSA104', 204, 'numeric', 18, 8, 255, 1, '', 'Number of subscribers registered in CUDB due to the HLR application having the RSA104 associated', 'NSUBSRSA104.actual', 'DC_E_CUDB:((FINAL))', 0, 1, 'COUNTER' );
insert into Measurementcolumn ( MTABLEID, DATANAME, COLNUMBER, DATATYPE, DATASIZE, DATASCALE, UNIQUEVALUE, NULLABLE, INDEXES, DESCRIPTION, DATAID, RELEASEID, UNIQUEKEY, INCLUDESQL, COLTYPE ) values ( 'DC_E_CUDB:((3)):DC_E_CUDB_RSASUBS:RAW', 'NSUBSRSA105', 205, 'numeric', 18, 8, 255, 1, '', 'Number of subscribers registered in CUDB due to the HLR application having the RSA105 associated', 'NSUBSRSA105.actual', 'DC_E_CUDB:((FINAL))', 0, 1, 'COUNTER' );
insert into Measurementcolumn ( MTABLEID, DATANAME, COLNUMBER, DATATYPE, DATASIZE, DATASCALE, UNIQUEVALUE, NULLABLE, INDEXES, DESCRIPTION, DATAID, RELEASEID, UNIQUEKEY, INCLUDESQL, COLTYPE ) values ( 'DC_E_CUDB:((3)):DC_E_CUDB_RSASUBS:RAW', 'NSUBSRSA106', 206, 'numeric', 18, 8, 255, 1, '', 'Number of subscribers registered in CUDB due to the HLR application having the RSA106 associated', 'NSUBSRSA106.actual', 'DC_E_CUDB:((FINAL))', 0, 1, 'COUNTER' );
insert into Measurementcolumn ( MTABLEID, DATANAME, COLNUMBER, DATATYPE, DATASIZE, DATASCALE, UNIQUEVALUE, NULLABLE, INDEXES, DESCRIPTION, DATAID, RELEASEID, UNIQUEKEY, INCLUDESQL, COLTYPE ) values ( 'DC_E_CUDB:((3)):DC_E_CUDB_RSASUBS:RAW', 'NSUBSRSA107', 207, 'numeric', 18, 8, 255, 1, '', 'Number of subscribers registered in CUDB due to the HLR application having the RSA107 associated', 'NSUBSRSA107.actual', 'DC_E_CUDB:((FINAL))', 0, 1, 'COUNTER' );
insert into Measurementcolumn ( MTABLEID, DATANAME, COLNUMBER, DATATYPE, DATASIZE, DATASCALE, UNIQUEVALUE, NULLABLE, INDEXES, DESCRIPTION, DATAID, RELEASEID, UNIQUEKEY, INCLUDESQL, COLTYPE ) values ( 'DC_E_CUDB:((3)):DC_E_CUDB_RSASUBS:RAW', 'NSUBSRSA108', 208, 'numeric', 18, 8, 255, 1, '', 'Number of subscribers registered in CUDB due to the HLR application having the RSA108 associated', 'NSUBSRSA108.actual', 'DC_E_CUDB:((FINAL))', 0, 1, 'COUNTER' );
insert into Measurementcolumn ( MTABLEID, DATANAME, COLNUMBER, DATATYPE, DATASIZE, DATASCALE, UNIQUEVALUE, NULLABLE, INDEXES, DESCRIPTION, DATAID, RELEASEID, UNIQUEKEY, INCLUDESQL, COLTYPE ) values ( 'DC_E_CUDB:((3)):DC_E_CUDB_RSASUBS:RAW', 'NSUBSRSA109', 209, 'numeric', 18, 8, 255, 1, '', 'Number of subscribers registered in CUDB due to the HLR application having the RSA109 associated', 'NSUBSRSA109.actual', 'DC_E_CUDB:((FINAL))', 0, 1, 'COUNTER' );
insert into Measurementcolumn ( MTABLEID, DATANAME, COLNUMBER, DATATYPE, DATASIZE, DATASCALE, UNIQUEVALUE, NULLABLE, INDEXES, DESCRIPTION, DATAID, RELEASEID, UNIQUEKEY, INCLUDESQL, COLTYPE ) values ( 'DC_E_CUDB:((3)):DC_E_CUDB_RSASUBS:RAW', 'NSUBSRSA11', 111, 'numeric', 18, 8, 255, 1, '', 'Number of subscribers registered in CUDB due to the HLR application having the RSA11 associated', 'NSUBSRSA11.actual', 'DC_E_CUDB:((FINAL))', 0, 1, 'COUNTER' );
insert into Measurementcolumn ( MTABLEID, DATANAME, COLNUMBER, DATATYPE, DATASIZE, DATASCALE, UNIQUEVALUE, NULLABLE, INDEXES, DESCRIPTION, DATAID, RELEASEID, UNIQUEKEY, INCLUDESQL, COLTYPE ) values ( 'DC_E_CUDB:((3)):DC_E_CUDB_RSASUBS:RAW', 'NSUBSRSA110', 210, 'numeric', 18, 8, 255, 1, '', 'Number of subscribers registered in CUDB due to the HLR application having the RSA110 associated', 'NSUBSRSA110.actual', 'DC_E_CUDB:((FINAL))', 0, 1, 'COUNTER' );
insert into Measurementcolumn ( MTABLEID, DATANAME, COLNUMBER, DATATYPE, DATASIZE, DATASCALE, UNIQUEVALUE, NULLABLE, INDEXES, DESCRIPTION, DATAID, RELEASEID, UNIQUEKEY, INCLUDESQL, COLTYPE ) values ( 'DC_E_CUDB:((3)):DC_E_CUDB_RSASUBS:RAW', 'NSUBSRSA111', 211, 'numeric', 18, 8, 255, 1, '', 'Number of subscribers registered in CUDB due to the HLR application having the RSA111 associated', 'NSUBSRSA111.actual', 'DC_E_CUDB:((FINAL))', 0, 1, 'COUNTER' );
insert into Measurementcolumn ( MTABLEID, DATANAME, COLNUMBER, DATATYPE, DATASIZE, DATASCALE, UNIQUEVALUE, NULLABLE, INDEXES, DESCRIPTION, DATAID, RELEASEID, UNIQUEKEY, INCLUDESQL, COLTYPE ) values ( 'DC_E_CUDB:((3)):DC_E_CUDB_RSASUBS:RAW', 'NSUBSRSA112', 212, 'numeric', 18, 8, 255, 1, '', 'Number of subscribers registered in CUDB due to the HLR application having the RSA112 associated', 'NSUBSRSA112.actual', 'DC_E_CUDB:((FINAL))', 0, 1, 'COUNTER' );
insert into Measurementcolumn ( MTABLEID, DATANAME, COLNUMBER, DATATYPE, DATASIZE, DATASCALE, UNIQUEVALUE, NULLABLE, INDEXES, DESCRIPTION, DATAID, RELEASEID, UNIQUEKEY, INCLUDESQL, COLTYPE ) values ( 'DC_E_CUDB:((3)):DC_E_CUDB_RSASUBS:RAW', 'NSUBSRSA113', 213, 'numeric', 18, 8, 255, 1, '', 'Number of subscribers registered in CUDB due to the HLR application having the RSA113 associated', 'NSUBSRSA113.actual', 'DC_E_CUDB:((FINAL))', 0, 1, 'COUNTER' );
insert into Measurementcolumn ( MTABLEID, DATANAME, COLNUMBER, DATATYPE, DATASIZE, DATASCALE, UNIQUEVALUE, NULLABLE, INDEXES, DESCRIPTION, DATAID, RELEASEID, UNIQUEKEY, INCLUDESQL, COLTYPE ) values ( 'DC_E_CUDB:((3)):DC_E_CUDB_RSASUBS:RAW', 'NSUBSRSA114', 214, 'numeric', 18, 8, 255, 1, '', 'Number of subscribers registered in CUDB due to the HLR application having the RSA114 associated', 'NSUBSRSA114.actual', 'DC_E_CUDB:((FINAL))', 0, 1, 'COUNTER' );
insert into Measurementcolumn ( MTABLEID, DATANAME, COLNUMBER, DATATYPE, DATASIZE, DATASCALE, UNIQUEVALUE, NULLABLE, INDEXES, DESCRIPTION, DATAID, RELEASEID, UNIQUEKEY, INCLUDESQL, COLTYPE ) values ( 'DC_E_CUDB:((3)):DC_E_CUDB_RSASUBS:RAW', 'NSUBSRSA115', 215, 'numeric', 18, 8, 255, 1, '', 'Number of subscribers registered in CUDB due to the HLR application having the RSA115 associated', 'NSUBSRSA115.actual', 'DC_E_CUDB:((FINAL))', 0, 1, 'COUNTER' );
insert into Measurementcolumn ( MTABLEID, DATANAME, COLNUMBER, DATATYPE, DATASIZE, DATASCALE, UNIQUEVALUE, NULLABLE, INDEXES, DESCRIPTION, DATAID, RELEASEID, UNIQUEKEY, INCLUDESQL, COLTYPE ) values ( 'DC_E_CUDB:((3)):DC_E_CUDB_RSASUBS:RAW', 'NSUBSRSA116', 216, 'numeric', 18, 8, 255, 1, '', 'Number of subscribers registered in CUDB due to the HLR application having the RSA116 associated', 'NSUBSRSA116.actual', 'DC_E_CUDB:((FINAL))', 0, 1, 'COUNTER' );
insert into Measurementcolumn ( MTABLEID, DATANAME, COLNUMBER, DATATYPE, DATASIZE, DATASCALE, UNIQUEVALUE, NULLABLE, INDEXES, DESCRIPTION, DATAID, RELEASEID, UNIQUEKEY, INCLUDESQL, COLTYPE ) values ( 'DC_E_CUDB:((3)):DC_E_CUDB_RSASUBS:RAW', 'NSUBSRSA117', 217, 'numeric', 18, 8, 255, 1, '', 'Number of subscribers registered in CUDB due to the HLR application having the RSA117 associated', 'NSUBSRSA117.actual', 'DC_E_CUDB:((FINAL))', 0, 1, 'COUNTER' );
insert into Measurementcolumn ( MTABLEID, DATANAME, COLNUMBER, DATATYPE, DATASIZE, DATASCALE, UNIQUEVALUE, NULLABLE, INDEXES, DESCRIPTION, DATAID, RELEASEID, UNIQUEKEY, INCLUDESQL, COLTYPE ) values ( 'DC_E_CUDB:((3)):DC_E_CUDB_RSASUBS:RAW', 'NSUBSRSA118', 218, 'numeric', 18, 8, 255, 1, '', 'Number of subscribers registered in CUDB due to the HLR application having the RSA118 associated', 'NSUBSRSA118.actual', 'DC_E_CUDB:((FINAL))', 0, 1, 'COUNTER' );
insert into Measurementcolumn ( MTABLEID, DATANAME, COLNUMBER, DATATYPE, DATASIZE, DATASCALE, UNIQUEVALUE, NULLABLE, INDEXES, DESCRIPTION, DATAID, RELEASEID, UNIQUEKEY, INCLUDESQL, COLTYPE ) values ( 'DC_E_CUDB:((3)):DC_E_CUDB_RSASUBS:RAW', 'NSUBSRSA119', 219, 'numeric', 18, 8, 255, 1, '', 'Number of subscribers registered in CUDB due to the HLR application having the RSA119 associated', 'NSUBSRSA119.actual', 'DC_E_CUDB:((FINAL))', 0, 1, 'COUNTER' );
insert into Measurementcolumn ( MTABLEID, DATANAME, COLNUMBER, DATATYPE, DATASIZE, DATASCALE, UNIQUEVALUE, NULLABLE, INDEXES, DESCRIPTION, DATAID, RELEASEID, UNIQUEKEY, INCLUDESQL, COLTYPE ) values ( 'DC_E_CUDB:((3)):DC_E_CUDB_RSASUBS:RAW', 'NSUBSRSA12', 112, 'numeric', 18, 8, 255, 1, '', 'Number of subscribers registered in CUDB due to the HLR application having the RSA12 associated', 'NSUBSRSA12.actual', 'DC_E_CUDB:((FINAL))', 0, 1, 'COUNTER' );
insert into Measurementcolumn ( MTABLEID, DATANAME, COLNUMBER, DATATYPE, DATASIZE, DATASCALE, UNIQUEVALUE, NULLABLE, INDEXES, DESCRIPTION, DATAID, RELEASEID, UNIQUEKEY, INCLUDESQL, COLTYPE ) values ( 'DC_E_CUDB:((3)):DC_E_CUDB_RSASUBS:RAW', 'NSUBSRSA120', 220, 'numeric', 18, 8, 255, 1, '', 'Number of subscribers registered in CUDB due to the HLR application having the RSA120 associated', 'NSUBSRSA120.actual', 'DC_E_CUDB:((FINAL))', 0, 1, 'COUNTER' );
insert into Measurementcolumn ( MTABLEID, DATANAME, COLNUMBER, DATATYPE, DATASIZE, DATASCALE, UNIQUEVALUE, NULLABLE, INDEXES, DESCRIPTION, DATAID, RELEASEID, UNIQUEKEY, INCLUDESQL, COLTYPE ) values ( 'DC_E_CUDB:((3)):DC_E_CUDB_RSASUBS:RAW', 'NSUBSRSA121', 221, 'numeric', 18, 8, 255, 1, '', 'Number of subscribers registered in CUDB due to the HLR application having the RSA121 associated', 'NSUBSRSA121.actual', 'DC_E_CUDB:((FINAL))', 0, 1, 'COUNTER' );
insert into Measurementcolumn ( MTABLEID, DATANAME, COLNUMBER, DATATYPE, DATASIZE, DATASCALE, UNIQUEVALUE, NULLABLE, INDEXES, DESCRIPTION, DATAID, RELEASEID, UNIQUEKEY, INCLUDESQL, COLTYPE ) values ( 'DC_E_CUDB:((3)):DC_E_CUDB_RSASUBS:RAW', 'NSUBSRSA122', 222, 'numeric', 18, 8, 255, 1, '', 'Number of subscribers registered in CUDB due to the HLR application having the RSA122 associated', 'NSUBSRSA122.actual', 'DC_E_CUDB:((FINAL))', 0, 1, 'COUNTER' );
insert into Measurementcolumn ( MTABLEID, DATANAME, COLNUMBER, DATATYPE, DATASIZE, DATASCALE, UNIQUEVALUE, NULLABLE, INDEXES, DESCRIPTION, DATAID, RELEASEID, UNIQUEKEY, INCLUDESQL, COLTYPE ) values ( 'DC_E_CUDB:((3)):DC_E_CUDB_RSASUBS:RAW', 'NSUBSRSA123', 223, 'numeric', 18, 8, 255, 1, '', 'Number of subscribers registered in CUDB due to the HLR application having the RSA123 associated', 'NSUBSRSA123.actual', 'DC_E_CUDB:((FINAL))', 0, 1, 'COUNTER' );
insert into Measurementcolumn ( MTABLEID, DATANAME, COLNUMBER, DATATYPE, DATASIZE, DATASCALE, UNIQUEVALUE, NULLABLE, INDEXES, DESCRIPTION, DATAID, RELEASEID, UNIQUEKEY, INCLUDESQL, COLTYPE ) values ( 'DC_E_CUDB:((3)):DC_E_CUDB_RSASUBS:RAW', 'NSUBSRSA124', 224, 'numeric', 18, 8, 255, 1, '', 'Number of subscribers registered in CUDB due to the HLR application having the RSA124 associated', 'NSUBSRSA124.actual', 'DC_E_CUDB:((FINAL))', 0, 1, 'COUNTER' );
insert into Measurementcolumn ( MTABLEID, DATANAME, COLNUMBER, DATATYPE, DATASIZE, DATASCALE, UNIQUEVALUE, NULLABLE, INDEXES, DESCRIPTION, DATAID, RELEASEID, UNIQUEKEY, INCLUDESQL, COLTYPE ) values ( 'DC_E_CUDB:((3)):DC_E_CUDB_RSASUBS:RAW', 'NSUBSRSA125', 225, 'numeric', 18, 8, 255, 1, '', 'Number of subscribers registered in CUDB due to the HLR application having the RSA125 associated', 'NSUBSRSA125.actual', 'DC_E_CUDB:((FINAL))', 0, 1, 'COUNTER' );
insert into Measurementcolumn ( MTABLEID, DATANAME, COLNUMBER, DATATYPE, DATASIZE, DATASCALE, UNIQUEVALUE, NULLABLE, INDEXES, DESCRIPTION, DATAID, RELEASEID, UNIQUEKEY, INCLUDESQL, COLTYPE ) values ( 'DC_E_CUDB:((3)):DC_E_CUDB_RSASUBS:RAW', 'NSUBSRSA126', 226, 'numeric', 18, 8, 255, 1, '', 'Number of subscribers registered in CUDB due to the HLR application having the RSA126 associated', 'NSUBSRSA126.actual', 'DC_E_CUDB:((FINAL))', 0, 1, 'COUNTER' );
insert into Measurementcolumn ( MTABLEID, DATANAME, COLNUMBER, DATATYPE, DATASIZE, DATASCALE, UNIQUEVALUE, NULLABLE, INDEXES, DESCRIPTION, DATAID, RELEASEID, UNIQUEKEY, INCLUDESQL, COLTYPE ) values ( 'DC_E_CUDB:((3)):DC_E_CUDB_RSASUBS:RAW', 'NSUBSRSA127', 227, 'numeric', 18, 8, 255, 1, '', 'Number of subscribers registered in CUDB due to the HLR application having the RSA127 associated', 'NSUBSRSA127.actual', 'DC_E_CUDB:((FINAL))', 0, 1, 'COUNTER' );
insert into Measurementcolumn ( MTABLEID, DATANAME, COLNUMBER, DATATYPE, DATASIZE, DATASCALE, UNIQUEVALUE, NULLABLE, INDEXES, DESCRIPTION, DATAID, RELEASEID, UNIQUEKEY, INCLUDESQL, COLTYPE ) values ( 'DC_E_CUDB:((3)):DC_E_CUDB_RSASUBS:RAW', 'NSUBSRSA128', 228, 'numeric', 18, 8, 255, 1, '', 'Number of subscribers registered in CUDB due to the HLR application having the RSA128 associated', 'NSUBSRSA128.actual', 'DC_E_CUDB:((FINAL))', 0, 1, 'COUNTER' );
insert into Measurementcolumn ( MTABLEID, DATANAME, COLNUMBER, DATATYPE, DATASIZE, DATASCALE, UNIQUEVALUE, NULLABLE, INDEXES, DESCRIPTION, DATAID, RELEASEID, UNIQUEKEY, INCLUDESQL, COLTYPE ) values ( 'DC_E_CUDB:((3)):DC_E_CUDB_RSASUBS:RAW', 'NSUBSRSA13', 113, 'numeric', 18, 8, 255, 1, '', 'Number of subscribers registered in CUDB due to the HLR application having the RSA13 associated', 'NSUBSRSA13.actual', 'DC_E_CUDB:((FINAL))', 0, 1, 'COUNTER' );
insert into Measurementcolumn ( MTABLEID, DATANAME, COLNUMBER, DATATYPE, DATASIZE, DATASCALE, UNIQUEVALUE, NULLABLE, INDEXES, DESCRIPTION, DATAID, RELEASEID, UNIQUEKEY, INCLUDESQL, COLTYPE ) values ( 'DC_E_CUDB:((3)):DC_E_CUDB_RSASUBS:RAW', 'NSUBSRSA14', 114, 'numeric', 18, 8, 255, 1, '', 'Number of subscribers registered in CUDB due to the HLR application having the RSA14 associated', 'NSUBSRSA14.actual', 'DC_E_CUDB:((FINAL))', 0, 1, 'COUNTER' );
insert into Measurementcolumn ( MTABLEID, DATANAME, COLNUMBER, DATATYPE, DATASIZE, DATASCALE, UNIQUEVALUE, NULLABLE, INDEXES, DESCRIPTION, DATAID, RELEASEID, UNIQUEKEY, INCLUDESQL, COLTYPE ) values ( 'DC_E_CUDB:((3)):DC_E_CUDB_RSASUBS:RAW', 'NSUBSRSA15', 115, 'numeric', 18, 8, 255, 1, '', 'Number of subscribers registered in CUDB due to the HLR application having the RSA15 associated', 'NSUBSRSA15.actual', 'DC_E_CUDB:((FINAL))', 0, 1, 'COUNTER' );
insert into Measurementcolumn ( MTABLEID, DATANAME, COLNUMBER, DATATYPE, DATASIZE, DATASCALE, UNIQUEVALUE, NULLABLE, INDEXES, DESCRIPTION, DATAID, RELEASEID, UNIQUEKEY, INCLUDESQL, COLTYPE ) values ( 'DC_E_CUDB:((3)):DC_E_CUDB_RSASUBS:RAW', 'NSUBSRSA16', 116, 'numeric', 18, 8, 255, 1, '', 'Number of subscribers registered in CUDB due to the HLR application having the RSA16 associated', 'NSUBSRSA16.actual', 'DC_E_CUDB:((FINAL))', 0, 1, 'COUNTER' );
insert into Measurementcolumn ( MTABLEID, DATANAME, COLNUMBER, DATATYPE, DATASIZE, DATASCALE, UNIQUEVALUE, NULLABLE, INDEXES, DESCRIPTION, DATAID, RELEASEID, UNIQUEKEY, INCLUDESQL, COLTYPE ) values ( 'DC_E_CUDB:((3)):DC_E_CUDB_RSASUBS:RAW', 'NSUBSRSA17', 117, 'numeric', 18, 8, 255, 1, '', 'Number of subscribers registered in CUDB due to the HLR application having the RSA17 associated', 'NSUBSRSA17.actual', 'DC_E_CUDB:((FINAL))', 0, 1, 'COUNTER' );
insert into Measurementcolumn ( MTABLEID, DATANAME, COLNUMBER, DATATYPE, DATASIZE, DATASCALE, UNIQUEVALUE, NULLABLE, INDEXES, DESCRIPTION, DATAID, RELEASEID, UNIQUEKEY, INCLUDESQL, COLTYPE ) values ( 'DC_E_CUDB:((3)):DC_E_CUDB_RSASUBS:RAW', 'NSUBSRSA18', 118, 'numeric', 18, 8, 255, 1, '', 'Number of subscribers registered in CUDB due to the HLR application having the RSA18 associated', 'NSUBSRSA18.actual', 'DC_E_CUDB:((FINAL))', 0, 1, 'COUNTER' );
insert into Measurementcolumn ( MTABLEID, DATANAME, COLNUMBER, DATATYPE, DATASIZE, DATASCALE, UNIQUEVALUE, NULLABLE, INDEXES, DESCRIPTION, DATAID, RELEASEID, UNIQUEKEY, INCLUDESQL, COLTYPE ) values ( 'DC_E_CUDB:((3)):DC_E_CUDB_RSASUBS:RAW', 'NSUBSRSA19', 119, 'numeric', 18, 8, 255, 1, '', 'Number of subscribers registered in CUDB due to the HLR application having the RSA19 associated', 'NSUBSRSA19.actual', 'DC_E_CUDB:((FINAL))', 0, 1, 'COUNTER' );
insert into Measurementcolumn ( MTABLEID, DATANAME, COLNUMBER, DATATYPE, DATASIZE, DATASCALE, UNIQUEVALUE, NULLABLE, INDEXES, DESCRIPTION, DATAID, RELEASEID, UNIQUEKEY, INCLUDESQL, COLTYPE ) values ( 'DC_E_CUDB:((3)):DC_E_CUDB_RSASUBS:RAW', 'NSUBSRSA2', 102, 'numeric', 18, 8, 255, 1, '', 'Number of subscribers registered in CUDB due to the HLR application having the RSA2 associated', 'NSUBSRSA2.actual', 'DC_E_CUDB:((FINAL))', 0, 1, 'COUNTER' );
insert into Measurementcolumn ( MTABLEID, DATANAME, COLNUMBER, DATATYPE, DATASIZE, DATASCALE, UNIQUEVALUE, NULLABLE, INDEXES, DESCRIPTION, DATAID, RELEASEID, UNIQUEKEY, INCLUDESQL, COLTYPE ) values ( 'DC_E_CUDB:((3)):DC_E_CUDB_RSASUBS:RAW', 'NSUBSRSA20', 120, 'numeric', 18, 8, 255, 1, '', 'Number of subscribers registered in CUDB due to the HLR application having the RSA20 associated', 'NSUBSRSA20.actual', 'DC_E_CUDB:((FINAL))', 0, 1, 'COUNTER' );
insert into Measurementcolumn ( MTABLEID, DATANAME, COLNUMBER, DATATYPE, DATASIZE, DATASCALE, UNIQUEVALUE, NULLABLE, INDEXES, DESCRIPTION, DATAID, RELEASEID, UNIQUEKEY, INCLUDESQL, COLTYPE ) values ( 'DC_E_CUDB:((3)):DC_E_CUDB_RSASUBS:RAW', 'NSUBSRSA21', 121, 'numeric', 18, 8, 255, 1, '', 'Number of subscribers registered in CUDB due to the HLR application having the RSA21 associated', 'NSUBSRSA21.actual', 'DC_E_CUDB:((FINAL))', 0, 1, 'COUNTER' );
insert into Measurementcolumn ( MTABLEID, DATANAME, COLNUMBER, DATATYPE, DATASIZE, DATASCALE, UNIQUEVALUE, NULLABLE, INDEXES, DESCRIPTION, DATAID, RELEASEID, UNIQUEKEY, INCLUDESQL, COLTYPE ) values ( 'DC_E_CUDB:((3)):DC_E_CUDB_RSASUBS:RAW', 'NSUBSRSA22', 122, 'numeric', 18, 8, 255, 1, '', 'Number of subscribers registered in CUDB due to the HLR application having the RSA22 associated', 'NSUBSRSA22.actual', 'DC_E_CUDB:((FINAL))', 0, 1, 'COUNTER' );
insert into Measurementcolumn ( MTABLEID, DATANAME, COLNUMBER, DATATYPE, DATASIZE, DATASCALE, UNIQUEVALUE, NULLABLE, INDEXES, DESCRIPTION, DATAID, RELEASEID, UNIQUEKEY, INCLUDESQL, COLTYPE ) values ( 'DC_E_CUDB:((3)):DC_E_CUDB_RSASUBS:RAW', 'NSUBSRSA23', 123, 'numeric', 18, 8, 255, 1, '', 'Number of subscribers registered in CUDB due to the HLR application having the RSA23 associated', 'NSUBSRSA23.actual', 'DC_E_CUDB:((FINAL))', 0, 1, 'COUNTER' );
insert into Measurementcolumn ( MTABLEID, DATANAME, COLNUMBER, DATATYPE, DATASIZE, DATASCALE, UNIQUEVALUE, NULLABLE, INDEXES, DESCRIPTION, DATAID, RELEASEID, UNIQUEKEY, INCLUDESQL, COLTYPE ) values ( 'DC_E_CUDB:((3)):DC_E_CUDB_RSASUBS:RAW', 'NSUBSRSA24', 124, 'numeric', 18, 8, 255, 1, '', 'Number of subscribers registered in CUDB due to the HLR application having the RSA24 associated', 'NSUBSRSA24.actual', 'DC_E_CUDB:((FINAL))', 0, 1, 'COUNTER' );
insert into Measurementcolumn ( MTABLEID, DATANAME, COLNUMBER, DATATYPE, DATASIZE, DATASCALE, UNIQUEVALUE, NULLABLE, INDEXES, DESCRIPTION, DATAID, RELEASEID, UNIQUEKEY, INCLUDESQL, COLTYPE ) values ( 'DC_E_CUDB:((3)):DC_E_CUDB_RSASUBS:RAW', 'NSUBSRSA25', 125, 'numeric', 18, 8, 255, 1, '', 'Number of subscribers registered in CUDB due to the HLR application having the RSA25 associated', 'NSUBSRSA25.actual', 'DC_E_CUDB:((FINAL))', 0, 1, 'COUNTER' );
insert into Measurementcolumn ( MTABLEID, DATANAME, COLNUMBER, DATATYPE, DATASIZE, DATASCALE, UNIQUEVALUE, NULLABLE, INDEXES, DESCRIPTION, DATAID, RELEASEID, UNIQUEKEY, INCLUDESQL, COLTYPE ) values ( 'DC_E_CUDB:((3)):DC_E_CUDB_RSASUBS:RAW', 'NSUBSRSA26', 126, 'numeric', 18, 8, 255, 1, '', 'Number of subscribers registered in CUDB due to the HLR application having the RSA26 associated', 'NSUBSRSA26.actual', 'DC_E_CUDB:((FINAL))', 0, 1, 'COUNTER' );
insert into Measurementcolumn ( MTABLEID, DATANAME, COLNUMBER, DATATYPE, DATASIZE, DATASCALE, UNIQUEVALUE, NULLABLE, INDEXES, DESCRIPTION, DATAID, RELEASEID, UNIQUEKEY, INCLUDESQL, COLTYPE ) values ( 'DC_E_CUDB:((3)):DC_E_CUDB_RSASUBS:RAW', 'NSUBSRSA27', 127, 'numeric', 18, 8, 255, 1, '', 'Number of subscribers registered in CUDB due to the HLR application having the RSA27 associated', 'NSUBSRSA27.actual', 'DC_E_CUDB:((FINAL))', 0, 1, 'COUNTER' );
insert into Measurementcolumn ( MTABLEID, DATANAME, COLNUMBER, DATATYPE, DATASIZE, DATASCALE, UNIQUEVALUE, NULLABLE, INDEXES, DESCRIPTION, DATAID, RELEASEID, UNIQUEKEY, INCLUDESQL, COLTYPE ) values ( 'DC_E_CUDB:((3)):DC_E_CUDB_RSASUBS:RAW', 'NSUBSRSA28', 128, 'numeric', 18, 8, 255, 1, '', 'Number of subscribers registered in CUDB due to the HLR application having the RSA28 associated', 'NSUBSRSA28.actual', 'DC_E_CUDB:((FINAL))', 0, 1, 'COUNTER' );
insert into Measurementcolumn ( MTABLEID, DATANAME, COLNUMBER, DATATYPE, DATASIZE, DATASCALE, UNIQUEVALUE, NULLABLE, INDEXES, DESCRIPTION, DATAID, RELEASEID, UNIQUEKEY, INCLUDESQL, COLTYPE ) values ( 'DC_E_CUDB:((3)):DC_E_CUDB_RSASUBS:RAW', 'NSUBSRSA29', 129, 'numeric', 18, 8, 255, 1, '', 'Number of subscribers registered in CUDB due to the HLR application having the RSA29 associated', 'NSUBSRSA29.actual', 'DC_E_CUDB:((FINAL))', 0, 1, 'COUNTER' );
insert into Measurementcolumn ( MTABLEID, DATANAME, COLNUMBER, DATATYPE, DATASIZE, DATASCALE, UNIQUEVALUE, NULLABLE, INDEXES, DESCRIPTION, DATAID, RELEASEID, UNIQUEKEY, INCLUDESQL, COLTYPE ) values ( 'DC_E_CUDB:((3)):DC_E_CUDB_RSASUBS:RAW', 'NSUBSRSA3', 103, 'numeric', 18, 8, 255, 1, '', 'Number of subscribers registered in CUDB due to the HLR application having the RSA3 associated', 'NSUBSRSA3.actual', 'DC_E_CUDB:((FINAL))', 0, 1, 'COUNTER' );
insert into Measurementcolumn ( MTABLEID, DATANAME, COLNUMBER, DATATYPE, DATASIZE, DATASCALE, UNIQUEVALUE, NULLABLE, INDEXES, DESCRIPTION, DATAID, RELEASEID, UNIQUEKEY, INCLUDESQL, COLTYPE ) values ( 'DC_E_CUDB:((3)):DC_E_CUDB_RSASUBS:RAW', 'NSUBSRSA30', 130, 'numeric', 18, 8, 255, 1, '', 'Number of subscribers registered in CUDB due to the HLR application having the RSA30 associated', 'NSUBSRSA30.actual', 'DC_E_CUDB:((FINAL))', 0, 1, 'COUNTER' );
insert into Measurementcolumn ( MTABLEID, DATANAME, COLNUMBER, DATATYPE, DATASIZE, DATASCALE, UNIQUEVALUE, NULLABLE, INDEXES, DESCRIPTION, DATAID, RELEASEID, UNIQUEKEY, INCLUDESQL, COLTYPE ) values ( 'DC_E_CUDB:((3)):DC_E_CUDB_RSASUBS:RAW', 'NSUBSRSA31', 131, 'numeric', 18, 8, 255, 1, '', 'Number of subscribers registered in CUDB due to the HLR application having the RSA31 associated', 'NSUBSRSA31.actual', 'DC_E_CUDB:((FINAL))', 0, 1, 'COUNTER' );
insert into Measurementcolumn ( MTABLEID, DATANAME, COLNUMBER, DATATYPE, DATASIZE, DATASCALE, UNIQUEVALUE, NULLABLE, INDEXES, DESCRIPTION, DATAID, RELEASEID, UNIQUEKEY, INCLUDESQL, COLTYPE ) values ( 'DC_E_CUDB:((3)):DC_E_CUDB_RSASUBS:RAW', 'NSUBSRSA32', 132, 'numeric', 18, 8, 255, 1, '', 'Number of subscribers registered in CUDB due to the HLR application having the RSA32 associated', 'NSUBSRSA32.actual', 'DC_E_CUDB:((FINAL))', 0, 1, 'COUNTER' );
insert into Measurementcolumn ( MTABLEID, DATANAME, COLNUMBER, DATATYPE, DATASIZE, DATASCALE, UNIQUEVALUE, NULLABLE, INDEXES, DESCRIPTION, DATAID, RELEASEID, UNIQUEKEY, INCLUDESQL, COLTYPE ) values ( 'DC_E_CUDB:((3)):DC_E_CUDB_RSASUBS:RAW', 'NSUBSRSA33', 133, 'numeric', 18, 8, 255, 1, '', 'Number of subscribers registered in CUDB due to the HLR application having the RSA33 associated', 'NSUBSRSA33.actual', 'DC_E_CUDB:((FINAL))', 0, 1, 'COUNTER' );
insert into Measurementcolumn ( MTABLEID, DATANAME, COLNUMBER, DATATYPE, DATASIZE, DATASCALE, UNIQUEVALUE, NULLABLE, INDEXES, DESCRIPTION, DATAID, RELEASEID, UNIQUEKEY, INCLUDESQL, COLTYPE ) values ( 'DC_E_CUDB:((3)):DC_E_CUDB_RSASUBS:RAW', 'NSUBSRSA34', 134, 'numeric', 18, 8, 255, 1, '', 'Number of subscribers registered in CUDB due to the HLR application having the RSA34 associated', 'NSUBSRSA34.actual', 'DC_E_CUDB:((FINAL))', 0, 1, 'COUNTER' );
insert into Measurementcolumn ( MTABLEID, DATANAME, COLNUMBER, DATATYPE, DATASIZE, DATASCALE, UNIQUEVALUE, NULLABLE, INDEXES, DESCRIPTION, DATAID, RELEASEID, UNIQUEKEY, INCLUDESQL, COLTYPE ) values ( 'DC_E_CUDB:((3)):DC_E_CUDB_RSASUBS:RAW', 'NSUBSRSA35', 135, 'numeric', 18, 8, 255, 1, '', 'Number of subscribers registered in CUDB due to the HLR application having the RSA35 associated', 'NSUBSRSA35.actual', 'DC_E_CUDB:((FINAL))', 0, 1, 'COUNTER' );
insert into Measurementcolumn ( MTABLEID, DATANAME, COLNUMBER, DATATYPE, DATASIZE, DATASCALE, UNIQUEVALUE, NULLABLE, INDEXES, DESCRIPTION, DATAID, RELEASEID, UNIQUEKEY, INCLUDESQL, COLTYPE ) values ( 'DC_E_CUDB:((3)):DC_E_CUDB_RSASUBS:RAW', 'NSUBSRSA36', 136, 'numeric', 18, 8, 255, 1, '', 'Number of subscribers registered in CUDB due to the HLR application having the RSA36 associated', 'NSUBSRSA36.actual', 'DC_E_CUDB:((FINAL))', 0, 1, 'COUNTER' );
insert into Measurementcolumn ( MTABLEID, DATANAME, COLNUMBER, DATATYPE, DATASIZE, DATASCALE, UNIQUEVALUE, NULLABLE, INDEXES, DESCRIPTION, DATAID, RELEASEID, UNIQUEKEY, INCLUDESQL, COLTYPE ) values ( 'DC_E_CUDB:((3)):DC_E_CUDB_RSASUBS:RAW', 'NSUBSRSA37', 137, 'numeric', 18, 8, 255, 1, '', 'Number of subscribers registered in CUDB due to the HLR application having the RSA37 associated', 'NSUBSRSA37.actual', 'DC_E_CUDB:((FINAL))', 0, 1, 'COUNTER' );
insert into Measurementcolumn ( MTABLEID, DATANAME, COLNUMBER, DATATYPE, DATASIZE, DATASCALE, UNIQUEVALUE, NULLABLE, INDEXES, DESCRIPTION, DATAID, RELEASEID, UNIQUEKEY, INCLUDESQL, COLTYPE ) values ( 'DC_E_CUDB:((3)):DC_E_CUDB_RSASUBS:RAW', 'NSUBSRSA38', 138, 'numeric', 18, 8, 255, 1, '', 'Number of subscribers registered in CUDB due to the HLR application having the RSA38 associated', 'NSUBSRSA38.actual', 'DC_E_CUDB:((FINAL))', 0, 1, 'COUNTER' );
insert into Measurementcolumn ( MTABLEID, DATANAME, COLNUMBER, DATATYPE, DATASIZE, DATASCALE, UNIQUEVALUE, NULLABLE, INDEXES, DESCRIPTION, DATAID, RELEASEID, UNIQUEKEY, INCLUDESQL, COLTYPE ) values ( 'DC_E_CUDB:((3)):DC_E_CUDB_RSASUBS:RAW', 'NSUBSRSA39', 139, 'numeric', 18, 8, 255, 1, '', 'Number of subscribers registered in CUDB due to the HLR application having the RSA39 associated', 'NSUBSRSA39.actual', 'DC_E_CUDB:((FINAL))', 0, 1, 'COUNTER' );
insert into Measurementcolumn ( MTABLEID, DATANAME, COLNUMBER, DATATYPE, DATASIZE, DATASCALE, UNIQUEVALUE, NULLABLE, INDEXES, DESCRIPTION, DATAID, RELEASEID, UNIQUEKEY, INCLUDESQL, COLTYPE ) values ( 'DC_E_CUDB:((3)):DC_E_CUDB_RSASUBS:RAW', 'NSUBSRSA4', 104, 'numeric', 18, 8, 255, 1, '', 'Number of subscribers registered in CUDB due to the HLR application having the RSA4 associated', 'NSUBSRSA4.actual', 'DC_E_CUDB:((FINAL))', 0, 1, 'COUNTER' );
insert into Measurementcolumn ( MTABLEID, DATANAME, COLNUMBER, DATATYPE, DATASIZE, DATASCALE, UNIQUEVALUE, NULLABLE, INDEXES, DESCRIPTION, DATAID, RELEASEID, UNIQUEKEY, INCLUDESQL, COLTYPE ) values ( 'DC_E_CUDB:((3)):DC_E_CUDB_RSASUBS:RAW', 'NSUBSRSA40', 140, 'numeric', 18, 8, 255, 1, '', 'Number of subscribers registered in CUDB due to the HLR application having the RSA40 associated', 'NSUBSRSA40.actual', 'DC_E_CUDB:((FINAL))', 0, 1, 'COUNTER' );
insert into Measurementcolumn ( MTABLEID, DATANAME, COLNUMBER, DATATYPE, DATASIZE, DATASCALE, UNIQUEVALUE, NULLABLE, INDEXES, DESCRIPTION, DATAID, RELEASEID, UNIQUEKEY, INCLUDESQL, COLTYPE ) values ( 'DC_E_CUDB:((3)):DC_E_CUDB_RSASUBS:RAW', 'NSUBSRSA41', 141, 'numeric', 18, 8, 255, 1, '', 'Number of subscribers registered in CUDB due to the HLR application having the RSA41 associated', 'NSUBSRSA41.actual', 'DC_E_CUDB:((FINAL))', 0, 1, 'COUNTER' );
insert into Measurementcolumn ( MTABLEID, DATANAME, COLNUMBER, DATATYPE, DATASIZE, DATASCALE, UNIQUEVALUE, NULLABLE, INDEXES, DESCRIPTION, DATAID, RELEASEID, UNIQUEKEY, INCLUDESQL, COLTYPE ) values ( 'DC_E_CUDB:((3)):DC_E_CUDB_RSASUBS:RAW', 'NSUBSRSA42', 142, 'numeric', 18, 8, 255, 1, '', 'Number of subscribers registered in CUDB due to the HLR application having the RSA42 associated', 'NSUBSRSA42.actual', 'DC_E_CUDB:((FINAL))', 0, 1, 'COUNTER' );
insert into Measurementcolumn ( MTABLEID, DATANAME, COLNUMBER, DATATYPE, DATASIZE, DATASCALE, UNIQUEVALUE, NULLABLE, INDEXES, DESCRIPTION, DATAID, RELEASEID, UNIQUEKEY, INCLUDESQL, COLTYPE ) values ( 'DC_E_CUDB:((3)):DC_E_CUDB_RSASUBS:RAW', 'NSUBSRSA43', 143, 'numeric', 18, 8, 255, 1, '', 'Number of subscribers registered in CUDB due to the HLR application having the RSA43 associated', 'NSUBSRSA43.actual', 'DC_E_CUDB:((FINAL))', 0, 1, 'COUNTER' );
insert into Measurementcolumn ( MTABLEID, DATANAME, COLNUMBER, DATATYPE, DATASIZE, DATASCALE, UNIQUEVALUE, NULLABLE, INDEXES, DESCRIPTION, DATAID, RELEASEID, UNIQUEKEY, INCLUDESQL, COLTYPE ) values ( 'DC_E_CUDB:((3)):DC_E_CUDB_RSASUBS:RAW', 'NSUBSRSA44', 144, 'numeric', 18, 8, 255, 1, '', 'Number of subscribers registered in CUDB due to the HLR application having the RSA44 associated', 'NSUBSRSA44.actual', 'DC_E_CUDB:((FINAL))', 0, 1, 'COUNTER' );
insert into Measurementcolumn ( MTABLEID, DATANAME, COLNUMBER, DATATYPE, DATASIZE, DATASCALE, UNIQUEVALUE, NULLABLE, INDEXES, DESCRIPTION, DATAID, RELEASEID, UNIQUEKEY, INCLUDESQL, COLTYPE ) values ( 'DC_E_CUDB:((3)):DC_E_CUDB_RSASUBS:RAW', 'NSUBSRSA45', 145, 'numeric', 18, 8, 255, 1, '', 'Number of subscribers registered in CUDB due to the HLR application having the RSA45 associated', 'NSUBSRSA45.actual', 'DC_E_CUDB:((FINAL))', 0, 1, 'COUNTER' );
insert into Measurementcolumn ( MTABLEID, DATANAME, COLNUMBER, DATATYPE, DATASIZE, DATASCALE, UNIQUEVALUE, NULLABLE, INDEXES, DESCRIPTION, DATAID, RELEASEID, UNIQUEKEY, INCLUDESQL, COLTYPE ) values ( 'DC_E_CUDB:((3)):DC_E_CUDB_RSASUBS:RAW', 'NSUBSRSA46', 146, 'numeric', 18, 8, 255, 1, '', 'Number of subscribers registered in CUDB due to the HLR application having the RSA46 associated', 'NSUBSRSA46.actual', 'DC_E_CUDB:((FINAL))', 0, 1, 'COUNTER' );
insert into Measurementcolumn ( MTABLEID, DATANAME, COLNUMBER, DATATYPE, DATASIZE, DATASCALE, UNIQUEVALUE, NULLABLE, INDEXES, DESCRIPTION, DATAID, RELEASEID, UNIQUEKEY, INCLUDESQL, COLTYPE ) values ( 'DC_E_CUDB:((3)):DC_E_CUDB_RSASUBS:RAW', 'NSUBSRSA47', 147, 'numeric', 18, 8, 255, 1, '', 'Number of subscribers registered in CUDB due to the HLR application having the RSA47 associated', 'NSUBSRSA47.actual', 'DC_E_CUDB:((FINAL))', 0, 1, 'COUNTER' );
insert into Measurementcolumn ( MTABLEID, DATANAME, COLNUMBER, DATATYPE, DATASIZE, DATASCALE, UNIQUEVALUE, NULLABLE, INDEXES, DESCRIPTION, DATAID, RELEASEID, UNIQUEKEY, INCLUDESQL, COLTYPE ) values ( 'DC_E_CUDB:((3)):DC_E_CUDB_RSASUBS:RAW', 'NSUBSRSA48', 148, 'numeric', 18, 8, 255, 1, '', 'Number of subscribers registered in CUDB due to the HLR application having the RSA48 associated', 'NSUBSRSA48.actual', 'DC_E_CUDB:((FINAL))', 0, 1, 'COUNTER' );
insert into Measurementcolumn ( MTABLEID, DATANAME, COLNUMBER, DATATYPE, DATASIZE, DATASCALE, UNIQUEVALUE, NULLABLE, INDEXES, DESCRIPTION, DATAID, RELEASEID, UNIQUEKEY, INCLUDESQL, COLTYPE ) values ( 'DC_E_CUDB:((3)):DC_E_CUDB_RSASUBS:RAW', 'NSUBSRSA49', 149, 'numeric', 18, 8, 255, 1, '', 'Number of subscribers registered in CUDB due to the HLR application having the RSA49 associated', 'NSUBSRSA49.actual', 'DC_E_CUDB:((FINAL))', 0, 1, 'COUNTER' );
insert into Measurementcolumn ( MTABLEID, DATANAME, COLNUMBER, DATATYPE, DATASIZE, DATASCALE, UNIQUEVALUE, NULLABLE, INDEXES, DESCRIPTION, DATAID, RELEASEID, UNIQUEKEY, INCLUDESQL, COLTYPE ) values ( 'DC_E_CUDB:((3)):DC_E_CUDB_RSASUBS:RAW', 'NSUBSRSA5', 105, 'numeric', 18, 8, 255, 1, '', 'Number of subscribers registered in CUDB due to the HLR application having the RSA5 associated', 'NSUBSRSA5.actual', 'DC_E_CUDB:((FINAL))', 0, 1, 'COUNTER' );
insert into Measurementcolumn ( MTABLEID, DATANAME, COLNUMBER, DATATYPE, DATASIZE, DATASCALE, UNIQUEVALUE, NULLABLE, INDEXES, DESCRIPTION, DATAID, RELEASEID, UNIQUEKEY, INCLUDESQL, COLTYPE ) values ( 'DC_E_CUDB:((3)):DC_E_CUDB_RSASUBS:RAW', 'NSUBSRSA50', 150, 'numeric', 18, 8, 255, 1, '', 'Number of subscribers registered in CUDB due to the HLR application having the RSA50 associated', 'NSUBSRSA50.actual', 'DC_E_CUDB:((FINAL))', 0, 1, 'COUNTER' );
insert into Measurementcolumn ( MTABLEID, DATANAME, COLNUMBER, DATATYPE, DATASIZE, DATASCALE, UNIQUEVALUE, NULLABLE, INDEXES, DESCRIPTION, DATAID, RELEASEID, UNIQUEKEY, INCLUDESQL, COLTYPE ) values ( 'DC_E_CUDB:((3)):DC_E_CUDB_RSASUBS:RAW', 'NSUBSRSA51', 151, 'numeric', 18, 8, 255, 1, '', 'Number of subscribers registered in CUDB due to the HLR application having the RSA51 associated', 'NSUBSRSA51.actual', 'DC_E_CUDB:((FINAL))', 0, 1, 'COUNTER' );
insert into Measurementcolumn ( MTABLEID, DATANAME, COLNUMBER, DATATYPE, DATASIZE, DATASCALE, UNIQUEVALUE, NULLABLE, INDEXES, DESCRIPTION, DATAID, RELEASEID, UNIQUEKEY, INCLUDESQL, COLTYPE ) values ( 'DC_E_CUDB:((3)):DC_E_CUDB_RSASUBS:RAW', 'NSUBSRSA52', 152, 'numeric', 18, 8, 255, 1, '', 'Number of subscribers registered in CUDB due to the HLR application having the RSA52 associated', 'NSUBSRSA52.actual', 'DC_E_CUDB:((FINAL))', 0, 1, 'COUNTER' );
insert into Measurementcolumn ( MTABLEID, DATANAME, COLNUMBER, DATATYPE, DATASIZE, DATASCALE, UNIQUEVALUE, NULLABLE, INDEXES, DESCRIPTION, DATAID, RELEASEID, UNIQUEKEY, INCLUDESQL, COLTYPE ) values ( 'DC_E_CUDB:((3)):DC_E_CUDB_RSASUBS:RAW', 'NSUBSRSA53', 153, 'numeric', 18, 8, 255, 1, '', 'Number of subscribers registered in CUDB due to the HLR application having the RSA53 associated', 'NSUBSRSA53.actual', 'DC_E_CUDB:((FINAL))', 0, 1, 'COUNTER' );
insert into Measurementcolumn ( MTABLEID, DATANAME, COLNUMBER, DATATYPE, DATASIZE, DATASCALE, UNIQUEVALUE, NULLABLE, INDEXES, DESCRIPTION, DATAID, RELEASEID, UNIQUEKEY, INCLUDESQL, COLTYPE ) values ( 'DC_E_CUDB:((3)):DC_E_CUDB_RSASUBS:RAW', 'NSUBSRSA54', 154, 'numeric', 18, 8, 255, 1, '', 'Number of subscribers registered in CUDB due to the HLR application having the RSA54 associated', 'NSUBSRSA54.actual', 'DC_E_CUDB:((FINAL))', 0, 1, 'COUNTER' );
insert into Measurementcolumn ( MTABLEID, DATANAME, COLNUMBER, DATATYPE, DATASIZE, DATASCALE, UNIQUEVALUE, NULLABLE, INDEXES, DESCRIPTION, DATAID, RELEASEID, UNIQUEKEY, INCLUDESQL, COLTYPE ) values ( 'DC_E_CUDB:((3)):DC_E_CUDB_RSASUBS:RAW', 'NSUBSRSA55', 155, 'numeric', 18, 8, 255, 1, '', 'Number of subscribers registered in CUDB due to the HLR application having the RSA55 associated', 'NSUBSRSA55.actual', 'DC_E_CUDB:((FINAL))', 0, 1, 'COUNTER' );
insert into Measurementcolumn ( MTABLEID, DATANAME, COLNUMBER, DATATYPE, DATASIZE, DATASCALE, UNIQUEVALUE, NULLABLE, INDEXES, DESCRIPTION, DATAID, RELEASEID, UNIQUEKEY, INCLUDESQL, COLTYPE ) values ( 'DC_E_CUDB:((3)):DC_E_CUDB_RSASUBS:RAW', 'NSUBSRSA56', 156, 'numeric', 18, 8, 255, 1, '', 'Number of subscribers registered in CUDB due to the HLR application having the RSA56 associated', 'NSUBSRSA56.actual', 'DC_E_CUDB:((FINAL))', 0, 1, 'COUNTER' );
insert into Measurementcolumn ( MTABLEID, DATANAME, COLNUMBER, DATATYPE, DATASIZE, DATASCALE, UNIQUEVALUE, NULLABLE, INDEXES, DESCRIPTION, DATAID, RELEASEID, UNIQUEKEY, INCLUDESQL, COLTYPE ) values ( 'DC_E_CUDB:((3)):DC_E_CUDB_RSASUBS:RAW', 'NSUBSRSA57', 157, 'numeric', 18, 8, 255, 1, '', 'Number of subscribers registered in CUDB due to the HLR application having the RSA57 associated', 'NSUBSRSA57.actual', 'DC_E_CUDB:((FINAL))', 0, 1, 'COUNTER' );
insert into Measurementcolumn ( MTABLEID, DATANAME, COLNUMBER, DATATYPE, DATASIZE, DATASCALE, UNIQUEVALUE, NULLABLE, INDEXES, DESCRIPTION, DATAID, RELEASEID, UNIQUEKEY, INCLUDESQL, COLTYPE ) values ( 'DC_E_CUDB:((3)):DC_E_CUDB_RSASUBS:RAW', 'NSUBSRSA58', 158, 'numeric', 18, 8, 255, 1, '', 'Number of subscribers registered in CUDB due to the HLR application having the RSA58 associated', 'NSUBSRSA58.actual', 'DC_E_CUDB:((FINAL))', 0, 1, 'COUNTER' );
insert into Measurementcolumn ( MTABLEID, DATANAME, COLNUMBER, DATATYPE, DATASIZE, DATASCALE, UNIQUEVALUE, NULLABLE, INDEXES, DESCRIPTION, DATAID, RELEASEID, UNIQUEKEY, INCLUDESQL, COLTYPE ) values ( 'DC_E_CUDB:((3)):DC_E_CUDB_RSASUBS:RAW', 'NSUBSRSA59', 159, 'numeric', 18, 8, 255, 1, '', 'Number of subscribers registered in CUDB due to the HLR application having the RSA59 associated', 'NSUBSRSA59.actual', 'DC_E_CUDB:((FINAL))', 0, 1, 'COUNTER' );
insert into Measurementcolumn ( MTABLEID, DATANAME, COLNUMBER, DATATYPE, DATASIZE, DATASCALE, UNIQUEVALUE, NULLABLE, INDEXES, DESCRIPTION, DATAID, RELEASEID, UNIQUEKEY, INCLUDESQL, COLTYPE ) values ( 'DC_E_CUDB:((3)):DC_E_CUDB_RSASUBS:RAW', 'NSUBSRSA6', 106, 'numeric', 18, 8, 255, 1, '', 'Number of subscribers registered in CUDB due to the HLR application having the RSA6 associated', 'NSUBSRSA6.actual', 'DC_E_CUDB:((FINAL))', 0, 1, 'COUNTER' );
insert into Measurementcolumn ( MTABLEID, DATANAME, COLNUMBER, DATATYPE, DATASIZE, DATASCALE, UNIQUEVALUE, NULLABLE, INDEXES, DESCRIPTION, DATAID, RELEASEID, UNIQUEKEY, INCLUDESQL, COLTYPE ) values ( 'DC_E_CUDB:((3)):DC_E_CUDB_RSASUBS:RAW', 'NSUBSRSA60', 160, 'numeric', 18, 8, 255, 1, '', 'Number of subscribers registered in CUDB due to the HLR application having the RSA60 associated', 'NSUBSRSA60.actual', 'DC_E_CUDB:((FINAL))', 0, 1, 'COUNTER' );
insert into Measurementcolumn ( MTABLEID, DATANAME, COLNUMBER, DATATYPE, DATASIZE, DATASCALE, UNIQUEVALUE, NULLABLE, INDEXES, DESCRIPTION, DATAID, RELEASEID, UNIQUEKEY, INCLUDESQL, COLTYPE ) values ( 'DC_E_CUDB:((3)):DC_E_CUDB_RSASUBS:RAW', 'NSUBSRSA61', 161, 'numeric', 18, 8, 255, 1, '', 'Number of subscribers registered in CUDB due to the HLR application having the RSA61 associated', 'NSUBSRSA61.actual', 'DC_E_CUDB:((FINAL))', 0, 1, 'COUNTER' );
insert into Measurementcolumn ( MTABLEID, DATANAME, COLNUMBER, DATATYPE, DATASIZE, DATASCALE, UNIQUEVALUE, NULLABLE, INDEXES, DESCRIPTION, DATAID, RELEASEID, UNIQUEKEY, INCLUDESQL, COLTYPE ) values ( 'DC_E_CUDB:((3)):DC_E_CUDB_RSASUBS:RAW', 'NSUBSRSA62', 162, 'numeric', 18, 8, 255, 1, '', 'Number of subscribers registered in CUDB due to the HLR application having the RSA62 associated', 'NSUBSRSA62.actual', 'DC_E_CUDB:((FINAL))', 0, 1, 'COUNTER' );
insert into Measurementcolumn ( MTABLEID, DATANAME, COLNUMBER, DATATYPE, DATASIZE, DATASCALE, UNIQUEVALUE, NULLABLE, INDEXES, DESCRIPTION, DATAID, RELEASEID, UNIQUEKEY, INCLUDESQL, COLTYPE ) values ( 'DC_E_CUDB:((3)):DC_E_CUDB_RSASUBS:RAW', 'NSUBSRSA63', 163, 'numeric', 18, 8, 255, 1, '', 'Number of subscribers registered in CUDB due to the HLR application having the RSA63 associated', 'NSUBSRSA63.actual', 'DC_E_CUDB:((FINAL))', 0, 1, 'COUNTER' );
insert into Measurementcolumn ( MTABLEID, DATANAME, COLNUMBER, DATATYPE, DATASIZE, DATASCALE, UNIQUEVALUE, NULLABLE, INDEXES, DESCRIPTION, DATAID, RELEASEID, UNIQUEKEY, INCLUDESQL, COLTYPE ) values ( 'DC_E_CUDB:((3)):DC_E_CUDB_RSASUBS:RAW', 'NSUBSRSA64', 164, 'numeric', 18, 8, 255, 1, '', 'Number of subscribers registered in CUDB due to the HLR application having the RSA64 associated', 'NSUBSRSA64.actual', 'DC_E_CUDB:((FINAL))', 0, 1, 'COUNTER' );
insert into Measurementcolumn ( MTABLEID, DATANAME, COLNUMBER, DATATYPE, DATASIZE, DATASCALE, UNIQUEVALUE, NULLABLE, INDEXES, DESCRIPTION, DATAID, RELEASEID, UNIQUEKEY, INCLUDESQL, COLTYPE ) values ( 'DC_E_CUDB:((3)):DC_E_CUDB_RSASUBS:RAW', 'NSUBSRSA65', 165, 'numeric', 18, 8, 255, 1, '', 'Number of subscribers registered in CUDB due to the HLR application having the RSA65 associated', 'NSUBSRSA65.actual', 'DC_E_CUDB:((FINAL))', 0, 1, 'COUNTER' );
insert into Measurementcolumn ( MTABLEID, DATANAME, COLNUMBER, DATATYPE, DATASIZE, DATASCALE, UNIQUEVALUE, NULLABLE, INDEXES, DESCRIPTION, DATAID, RELEASEID, UNIQUEKEY, INCLUDESQL, COLTYPE ) values ( 'DC_E_CUDB:((3)):DC_E_CUDB_RSASUBS:RAW', 'NSUBSRSA66', 166, 'numeric', 18, 8, 255, 1, '', 'Number of subscribers registered in CUDB due to the HLR application having the RSA66 associated', 'NSUBSRSA66.actual', 'DC_E_CUDB:((FINAL))', 0, 1, 'COUNTER' );
insert into Measurementcolumn ( MTABLEID, DATANAME, COLNUMBER, DATATYPE, DATASIZE, DATASCALE, UNIQUEVALUE, NULLABLE, INDEXES, DESCRIPTION, DATAID, RELEASEID, UNIQUEKEY, INCLUDESQL, COLTYPE ) values ( 'DC_E_CUDB:((3)):DC_E_CUDB_RSASUBS:RAW', 'NSUBSRSA67', 167, 'numeric', 18, 8, 255, 1, '', 'Number of subscribers registered in CUDB due to the HLR application having the RSA67 associated', 'NSUBSRSA67.actual', 'DC_E_CUDB:((FINAL))', 0, 1, 'COUNTER' );
insert into Measurementcolumn ( MTABLEID, DATANAME, COLNUMBER, DATATYPE, DATASIZE, DATASCALE, UNIQUEVALUE, NULLABLE, INDEXES, DESCRIPTION, DATAID, RELEASEID, UNIQUEKEY, INCLUDESQL, COLTYPE ) values ( 'DC_E_CUDB:((3)):DC_E_CUDB_RSASUBS:RAW', 'NSUBSRSA68', 168, 'numeric', 18, 8, 255, 1, '', 'Number of subscribers registered in CUDB due to the HLR application having the RSA68 associated', 'NSUBSRSA68.actual', 'DC_E_CUDB:((FINAL))', 0, 1, 'COUNTER' );
insert into Measurementcolumn ( MTABLEID, DATANAME, COLNUMBER, DATATYPE, DATASIZE, DATASCALE, UNIQUEVALUE, NULLABLE, INDEXES, DESCRIPTION, DATAID, RELEASEID, UNIQUEKEY, INCLUDESQL, COLTYPE ) values ( 'DC_E_CUDB:((3)):DC_E_CUDB_RSASUBS:RAW', 'NSUBSRSA69', 169, 'numeric', 18, 8, 255, 1, '', 'Number of subscribers registered in CUDB due to the HLR application having the RSA69 associated', 'NSUBSRSA69.actual', 'DC_E_CUDB:((FINAL))', 0, 1, 'COUNTER' );
insert into Measurementcolumn ( MTABLEID, DATANAME, COLNUMBER, DATATYPE, DATASIZE, DATASCALE, UNIQUEVALUE, NULLABLE, INDEXES, DESCRIPTION, DATAID, RELEASEID, UNIQUEKEY, INCLUDESQL, COLTYPE ) values ( 'DC_E_CUDB:((3)):DC_E_CUDB_RSASUBS:RAW', 'NSUBSRSA7', 107, 'numeric', 18, 8, 255, 1, '', 'Number of subscribers registered in CUDB due to the HLR application having the RSA7 associated', 'NSUBSRSA7.actual', 'DC_E_CUDB:((FINAL))', 0, 1, 'COUNTER' );
insert into Measurementcolumn ( MTABLEID, DATANAME, COLNUMBER, DATATYPE, DATASIZE, DATASCALE, UNIQUEVALUE, NULLABLE, INDEXES, DESCRIPTION, DATAID, RELEASEID, UNIQUEKEY, INCLUDESQL, COLTYPE ) values ( 'DC_E_CUDB:((3)):DC_E_CUDB_RSASUBS:RAW', 'NSUBSRSA70', 170, 'numeric', 18, 8, 255, 1, '', 'Number of subscribers registered in CUDB due to the HLR application having the RSA70 associated', 'NSUBSRSA70.actual', 'DC_E_CUDB:((FINAL))', 0, 1, 'COUNTER' );
insert into Measurementcolumn ( MTABLEID, DATANAME, COLNUMBER, DATATYPE, DATASIZE, DATASCALE, UNIQUEVALUE, NULLABLE, INDEXES, DESCRIPTION, DATAID, RELEASEID, UNIQUEKEY, INCLUDESQL, COLTYPE ) values ( 'DC_E_CUDB:((3)):DC_E_CUDB_RSASUBS:RAW', 'NSUBSRSA71', 171, 'numeric', 18, 8, 255, 1, '', 'Number of subscribers registered in CUDB due to the HLR application having the RSA71 associated', 'NSUBSRSA71.actual', 'DC_E_CUDB:((FINAL))', 0, 1, 'COUNTER' );
insert into Measurementcolumn ( MTABLEID, DATANAME, COLNUMBER, DATATYPE, DATASIZE, DATASCALE, UNIQUEVALUE, NULLABLE, INDEXES, DESCRIPTION, DATAID, RELEASEID, UNIQUEKEY, INCLUDESQL, COLTYPE ) values ( 'DC_E_CUDB:((3)):DC_E_CUDB_RSASUBS:RAW', 'NSUBSRSA72', 172, 'numeric', 18, 8, 255, 1, '', 'Number of subscribers registered in CUDB due to the HLR application having the RSA72 associated', 'NSUBSRSA72.actual', 'DC_E_CUDB:((FINAL))', 0, 1, 'COUNTER' );
insert into Measurementcolumn ( MTABLEID, DATANAME, COLNUMBER, DATATYPE, DATASIZE, DATASCALE, UNIQUEVALUE, NULLABLE, INDEXES, DESCRIPTION, DATAID, RELEASEID, UNIQUEKEY, INCLUDESQL, COLTYPE ) values ( 'DC_E_CUDB:((3)):DC_E_CUDB_RSASUBS:RAW', 'NSUBSRSA73', 173, 'numeric', 18, 8, 255, 1, '', 'Number of subscribers registered in CUDB due to the HLR application having the RSA73 associated', 'NSUBSRSA73.actual', 'DC_E_CUDB:((FINAL))', 0, 1, 'COUNTER' );
insert into Measurementcolumn ( MTABLEID, DATANAME, COLNUMBER, DATATYPE, DATASIZE, DATASCALE, UNIQUEVALUE, NULLABLE, INDEXES, DESCRIPTION, DATAID, RELEASEID, UNIQUEKEY, INCLUDESQL, COLTYPE ) values ( 'DC_E_CUDB:((3)):DC_E_CUDB_RSASUBS:RAW', 'NSUBSRSA74', 174, 'numeric', 18, 8, 255, 1, '', 'Number of subscribers registered in CUDB due to the HLR application having the RSA74 associated', 'NSUBSRSA74.actual', 'DC_E_CUDB:((FINAL))', 0, 1, 'COUNTER' );
insert into Measurementcolumn ( MTABLEID, DATANAME, COLNUMBER, DATATYPE, DATASIZE, DATASCALE, UNIQUEVALUE, NULLABLE, INDEXES, DESCRIPTION, DATAID, RELEASEID, UNIQUEKEY, INCLUDESQL, COLTYPE ) values ( 'DC_E_CUDB:((3)):DC_E_CUDB_RSASUBS:RAW', 'NSUBSRSA75', 175, 'numeric', 18, 8, 255, 1, '', 'Number of subscribers registered in CUDB due to the HLR application having the RSA75 associated', 'NSUBSRSA75.actual', 'DC_E_CUDB:((FINAL))', 0, 1, 'COUNTER' );
insert into Measurementcolumn ( MTABLEID, DATANAME, COLNUMBER, DATATYPE, DATASIZE, DATASCALE, UNIQUEVALUE, NULLABLE, INDEXES, DESCRIPTION, DATAID, RELEASEID, UNIQUEKEY, INCLUDESQL, COLTYPE ) values ( 'DC_E_CUDB:((3)):DC_E_CUDB_RSASUBS:RAW', 'NSUBSRSA76', 176, 'numeric', 18, 8, 255, 1, '', 'Number of subscribers registered in CUDB due to the HLR application having the RSA76 associated', 'NSUBSRSA76.actual', 'DC_E_CUDB:((FINAL))', 0, 1, 'COUNTER' );
insert into Measurementcolumn ( MTABLEID, DATANAME, COLNUMBER, DATATYPE, DATASIZE, DATASCALE, UNIQUEVALUE, NULLABLE, INDEXES, DESCRIPTION, DATAID, RELEASEID, UNIQUEKEY, INCLUDESQL, COLTYPE ) values ( 'DC_E_CUDB:((3)):DC_E_CUDB_RSASUBS:RAW', 'NSUBSRSA77', 177, 'numeric', 18, 8, 255, 1, '', 'Number of subscribers registered in CUDB due to the HLR application having the RSA77 associated', 'NSUBSRSA77.actual', 'DC_E_CUDB:((FINAL))', 0, 1, 'COUNTER' );
insert into Measurementcolumn ( MTABLEID, DATANAME, COLNUMBER, DATATYPE, DATASIZE, DATASCALE, UNIQUEVALUE, NULLABLE, INDEXES, DESCRIPTION, DATAID, RELEASEID, UNIQUEKEY, INCLUDESQL, COLTYPE ) values ( 'DC_E_CUDB:((3)):DC_E_CUDB_RSASUBS:RAW', 'NSUBSRSA78', 178, 'numeric', 18, 8, 255, 1, '', 'Number of subscribers registered in CUDB due to the HLR application having the RSA78 associated', 'NSUBSRSA78.actual', 'DC_E_CUDB:((FINAL))', 0, 1, 'COUNTER' );
insert into Measurementcolumn ( MTABLEID, DATANAME, COLNUMBER, DATATYPE, DATASIZE, DATASCALE, UNIQUEVALUE, NULLABLE, INDEXES, DESCRIPTION, DATAID, RELEASEID, UNIQUEKEY, INCLUDESQL, COLTYPE ) values ( 'DC_E_CUDB:((3)):DC_E_CUDB_RSASUBS:RAW', 'NSUBSRSA79', 179, 'numeric', 18, 8, 255, 1, '', 'Number of subscribers registered in CUDB due to the HLR application having the RSA79 associated', 'NSUBSRSA79.actual', 'DC_E_CUDB:((FINAL))', 0, 1, 'COUNTER' );
insert into Measurementcolumn ( MTABLEID, DATANAME, COLNUMBER, DATATYPE, DATASIZE, DATASCALE, UNIQUEVALUE, NULLABLE, INDEXES, DESCRIPTION, DATAID, RELEASEID, UNIQUEKEY, INCLUDESQL, COLTYPE ) values ( 'DC_E_CUDB:((3)):DC_E_CUDB_RSASUBS:RAW', 'NSUBSRSA8', 108, 'numeric', 18, 8, 255, 1, '', 'Number of subscribers registered in CUDB due to the HLR application having the RSA8 associated', 'NSUBSRSA8.actual', 'DC_E_CUDB:((FINAL))', 0, 1, 'COUNTER' );
insert into Measurementcolumn ( MTABLEID, DATANAME, COLNUMBER, DATATYPE, DATASIZE, DATASCALE, UNIQUEVALUE, NULLABLE, INDEXES, DESCRIPTION, DATAID, RELEASEID, UNIQUEKEY, INCLUDESQL, COLTYPE ) values ( 'DC_E_CUDB:((3)):DC_E_CUDB_RSASUBS:RAW', 'NSUBSRSA80', 180, 'numeric', 18, 8, 255, 1, '', 'Number of subscribers registered in CUDB due to the HLR application having the RSA80 associated', 'NSUBSRSA80.actual', 'DC_E_CUDB:((FINAL))', 0, 1, 'COUNTER' );
insert into Measurementcolumn ( MTABLEID, DATANAME, COLNUMBER, DATATYPE, DATASIZE, DATASCALE, UNIQUEVALUE, NULLABLE, INDEXES, DESCRIPTION, DATAID, RELEASEID, UNIQUEKEY, INCLUDESQL, COLTYPE ) values ( 'DC_E_CUDB:((3)):DC_E_CUDB_RSASUBS:RAW', 'NSUBSRSA81', 181, 'numeric', 18, 8, 255, 1, '', 'Number of subscribers registered in CUDB due to the HLR application having the RSA81 associated', 'NSUBSRSA81.actual', 'DC_E_CUDB:((FINAL))', 0, 1, 'COUNTER' );
insert into Measurementcolumn ( MTABLEID, DATANAME, COLNUMBER, DATATYPE, DATASIZE, DATASCALE, UNIQUEVALUE, NULLABLE, INDEXES, DESCRIPTION, DATAID, RELEASEID, UNIQUEKEY, INCLUDESQL, COLTYPE ) values ( 'DC_E_CUDB:((3)):DC_E_CUDB_RSASUBS:RAW', 'NSUBSRSA82', 182, 'numeric', 18, 8, 255, 1, '', 'Number of subscribers registered in CUDB due to the HLR application having the RSA82 associated', 'NSUBSRSA82.actual', 'DC_E_CUDB:((FINAL))', 0, 1, 'COUNTER' );
insert into Measurementcolumn ( MTABLEID, DATANAME, COLNUMBER, DATATYPE, DATASIZE, DATASCALE, UNIQUEVALUE, NULLABLE, INDEXES, DESCRIPTION, DATAID, RELEASEID, UNIQUEKEY, INCLUDESQL, COLTYPE ) values ( 'DC_E_CUDB:((3)):DC_E_CUDB_RSASUBS:RAW', 'NSUBSRSA83', 183, 'numeric', 18, 8, 255, 1, '', 'Number of subscribers registered in CUDB due to the HLR application having the RSA83 associated', 'NSUBSRSA83.actual', 'DC_E_CUDB:((FINAL))', 0, 1, 'COUNTER' );
insert into Measurementcolumn ( MTABLEID, DATANAME, COLNUMBER, DATATYPE, DATASIZE, DATASCALE, UNIQUEVALUE, NULLABLE, INDEXES, DESCRIPTION, DATAID, RELEASEID, UNIQUEKEY, INCLUDESQL, COLTYPE ) values ( 'DC_E_CUDB:((3)):DC_E_CUDB_RSASUBS:RAW', 'NSUBSRSA84', 184, 'numeric', 18, 8, 255, 1, '', 'Number of subscribers registered in CUDB due to the HLR application having the RSA84 associated', 'NSUBSRSA84.actual', 'DC_E_CUDB:((FINAL))', 0, 1, 'COUNTER' );
insert into Measurementcolumn ( MTABLEID, DATANAME, COLNUMBER, DATATYPE, DATASIZE, DATASCALE, UNIQUEVALUE, NULLABLE, INDEXES, DESCRIPTION, DATAID, RELEASEID, UNIQUEKEY, INCLUDESQL, COLTYPE ) values ( 'DC_E_CUDB:((3)):DC_E_CUDB_RSASUBS:RAW', 'NSUBSRSA85', 185, 'numeric', 18, 8, 255, 1, '', 'Number of subscribers registered in CUDB due to the HLR application having the RSA85 associated', 'NSUBSRSA85.actual', 'DC_E_CUDB:((FINAL))', 0, 1, 'COUNTER' );
insert into Measurementcolumn ( MTABLEID, DATANAME, COLNUMBER, DATATYPE, DATASIZE, DATASCALE, UNIQUEVALUE, NULLABLE, INDEXES, DESCRIPTION, DATAID, RELEASEID, UNIQUEKEY, INCLUDESQL, COLTYPE ) values ( 'DC_E_CUDB:((3)):DC_E_CUDB_RSASUBS:RAW', 'NSUBSRSA86', 186, 'numeric', 18, 8, 255, 1, '', 'Number of subscribers registered in CUDB due to the HLR application having the RSA86 associated', 'NSUBSRSA86.actual', 'DC_E_CUDB:((FINAL))', 0, 1, 'COUNTER' );
insert into Measurementcolumn ( MTABLEID, DATANAME, COLNUMBER, DATATYPE, DATASIZE, DATASCALE, UNIQUEVALUE, NULLABLE, INDEXES, DESCRIPTION, DATAID, RELEASEID, UNIQUEKEY, INCLUDESQL, COLTYPE ) values ( 'DC_E_CUDB:((3)):DC_E_CUDB_RSASUBS:RAW', 'NSUBSRSA87', 187, 'numeric', 18, 8, 255, 1, '', 'Number of subscribers registered in CUDB due to the HLR application having the RSA87 associated', 'NSUBSRSA87.actual', 'DC_E_CUDB:((FINAL))', 0, 1, 'COUNTER' );
insert into Measurementcolumn ( MTABLEID, DATANAME, COLNUMBER, DATATYPE, DATASIZE, DATASCALE, UNIQUEVALUE, NULLABLE, INDEXES, DESCRIPTION, DATAID, RELEASEID, UNIQUEKEY, INCLUDESQL, COLTYPE ) values ( 'DC_E_CUDB:((3)):DC_E_CUDB_RSASUBS:RAW', 'NSUBSRSA88', 188, 'numeric', 18, 8, 255, 1, '', 'Number of subscribers registered in CUDB due to the HLR application having the RSA88 associated', 'NSUBSRSA88.actual', 'DC_E_CUDB:((FINAL))', 0, 1, 'COUNTER' );
insert into Measurementcolumn ( MTABLEID, DATANAME, COLNUMBER, DATATYPE, DATASIZE, DATASCALE, UNIQUEVALUE, NULLABLE, INDEXES, DESCRIPTION, DATAID, RELEASEID, UNIQUEKEY, INCLUDESQL, COLTYPE ) values ( 'DC_E_CUDB:((3)):DC_E_CUDB_RSASUBS:RAW', 'NSUBSRSA89', 189, 'numeric', 18, 8, 255, 1, '', 'Number of subscribers registered in CUDB due to the HLR application having the RSA89 associated', 'NSUBSRSA89.actual', 'DC_E_CUDB:((FINAL))', 0, 1, 'COUNTER' );
insert into Measurementcolumn ( MTABLEID, DATANAME, COLNUMBER, DATATYPE, DATASIZE, DATASCALE, UNIQUEVALUE, NULLABLE, INDEXES, DESCRIPTION, DATAID, RELEASEID, UNIQUEKEY, INCLUDESQL, COLTYPE ) values ( 'DC_E_CUDB:((3)):DC_E_CUDB_RSASUBS:RAW', 'NSUBSRSA9', 109, 'numeric', 18, 8, 255, 1, '', 'Number of subscribers registered in CUDB due to the HLR application having the RSA9 associated', 'NSUBSRSA9.actual', 'DC_E_CUDB:((FINAL))', 0, 1, 'COUNTER' );
insert into Measurementcolumn ( MTABLEID, DATANAME, COLNUMBER, DATATYPE, DATASIZE, DATASCALE, UNIQUEVALUE, NULLABLE, INDEXES, DESCRIPTION, DATAID, RELEASEID, UNIQUEKEY, INCLUDESQL, COLTYPE ) values ( 'DC_E_CUDB:((3)):DC_E_CUDB_RSASUBS:RAW', 'NSUBSRSA90', 190, 'numeric', 18, 8, 255, 1, '', 'Number of subscribers registered in CUDB due to the HLR application having the RSA90 associated', 'NSUBSRSA90.actual', 'DC_E_CUDB:((FINAL))', 0, 1, 'COUNTER' );
insert into Measurementcolumn ( MTABLEID, DATANAME, COLNUMBER, DATATYPE, DATASIZE, DATASCALE, UNIQUEVALUE, NULLABLE, INDEXES, DESCRIPTION, DATAID, RELEASEID, UNIQUEKEY, INCLUDESQL, COLTYPE ) values ( 'DC_E_CUDB:((3)):DC_E_CUDB_RSASUBS:RAW', 'NSUBSRSA91', 191, 'numeric', 18, 8, 255, 1, '', 'Number of subscribers registered in CUDB due to the HLR application having the RSA91 associated', 'NSUBSRSA91.actual', 'DC_E_CUDB:((FINAL))', 0, 1, 'COUNTER' );
insert into Measurementcolumn ( MTABLEID, DATANAME, COLNUMBER, DATATYPE, DATASIZE, DATASCALE, UNIQUEVALUE, NULLABLE, INDEXES, DESCRIPTION, DATAID, RELEASEID, UNIQUEKEY, INCLUDESQL, COLTYPE ) values ( 'DC_E_CUDB:((3)):DC_E_CUDB_RSASUBS:RAW', 'NSUBSRSA92', 192, 'numeric', 18, 8, 255, 1, '', 'Number of subscribers registered in CUDB due to the HLR application having the RSA92 associated', 'NSUBSRSA92.actual', 'DC_E_CUDB:((FINAL))', 0, 1, 'COUNTER' );
insert into Measurementcolumn ( MTABLEID, DATANAME, COLNUMBER, DATATYPE, DATASIZE, DATASCALE, UNIQUEVALUE, NULLABLE, INDEXES, DESCRIPTION, DATAID, RELEASEID, UNIQUEKEY, INCLUDESQL, COLTYPE ) values ( 'DC_E_CUDB:((3)):DC_E_CUDB_RSASUBS:RAW', 'NSUBSRSA93', 193, 'numeric', 18, 8, 255, 1, '', 'Number of subscribers registered in CUDB due to the HLR application having the RSA93 associated', 'NSUBSRSA93.actual', 'DC_E_CUDB:((FINAL))', 0, 1, 'COUNTER' );
insert into Measurementcolumn ( MTABLEID, DATANAME, COLNUMBER, DATATYPE, DATASIZE, DATASCALE, UNIQUEVALUE, NULLABLE, INDEXES, DESCRIPTION, DATAID, RELEASEID, UNIQUEKEY, INCLUDESQL, COLTYPE ) values ( 'DC_E_CUDB:((3)):DC_E_CUDB_RSASUBS:RAW', 'NSUBSRSA94', 194, 'numeric', 18, 8, 255, 1, '', 'Number of subscribers registered in CUDB due to the HLR application having the RSA94 associated', 'NSUBSRSA94.actual', 'DC_E_CUDB:((FINAL))', 0, 1, 'COUNTER' );
insert into Measurementcolumn ( MTABLEID, DATANAME, COLNUMBER, DATATYPE, DATASIZE, DATASCALE, UNIQUEVALUE, NULLABLE, INDEXES, DESCRIPTION, DATAID, RELEASEID, UNIQUEKEY, INCLUDESQL, COLTYPE ) values ( 'DC_E_CUDB:((3)):DC_E_CUDB_RSASUBS:RAW', 'NSUBSRSA95', 195, 'numeric', 18, 8, 255, 1, '', 'Number of subscribers registered in CUDB due to the HLR application having the RSA95 associated', 'NSUBSRSA95.actual', 'DC_E_CUDB:((FINAL))', 0, 1, 'COUNTER' );
insert into Measurementcolumn ( MTABLEID, DATANAME, COLNUMBER, DATATYPE, DATASIZE, DATASCALE, UNIQUEVALUE, NULLABLE, INDEXES, DESCRIPTION, DATAID, RELEASEID, UNIQUEKEY, INCLUDESQL, COLTYPE ) values ( 'DC_E_CUDB:((3)):DC_E_CUDB_RSASUBS:RAW', 'NSUBSRSA96', 196, 'numeric', 18, 8, 255, 1, '', 'Number of subscribers registered in CUDB due to the HLR application having the RSA96 associated', 'NSUBSRSA96.actual', 'DC_E_CUDB:((FINAL))', 0, 1, 'COUNTER' );
insert into Measurementcolumn ( MTABLEID, DATANAME, COLNUMBER, DATATYPE, DATASIZE, DATASCALE, UNIQUEVALUE, NULLABLE, INDEXES, DESCRIPTION, DATAID, RELEASEID, UNIQUEKEY, INCLUDESQL, COLTYPE ) values ( 'DC_E_CUDB:((3)):DC_E_CUDB_RSASUBS:RAW', 'NSUBSRSA97', 197, 'numeric', 18, 8, 255, 1, '', 'Number of subscribers registered in CUDB due to the HLR application having the RSA97 associated', 'NSUBSRSA97.actual', 'DC_E_CUDB:((FINAL))', 0, 1, 'COUNTER' );
insert into Measurementcolumn ( MTABLEID, DATANAME, COLNUMBER, DATATYPE, DATASIZE, DATASCALE, UNIQUEVALUE, NULLABLE, INDEXES, DESCRIPTION, DATAID, RELEASEID, UNIQUEKEY, INCLUDESQL, COLTYPE ) values ( 'DC_E_CUDB:((3)):DC_E_CUDB_RSASUBS:RAW', 'NSUBSRSA98', 198, 'numeric', 18, 8, 255, 1, '', 'Number of subscribers registered in CUDB due to the HLR application having the RSA98 associated', 'NSUBSRSA98.actual', 'DC_E_CUDB:((FINAL))', 0, 1, 'COUNTER' );
insert into Measurementcolumn ( MTABLEID, DATANAME, COLNUMBER, DATATYPE, DATASIZE, DATASCALE, UNIQUEVALUE, NULLABLE, INDEXES, DESCRIPTION, DATAID, RELEASEID, UNIQUEKEY, INCLUDESQL, COLTYPE ) values ( 'DC_E_CUDB:((3)):DC_E_CUDB_RSASUBS:RAW', 'NSUBSRSA99', 199, 'numeric', 18, 8, 255, 1, '', 'Number of subscribers registered in CUDB due to the HLR application having the RSA99 associated', 'NSUBSRSA99.actual', 'DC_E_CUDB:((FINAL))', 0, 1, 'COUNTER' );
insert into Measurementcolumn ( MTABLEID, DATANAME, COLNUMBER, DATATYPE, DATASIZE, DATASCALE, UNIQUEVALUE, NULLABLE, INDEXES, DESCRIPTION, DATAID, RELEASEID, UNIQUEKEY, INCLUDESQL, COLTYPE ) values ( 'DC_E_CUDB:((3)):DC_E_CUDB_RSASUBS:RAW', 'OSS_ID', 1, 'varchar', 50, 0, 255, 0, 'HG', 'OSS Id', 'OSS_ID', 'DC_E_CUDB:((FINAL))', 1, 1, 'KEY' );
insert into Measurementcolumn ( MTABLEID, DATANAME, COLNUMBER, DATATYPE, DATASIZE, DATASCALE, UNIQUEVALUE, NULLABLE, INDEXES, DESCRIPTION, DATAID, RELEASEID, UNIQUEKEY, INCLUDESQL, COLTYPE ) values ( 'DC_E_CUDB:((3)):DC_E_CUDB_RSASUBS:RAW', 'PERIOD_DURATION', 61, 'unsigned int', 0, 0, 10, 1, '', '', 'PERIOD_DURATION', 'BASE_TP_090421', 0, 1, null );
insert into Measurementcolumn ( MTABLEID, DATANAME, COLNUMBER, DATATYPE, DATASIZE, DATASCALE, UNIQUEVALUE, NULLABLE, INDEXES, DESCRIPTION, DATAID, RELEASEID, UNIQUEKEY, INCLUDESQL, COLTYPE ) values ( 'DC_E_CUDB:((3)):DC_E_CUDB_RSASUBS:RAW', 'ROWSTATUS', 62, 'varchar', 16, 0, 10, 1, '', '', 'ROWSTATUS', 'BASE_TP_090421', 0, 1, null );
insert into Measurementcolumn ( MTABLEID, DATANAME, COLNUMBER, DATATYPE, DATASIZE, DATASCALE, UNIQUEVALUE, NULLABLE, INDEXES, DESCRIPTION, DATAID, RELEASEID, UNIQUEKEY, INCLUDESQL, COLTYPE ) values ( 'DC_E_CUDB:((3)):DC_E_CUDB_RSASUBS:RAW', 'SESSION_ID', 59, 'unsigned int', 0, 0, 255, 1, '', '', 'SESSION_ID', 'BASE_TP_090421', 0, 0, null );
insert into Measurementcolumn ( MTABLEID, DATANAME, COLNUMBER, DATATYPE, DATASIZE, DATASCALE, UNIQUEVALUE, NULLABLE, INDEXES, DESCRIPTION, DATAID, RELEASEID, UNIQUEKEY, INCLUDESQL, COLTYPE ) values ( 'DC_E_CUDB:((3)):DC_E_CUDB_RSASUBS:RAW', 'TIMELEVEL', 58, 'varchar', 10, 0, 10, 1, 'LF', '', 'TIMELEVEL', 'BASE_TP_090421', 0, 0, null );
insert into Measurementcolumn ( MTABLEID, DATANAME, COLNUMBER, DATATYPE, DATASIZE, DATASCALE, UNIQUEVALUE, NULLABLE, INDEXES, DESCRIPTION, DATAID, RELEASEID, UNIQUEKEY, INCLUDESQL, COLTYPE ) values ( 'DC_E_CUDB:((3)):DC_E_CUDB_RSASUBS:RAW', 'UTC_DATETIME_ID', 67, 'datetime', 0, 0, 255, 1, 'HG', '', 'UTC_DATETIME_ID', 'BASE_TP_090421', 1, 1, null );
insert into Measurementcolumn ( MTABLEID, DATANAME, COLNUMBER, DATATYPE, DATASIZE, DATASCALE, UNIQUEVALUE, NULLABLE, INDEXES, DESCRIPTION, DATAID, RELEASEID, UNIQUEKEY, INCLUDESQL, COLTYPE ) values ( 'DC_E_CUDB:((3)):DC_E_CUDB_RSASUBS:RAW', 'YEAR_ID', 52, 'smallint', 0, 0, 20, 1, 'LF', '', 'YEAR_ID', 'BASE_TP_090421', 0, 0, null );
insert into Measurementtype ( TYPEID, TYPECLASSID, TYPENAME, VENDORID, FOLDERNAME, DESCRIPTION, STATUS, VERSIONID, OBJECTID, OBJECTNAME, OBJECTVERSION, OBJECTTYPE, JOINABLE, SIZING, TOTALAGG, ELEMENTBHSUPPORT, RANKINGTABLE, DELTACALCSUPPORT, PLAINTABLE, UNIVERSEEXTENSION, VECTORSUPPORT, DATAFORMATSUPPORT ) values ( 'DC_E_CUDB:((3)):DC_E_CUDB_SERVFEAT', 'DC_E_CUDB:((3)):DC_E_CUDB_HLR', 'DC_E_CUDB_SERVFEAT', 'DC_E_CUDB', 'DC_E_CUDB_SERVFEAT', 'HLR application subscriber counters', null, 'DC_E_CUDB:((3))', 'DC_E_CUDB:((3)):DC_E_CUDB_SERVFEAT', 'DC_E_CUDB_SERVFEAT', null, null, '', 'small', 1, 0, 0, 0, 0, 'ALL', 0, 1 );
insert into Measurementkey ( TYPEID, DATANAME, DESCRIPTION, ISELEMENT, UNIQUEKEY, COLNUMBER, DATATYPE, DATASIZE, DATASCALE, UNIQUEVALUE, NULLABLE, INDEXES, INCLUDESQL, UNIVOBJECT, JOINABLE, DATAID ) values ( 'DC_E_CUDB:((3)):DC_E_CUDB_SERVFEAT', 'NE_ID', 'Network Element Id', 1, 1, 2, 'varchar', 35, 0, 255, 0, 'HG', 1, 'NE_ID', null, 'NEID' );
insert into Measurementkey ( TYPEID, DATANAME, DESCRIPTION, ISELEMENT, UNIQUEKEY, COLNUMBER, DATATYPE, DATASIZE, DATASCALE, UNIQUEVALUE, NULLABLE, INDEXES, INCLUDESQL, UNIVOBJECT, JOINABLE, DATAID ) values ( 'DC_E_CUDB:((3)):DC_E_CUDB_SERVFEAT', 'OSS_ID', 'OSS Id', 0, 1, 1, 'varchar', 50, 0, 255, 0, 'HG', 1, 'OSS_ID', null, 'OSS_ID' );
insert into Measurementcounter ( TYPEID, DATANAME, DESCRIPTION, TIMEAGGREGATION, GROUPAGGREGATION, COUNTAGGREGATION, COLNUMBER, DATATYPE, DATASIZE, DATASCALE, INCLUDESQL, UNIVOBJECT, UNIVCLASS, COUNTERTYPE, COUNTERPROCESS, DATAID ) values ( 'DC_E_CUDB:((3)):DC_E_CUDB_SERVFEAT', 'NSERVFEATGERAN', 'Number of subscribers registered in CUDB due to the HLR application having GERAN Access Restriction feature  active', 'AVG', 'AVG', 'GAUGE', 108, 'numeric', 18, 8, 1, 'NSERVFEATGERAN', null, 'GAUGE', 'GAUGE', 'NSERVFEATGERAN.actual' );
insert into Measurementcounter ( TYPEID, DATANAME, DESCRIPTION, TIMEAGGREGATION, GROUPAGGREGATION, COUNTAGGREGATION, COLNUMBER, DATATYPE, DATASIZE, DATASCALE, INCLUDESQL, UNIVOBJECT, UNIVCLASS, COUNTERTYPE, COUNTERPROCESS, DATAID ) values ( 'DC_E_CUDB:((3)):DC_E_CUDB_SERVFEAT', 'NSERVFEATIST', 'Number of subscribers registered in CUDB due to the HLR application having Immediate Service Termination feature active', 'AVG', 'AVG', 'GAUGE', 103, 'numeric', 18, 8, 1, 'NSERVFEATIST', null, 'GAUGE', 'GAUGE', 'NSERVFEATIST.actual' );
insert into Measurementcounter ( TYPEID, DATANAME, DESCRIPTION, TIMEAGGREGATION, GROUPAGGREGATION, COUNTAGGREGATION, COLNUMBER, DATATYPE, DATASIZE, DATASCALE, INCLUDESQL, UNIVOBJECT, UNIVCLASS, COUNTERTYPE, COUNTERPROCESS, DATAID ) values ( 'DC_E_CUDB:((3)):DC_E_CUDB_SERVFEAT', 'NSERVFEATMMINT', 'Number of subscribers registered in CUDB due to the HLR application having Mobility Management Related IN  Triggers feature active', 'AVG', 'AVG', 'GAUGE', 101, 'numeric', 18, 8, 1, 'NSERVFEATMMINT', null, 'GAUGE', 'GAUGE', 'NSERVFEATMMINT.actual' );
insert into Measurementcounter ( TYPEID, DATANAME, DESCRIPTION, TIMEAGGREGATION, GROUPAGGREGATION, COUNTAGGREGATION, COLNUMBER, DATATYPE, DATASIZE, DATASCALE, INCLUDESQL, UNIVOBJECT, UNIVCLASS, COUNTERTYPE, COUNTERPROCESS, DATAID ) values ( 'DC_E_CUDB:((3)):DC_E_CUDB_SERVFEAT', 'NSERVFEATOBCC', 'Number of subscribers registered in CUDB due to the HLR application having Operator Determined Barring of CCDA Calls feature active', 'AVG', 'AVG', 'GAUGE', 107, 'numeric', 18, 8, 1, 'NSERVFEATOBCC', null, 'GAUGE', 'GAUGE', 'NSERVFEATOBCC.actual' );
insert into Measurementcounter ( TYPEID, DATANAME, DESCRIPTION, TIMEAGGREGATION, GROUPAGGREGATION, COUNTAGGREGATION, COLNUMBER, DATATYPE, DATASIZE, DATASCALE, INCLUDESQL, UNIVOBJECT, UNIVCLASS, COUNTERTYPE, COUNTERPROCESS, DATAID ) values ( 'DC_E_CUDB:((3)):DC_E_CUDB_SERVFEAT', 'NSERVFEATPRBT', 'Number of subscribers registered in CUDB due to the HLR application having Personalized Ring Back Tone feature active', 'AVG', 'AVG', 'GAUGE', 105, 'numeric', 18, 8, 1, 'NSERVFEATPRBT', null, 'GAUGE', 'GAUGE', 'NSERVFEATPRBT.actual' );
insert into Measurementcounter ( TYPEID, DATANAME, DESCRIPTION, TIMEAGGREGATION, GROUPAGGREGATION, COUNTAGGREGATION, COLNUMBER, DATATYPE, DATASIZE, DATASCALE, INCLUDESQL, UNIVOBJECT, UNIVCLASS, COUNTERTYPE, COUNTERPROCESS, DATAID ) values ( 'DC_E_CUDB:((3)):DC_E_CUDB_SERVFEAT', 'NSERVFEATSPAMSMS', 'Number of subscribers registered in CUDB due to the HLR application having Spam Control for MobileTerminating  SMS feature active', 'AVG', 'AVG', 'GAUGE', 106, 'numeric', 18, 8, 1, 'NSERVFEATSPAMSMS', null, 'GAUGE', 'GAUGE', 'NSERVFEATSPAMSMS.actual' );
insert into Measurementcounter ( TYPEID, DATANAME, DESCRIPTION, TIMEAGGREGATION, GROUPAGGREGATION, COUNTAGGREGATION, COLNUMBER, DATATYPE, DATASIZE, DATASCALE, INCLUDESQL, UNIVOBJECT, UNIVCLASS, COUNTERTYPE, COUNTERPROCESS, DATAID ) values ( 'DC_E_CUDB:((3)):DC_E_CUDB_SERVFEAT', 'NSERVFEATSTE', 'Number of subscribers registered in CUDB due to the HLR application having Spatial Triggers feature active', 'AVG', 'AVG', 'GAUGE', 104, 'numeric', 18, 8, 1, 'NSERVFEATSTE', null, 'GAUGE', 'GAUGE', 'NSERVFEATSTE.actual' );
insert into Measurementcounter ( TYPEID, DATANAME, DESCRIPTION, TIMEAGGREGATION, GROUPAGGREGATION, COUNTAGGREGATION, COLNUMBER, DATATYPE, DATASIZE, DATASCALE, INCLUDESQL, UNIVOBJECT, UNIVCLASS, COUNTERTYPE, COUNTERPROCESS, DATAID ) values ( 'DC_E_CUDB:((3)):DC_E_CUDB_SERVFEAT', 'NSERVFEATSUBTRAC', 'Number of subscribers registered in CUDB due to the HLR application having Subscriber Tracing feature active', 'AVG', 'AVG', 'GAUGE', 102, 'numeric', 18, 8, 1, 'NSERVFEATSUBTRAC', null, 'GAUGE', 'GAUGE', 'NSERVFEATSUBTRAC.actual' );
insert into Measurementcounter ( TYPEID, DATANAME, DESCRIPTION, TIMEAGGREGATION, GROUPAGGREGATION, COUNTAGGREGATION, COLNUMBER, DATATYPE, DATASIZE, DATASCALE, INCLUDESQL, UNIVOBJECT, UNIVCLASS, COUNTERTYPE, COUNTERPROCESS, DATAID ) values ( 'DC_E_CUDB:((3)):DC_E_CUDB_SERVFEAT', 'NSERVFEATUTRAN', 'Number of subscribers registered in CUDB due to the HLR application having UTRAN Access Restriction feature  active', 'AVG', 'AVG', 'GAUGE', 109, 'numeric', 18, 8, 1, 'NSERVFEATUTRAN', null, 'GAUGE', 'GAUGE', 'NSERVFEATUTRAN.actual' );
insert into Measurementtable ( MTABLEID, TABLELEVEL, TYPEID, BASETABLENAME, DEFAULT_TEMPLATE, PARTITIONPLAN ) values ( 'DC_E_CUDB:((3)):DC_E_CUDB_SERVFEAT:DAY', 'DAY', 'DC_E_CUDB:((3)):DC_E_CUDB_SERVFEAT', 'DC_E_CUDB_SERVFEAT_DAY', null, 'small_day' );
insert into Measurementcolumn ( MTABLEID, DATANAME, COLNUMBER, DATATYPE, DATASIZE, DATASCALE, UNIQUEVALUE, NULLABLE, INDEXES, DESCRIPTION, DATAID, RELEASEID, UNIQUEKEY, INCLUDESQL, COLTYPE ) values ( 'DC_E_CUDB:((3)):DC_E_CUDB_SERVFEAT:DAY', 'AGG_COUNT', 57, 'smallint', 0, 0, 255, 1, '', '', 'AGG_COUNT', 'BASE_TP_090421', 0, 0, null );
insert into Measurementcolumn ( MTABLEID, DATANAME, COLNUMBER, DATATYPE, DATASIZE, DATASCALE, UNIQUEVALUE, NULLABLE, INDEXES, DESCRIPTION, DATAID, RELEASEID, UNIQUEKEY, INCLUDESQL, COLTYPE ) values ( 'DC_E_CUDB:((3)):DC_E_CUDB_SERVFEAT:DAY', 'BATCH_ID', 60, 'smallint', 0, 0, 255, 1, '', '', 'BATCH_ID', 'BASE_TP_090421', 0, 0, null );
insert into Measurementcolumn ( MTABLEID, DATANAME, COLNUMBER, DATATYPE, DATASIZE, DATASCALE, UNIQUEVALUE, NULLABLE, INDEXES, DESCRIPTION, DATAID, RELEASEID, UNIQUEKEY, INCLUDESQL, COLTYPE ) values ( 'DC_E_CUDB:((3)):DC_E_CUDB_SERVFEAT:DAY', 'DATACOVERAGE', 56, 'unsigned int', 0, 0, 255, 1, '', '', 'DATACOVERAGE', 'BASE_TP_090421', 0, 1, null );
insert into Measurementcolumn ( MTABLEID, DATANAME, COLNUMBER, DATATYPE, DATASIZE, DATASCALE, UNIQUEVALUE, NULLABLE, INDEXES, DESCRIPTION, DATAID, RELEASEID, UNIQUEKEY, INCLUDESQL, COLTYPE ) values ( 'DC_E_CUDB:((3)):DC_E_CUDB_SERVFEAT:DAY', 'DATE_ID', 51, 'date', 0, 0, 255, 1, 'LF', '', 'DATE_ID', 'BASE_TP_090421', 1, 1, null );
insert into Measurementcolumn ( MTABLEID, DATANAME, COLNUMBER, DATATYPE, DATASIZE, DATASCALE, UNIQUEVALUE, NULLABLE, INDEXES, DESCRIPTION, DATAID, RELEASEID, UNIQUEKEY, INCLUDESQL, COLTYPE ) values ( 'DC_E_CUDB:((3)):DC_E_CUDB_SERVFEAT:DAY', 'DAY_ID', 54, 'tinyint', 0, 0, 31, 1, 'LF', '', 'DAY_ID', 'BASE_TP_090421', 0, 0, null );
insert into Measurementcolumn ( MTABLEID, DATANAME, COLNUMBER, DATATYPE, DATASIZE, DATASCALE, UNIQUEVALUE, NULLABLE, INDEXES, DESCRIPTION, DATAID, RELEASEID, UNIQUEKEY, INCLUDESQL, COLTYPE ) values ( 'DC_E_CUDB:((3)):DC_E_CUDB_SERVFEAT:DAY', 'DC_RELEASE', 63, 'varchar', 16, 0, 2, 1, 'LF', '', 'DC_RELEASE', 'BASE_TP_090421', 1, 1, null );
insert into Measurementcolumn ( MTABLEID, DATANAME, COLNUMBER, DATATYPE, DATASIZE, DATASCALE, UNIQUEVALUE, NULLABLE, INDEXES, DESCRIPTION, DATAID, RELEASEID, UNIQUEKEY, INCLUDESQL, COLTYPE ) values ( 'DC_E_CUDB:((3)):DC_E_CUDB_SERVFEAT:DAY', 'DC_SOURCE', 64, 'varchar', 16, 0, 2, 1, 'LF', '', 'DC_SOURCE', 'BASE_TP_090421', 0, 1, null );
insert into Measurementcolumn ( MTABLEID, DATANAME, COLNUMBER, DATATYPE, DATASIZE, DATASCALE, UNIQUEVALUE, NULLABLE, INDEXES, DESCRIPTION, DATAID, RELEASEID, UNIQUEKEY, INCLUDESQL, COLTYPE ) values ( 'DC_E_CUDB:((3)):DC_E_CUDB_SERVFEAT:DAY', 'DC_SUSPECTFLAG', 66, 'int', 0, 0, 2, 1, 'LF', '', 'DC_SUSPECTFLAG', 'BASE_TP_090421', 0, 1, null );
insert into Measurementcolumn ( MTABLEID, DATANAME, COLNUMBER, DATATYPE, DATASIZE, DATASCALE, UNIQUEVALUE, NULLABLE, INDEXES, DESCRIPTION, DATAID, RELEASEID, UNIQUEKEY, INCLUDESQL, COLTYPE ) values ( 'DC_E_CUDB:((3)):DC_E_CUDB_SERVFEAT:DAY', 'DC_TIMEZONE', 65, 'varchar', 16, 0, 2, 1, 'LF', '', 'DC_TIMEZONE', 'BASE_TP_090421', 0, 1, null );
insert into Measurementcolumn ( MTABLEID, DATANAME, COLNUMBER, DATATYPE, DATASIZE, DATASCALE, UNIQUEVALUE, NULLABLE, INDEXES, DESCRIPTION, DATAID, RELEASEID, UNIQUEKEY, INCLUDESQL, COLTYPE ) values ( 'DC_E_CUDB:((3)):DC_E_CUDB_SERVFEAT:DAY', 'MONTH_ID', 53, 'tinyint', 0, 0, 12, 1, 'LF', '', 'MONTH_ID', 'BASE_TP_090421', 0, 0, null );
insert into Measurementcolumn ( MTABLEID, DATANAME, COLNUMBER, DATATYPE, DATASIZE, DATASCALE, UNIQUEVALUE, NULLABLE, INDEXES, DESCRIPTION, DATAID, RELEASEID, UNIQUEKEY, INCLUDESQL, COLTYPE ) values ( 'DC_E_CUDB:((3)):DC_E_CUDB_SERVFEAT:DAY', 'NE_ID', 2, 'varchar', 35, 0, 255, 0, 'HG', 'Network Element Id', 'NEID', 'DC_E_CUDB:((FINAL))', 1, 1, 'KEY' );
insert into Measurementcolumn ( MTABLEID, DATANAME, COLNUMBER, DATATYPE, DATASIZE, DATASCALE, UNIQUEVALUE, NULLABLE, INDEXES, DESCRIPTION, DATAID, RELEASEID, UNIQUEKEY, INCLUDESQL, COLTYPE ) values ( 'DC_E_CUDB:((3)):DC_E_CUDB_SERVFEAT:DAY', 'NSERVFEATGERAN', 108, 'numeric', 18, 8, 255, 1, '', 'Number of subscribers registered in CUDB due to the HLR application having GERAN Access Restriction feature  active', 'NSERVFEATGERAN.actual', 'DC_E_CUDB:((FINAL))', 0, 1, 'COUNTER' );
insert into Measurementcolumn ( MTABLEID, DATANAME, COLNUMBER, DATATYPE, DATASIZE, DATASCALE, UNIQUEVALUE, NULLABLE, INDEXES, DESCRIPTION, DATAID, RELEASEID, UNIQUEKEY, INCLUDESQL, COLTYPE ) values ( 'DC_E_CUDB:((3)):DC_E_CUDB_SERVFEAT:DAY', 'NSERVFEATIST', 103, 'numeric', 18, 8, 255, 1, '', 'Number of subscribers registered in CUDB due to the HLR application having Immediate Service Termination feature active', 'NSERVFEATIST.actual', 'DC_E_CUDB:((FINAL))', 0, 1, 'COUNTER' );
insert into Measurementcolumn ( MTABLEID, DATANAME, COLNUMBER, DATATYPE, DATASIZE, DATASCALE, UNIQUEVALUE, NULLABLE, INDEXES, DESCRIPTION, DATAID, RELEASEID, UNIQUEKEY, INCLUDESQL, COLTYPE ) values ( 'DC_E_CUDB:((3)):DC_E_CUDB_SERVFEAT:DAY', 'NSERVFEATMMINT', 101, 'numeric', 18, 8, 255, 1, '', 'Number of subscribers registered in CUDB due to the HLR application having Mobility Management Related IN  Triggers feature active', 'NSERVFEATMMINT.actual', 'DC_E_CUDB:((FINAL))', 0, 1, 'COUNTER' );
insert into Measurementcolumn ( MTABLEID, DATANAME, COLNUMBER, DATATYPE, DATASIZE, DATASCALE, UNIQUEVALUE, NULLABLE, INDEXES, DESCRIPTION, DATAID, RELEASEID, UNIQUEKEY, INCLUDESQL, COLTYPE ) values ( 'DC_E_CUDB:((3)):DC_E_CUDB_SERVFEAT:DAY', 'NSERVFEATOBCC', 107, 'numeric', 18, 8, 255, 1, '', 'Number of subscribers registered in CUDB due to the HLR application having Operator Determined Barring of CCDA Calls feature active', 'NSERVFEATOBCC.actual', 'DC_E_CUDB:((FINAL))', 0, 1, 'COUNTER' );
insert into Measurementcolumn ( MTABLEID, DATANAME, COLNUMBER, DATATYPE, DATASIZE, DATASCALE, UNIQUEVALUE, NULLABLE, INDEXES, DESCRIPTION, DATAID, RELEASEID, UNIQUEKEY, INCLUDESQL, COLTYPE ) values ( 'DC_E_CUDB:((3)):DC_E_CUDB_SERVFEAT:DAY', 'NSERVFEATPRBT', 105, 'numeric', 18, 8, 255, 1, '', 'Number of subscribers registered in CUDB due to the HLR application having Personalized Ring Back Tone feature active', 'NSERVFEATPRBT.actual', 'DC_E_CUDB:((FINAL))', 0, 1, 'COUNTER' );
insert into Measurementcolumn ( MTABLEID, DATANAME, COLNUMBER, DATATYPE, DATASIZE, DATASCALE, UNIQUEVALUE, NULLABLE, INDEXES, DESCRIPTION, DATAID, RELEASEID, UNIQUEKEY, INCLUDESQL, COLTYPE ) values ( 'DC_E_CUDB:((3)):DC_E_CUDB_SERVFEAT:DAY', 'NSERVFEATSPAMSMS', 106, 'numeric', 18, 8, 255, 1, '', 'Number of subscribers registered in CUDB due to the HLR application having Spam Control for MobileTerminating  SMS feature active', 'NSERVFEATSPAMSMS.actual', 'DC_E_CUDB:((FINAL))', 0, 1, 'COUNTER' );
insert into Measurementcolumn ( MTABLEID, DATANAME, COLNUMBER, DATATYPE, DATASIZE, DATASCALE, UNIQUEVALUE, NULLABLE, INDEXES, DESCRIPTION, DATAID, RELEASEID, UNIQUEKEY, INCLUDESQL, COLTYPE ) values ( 'DC_E_CUDB:((3)):DC_E_CUDB_SERVFEAT:DAY', 'NSERVFEATSTE', 104, 'numeric', 18, 8, 255, 1, '', 'Number of subscribers registered in CUDB due to the HLR application having Spatial Triggers feature active', 'NSERVFEATSTE.actual', 'DC_E_CUDB:((FINAL))', 0, 1, 'COUNTER' );
insert into Measurementcolumn ( MTABLEID, DATANAME, COLNUMBER, DATATYPE, DATASIZE, DATASCALE, UNIQUEVALUE, NULLABLE, INDEXES, DESCRIPTION, DATAID, RELEASEID, UNIQUEKEY, INCLUDESQL, COLTYPE ) values ( 'DC_E_CUDB:((3)):DC_E_CUDB_SERVFEAT:DAY', 'NSERVFEATSUBTRAC', 102, 'numeric', 18, 8, 255, 1, '', 'Number of subscribers registered in CUDB due to the HLR application having Subscriber Tracing feature active', 'NSERVFEATSUBTRAC.actual', 'DC_E_CUDB:((FINAL))', 0, 1, 'COUNTER' );
insert into Measurementcolumn ( MTABLEID, DATANAME, COLNUMBER, DATATYPE, DATASIZE, DATASCALE, UNIQUEVALUE, NULLABLE, INDEXES, DESCRIPTION, DATAID, RELEASEID, UNIQUEKEY, INCLUDESQL, COLTYPE ) values ( 'DC_E_CUDB:((3)):DC_E_CUDB_SERVFEAT:DAY', 'NSERVFEATUTRAN', 109, 'numeric', 18, 8, 255, 1, '', 'Number of subscribers registered in CUDB due to the HLR application having UTRAN Access Restriction feature  active', 'NSERVFEATUTRAN.actual', 'DC_E_CUDB:((FINAL))', 0, 1, 'COUNTER' );
insert into Measurementcolumn ( MTABLEID, DATANAME, COLNUMBER, DATATYPE, DATASIZE, DATASCALE, UNIQUEVALUE, NULLABLE, INDEXES, DESCRIPTION, DATAID, RELEASEID, UNIQUEKEY, INCLUDESQL, COLTYPE ) values ( 'DC_E_CUDB:((3)):DC_E_CUDB_SERVFEAT:DAY', 'OSS_ID', 1, 'varchar', 50, 0, 255, 0, 'HG', 'OSS Id', 'OSS_ID', 'DC_E_CUDB:((FINAL))', 1, 1, 'KEY' );
insert into Measurementcolumn ( MTABLEID, DATANAME, COLNUMBER, DATATYPE, DATASIZE, DATASCALE, UNIQUEVALUE, NULLABLE, INDEXES, DESCRIPTION, DATAID, RELEASEID, UNIQUEKEY, INCLUDESQL, COLTYPE ) values ( 'DC_E_CUDB:((3)):DC_E_CUDB_SERVFEAT:DAY', 'PERIOD_DURATION', 61, 'unsigned int', 0, 0, 10, 1, '', '', 'PERIOD_DURATION', 'BASE_TP_090421', 0, 1, null );
insert into Measurementcolumn ( MTABLEID, DATANAME, COLNUMBER, DATATYPE, DATASIZE, DATASCALE, UNIQUEVALUE, NULLABLE, INDEXES, DESCRIPTION, DATAID, RELEASEID, UNIQUEKEY, INCLUDESQL, COLTYPE ) values ( 'DC_E_CUDB:((3)):DC_E_CUDB_SERVFEAT:DAY', 'ROWSTATUS', 62, 'varchar', 16, 0, 10, 1, '', '', 'ROWSTATUS', 'BASE_TP_090421', 0, 1, null );
insert into Measurementcolumn ( MTABLEID, DATANAME, COLNUMBER, DATATYPE, DATASIZE, DATASCALE, UNIQUEVALUE, NULLABLE, INDEXES, DESCRIPTION, DATAID, RELEASEID, UNIQUEKEY, INCLUDESQL, COLTYPE ) values ( 'DC_E_CUDB:((3)):DC_E_CUDB_SERVFEAT:DAY', 'SESSION_ID', 59, 'unsigned int', 0, 0, 255, 1, '', '', 'SESSION_ID', 'BASE_TP_090421', 0, 0, null );
insert into Measurementcolumn ( MTABLEID, DATANAME, COLNUMBER, DATATYPE, DATASIZE, DATASCALE, UNIQUEVALUE, NULLABLE, INDEXES, DESCRIPTION, DATAID, RELEASEID, UNIQUEKEY, INCLUDESQL, COLTYPE ) values ( 'DC_E_CUDB:((3)):DC_E_CUDB_SERVFEAT:DAY', 'TIMELEVEL', 58, 'varchar', 10, 0, 10, 1, 'LF', '', 'TIMELEVEL', 'BASE_TP_090421', 0, 0, null );
insert into Measurementcolumn ( MTABLEID, DATANAME, COLNUMBER, DATATYPE, DATASIZE, DATASCALE, UNIQUEVALUE, NULLABLE, INDEXES, DESCRIPTION, DATAID, RELEASEID, UNIQUEKEY, INCLUDESQL, COLTYPE ) values ( 'DC_E_CUDB:((3)):DC_E_CUDB_SERVFEAT:DAY', 'WEEK_ID', 55, 'tinyint', 0, 0, 53, 1, 'LF', '', 'WEEK_ID', 'BASE_TP_090421', 0, 0, null );
insert into Measurementcolumn ( MTABLEID, DATANAME, COLNUMBER, DATATYPE, DATASIZE, DATASCALE, UNIQUEVALUE, NULLABLE, INDEXES, DESCRIPTION, DATAID, RELEASEID, UNIQUEKEY, INCLUDESQL, COLTYPE ) values ( 'DC_E_CUDB:((3)):DC_E_CUDB_SERVFEAT:DAY', 'YEAR_ID', 52, 'smallint', 0, 0, 20, 1, 'LF', '', 'YEAR_ID', 'BASE_TP_090421', 0, 0, null );
insert into Measurementtable ( MTABLEID, TABLELEVEL, TYPEID, BASETABLENAME, DEFAULT_TEMPLATE, PARTITIONPLAN ) values ( 'DC_E_CUDB:((3)):DC_E_CUDB_SERVFEAT:RAW', 'RAW', 'DC_E_CUDB:((3)):DC_E_CUDB_SERVFEAT', 'DC_E_CUDB_SERVFEAT_RAW', null, 'small_raw' );
insert into Measurementcolumn ( MTABLEID, DATANAME, COLNUMBER, DATATYPE, DATASIZE, DATASCALE, UNIQUEVALUE, NULLABLE, INDEXES, DESCRIPTION, DATAID, RELEASEID, UNIQUEKEY, INCLUDESQL, COLTYPE ) values ( 'DC_E_CUDB:((3)):DC_E_CUDB_SERVFEAT:RAW', 'BATCH_ID', 60, 'smallint', 0, 0, 255, 1, '', '', 'BATCH_ID', 'BASE_TP_090421', 0, 0, null );
insert into Measurementcolumn ( MTABLEID, DATANAME, COLNUMBER, DATATYPE, DATASIZE, DATASCALE, UNIQUEVALUE, NULLABLE, INDEXES, DESCRIPTION, DATAID, RELEASEID, UNIQUEKEY, INCLUDESQL, COLTYPE ) values ( 'DC_E_CUDB:((3)):DC_E_CUDB_SERVFEAT:RAW', 'DATE_ID', 51, 'date', 0, 0, 255, 1, 'LF', '', 'DATE_ID', 'BASE_TP_090421', 0, 0, null );
insert into Measurementcolumn ( MTABLEID, DATANAME, COLNUMBER, DATATYPE, DATASIZE, DATASCALE, UNIQUEVALUE, NULLABLE, INDEXES, DESCRIPTION, DATAID, RELEASEID, UNIQUEKEY, INCLUDESQL, COLTYPE ) values ( 'DC_E_CUDB:((3)):DC_E_CUDB_SERVFEAT:RAW', 'DATETIME_ID', 56, 'datetime', 0, 0, 255, 1, 'HG', '', 'DATETIME_ID', 'BASE_TP_090421', 1, 1, null );
insert into Measurementcolumn ( MTABLEID, DATANAME, COLNUMBER, DATATYPE, DATASIZE, DATASCALE, UNIQUEVALUE, NULLABLE, INDEXES, DESCRIPTION, DATAID, RELEASEID, UNIQUEKEY, INCLUDESQL, COLTYPE ) values ( 'DC_E_CUDB:((3)):DC_E_CUDB_SERVFEAT:RAW', 'DAY_ID', 54, 'tinyint', 0, 0, 31, 1, 'LF', '', 'DAY_ID', 'BASE_TP_090421', 0, 0, null );
insert into Measurementcolumn ( MTABLEID, DATANAME, COLNUMBER, DATATYPE, DATASIZE, DATASCALE, UNIQUEVALUE, NULLABLE, INDEXES, DESCRIPTION, DATAID, RELEASEID, UNIQUEKEY, INCLUDESQL, COLTYPE ) values ( 'DC_E_CUDB:((3)):DC_E_CUDB_SERVFEAT:RAW', 'DC_RELEASE', 63, 'varchar', 16, 0, 2, 1, 'LF', '', 'DC_RELEASE', 'BASE_TP_090421', 0, 1, null );
insert into Measurementcolumn ( MTABLEID, DATANAME, COLNUMBER, DATATYPE, DATASIZE, DATASCALE, UNIQUEVALUE, NULLABLE, INDEXES, DESCRIPTION, DATAID, RELEASEID, UNIQUEKEY, INCLUDESQL, COLTYPE ) values ( 'DC_E_CUDB:((3)):DC_E_CUDB_SERVFEAT:RAW', 'DC_SOURCE', 64, 'varchar', 16, 0, 2, 1, 'LF', '', 'DC_SOURCE', 'BASE_TP_090421', 0, 1, null );
insert into Measurementcolumn ( MTABLEID, DATANAME, COLNUMBER, DATATYPE, DATASIZE, DATASCALE, UNIQUEVALUE, NULLABLE, INDEXES, DESCRIPTION, DATAID, RELEASEID, UNIQUEKEY, INCLUDESQL, COLTYPE ) values ( 'DC_E_CUDB:((3)):DC_E_CUDB_SERVFEAT:RAW', 'DC_SUSPECTFLAG', 66, 'int', 0, 0, 2, 1, 'LF', '', 'DC_SUSPECTFLAG', 'BASE_TP_090421', 0, 1, null );
insert into Measurementcolumn ( MTABLEID, DATANAME, COLNUMBER, DATATYPE, DATASIZE, DATASCALE, UNIQUEVALUE, NULLABLE, INDEXES, DESCRIPTION, DATAID, RELEASEID, UNIQUEKEY, INCLUDESQL, COLTYPE ) values ( 'DC_E_CUDB:((3)):DC_E_CUDB_SERVFEAT:RAW', 'DC_TIMEZONE', 65, 'varchar', 16, 0, 2, 1, 'LF', '', 'DC_TIMEZONE', 'BASE_TP_090421', 0, 1, null );
insert into Measurementcolumn ( MTABLEID, DATANAME, COLNUMBER, DATATYPE, DATASIZE, DATASCALE, UNIQUEVALUE, NULLABLE, INDEXES, DESCRIPTION, DATAID, RELEASEID, UNIQUEKEY, INCLUDESQL, COLTYPE ) values ( 'DC_E_CUDB:((3)):DC_E_CUDB_SERVFEAT:RAW', 'HOUR_ID', 55, 'tinyint', 0, 0, 24, 1, 'LF', '', 'HOUR_ID', 'BASE_TP_090421', 0, 0, null );
insert into Measurementcolumn ( MTABLEID, DATANAME, COLNUMBER, DATATYPE, DATASIZE, DATASCALE, UNIQUEVALUE, NULLABLE, INDEXES, DESCRIPTION, DATAID, RELEASEID, UNIQUEKEY, INCLUDESQL, COLTYPE ) values ( 'DC_E_CUDB:((3)):DC_E_CUDB_SERVFEAT:RAW', 'MIN_ID', 57, 'tinyint', 0, 0, 60, 1, 'LF', '', 'MIN_ID', 'BASE_TP_090421', 0, 0, null );
insert into Measurementcolumn ( MTABLEID, DATANAME, COLNUMBER, DATATYPE, DATASIZE, DATASCALE, UNIQUEVALUE, NULLABLE, INDEXES, DESCRIPTION, DATAID, RELEASEID, UNIQUEKEY, INCLUDESQL, COLTYPE ) values ( 'DC_E_CUDB:((3)):DC_E_CUDB_SERVFEAT:RAW', 'MONTH_ID', 53, 'tinyint', 0, 0, 12, 1, 'LF', '', 'MONTH_ID', 'BASE_TP_090421', 0, 0, null );
insert into Measurementcolumn ( MTABLEID, DATANAME, COLNUMBER, DATATYPE, DATASIZE, DATASCALE, UNIQUEVALUE, NULLABLE, INDEXES, DESCRIPTION, DATAID, RELEASEID, UNIQUEKEY, INCLUDESQL, COLTYPE ) values ( 'DC_E_CUDB:((3)):DC_E_CUDB_SERVFEAT:RAW', 'NE_ID', 2, 'varchar', 35, 0, 255, 0, 'HG', 'Network Element Id', 'NEID', 'DC_E_CUDB:((FINAL))', 1, 1, 'KEY' );
insert into Measurementcolumn ( MTABLEID, DATANAME, COLNUMBER, DATATYPE, DATASIZE, DATASCALE, UNIQUEVALUE, NULLABLE, INDEXES, DESCRIPTION, DATAID, RELEASEID, UNIQUEKEY, INCLUDESQL, COLTYPE ) values ( 'DC_E_CUDB:((3)):DC_E_CUDB_SERVFEAT:RAW', 'NSERVFEATGERAN', 108, 'numeric', 18, 8, 255, 1, '', 'Number of subscribers registered in CUDB due to the HLR application having GERAN Access Restriction feature  active', 'NSERVFEATGERAN.actual', 'DC_E_CUDB:((FINAL))', 0, 1, 'COUNTER' );
insert into Measurementcolumn ( MTABLEID, DATANAME, COLNUMBER, DATATYPE, DATASIZE, DATASCALE, UNIQUEVALUE, NULLABLE, INDEXES, DESCRIPTION, DATAID, RELEASEID, UNIQUEKEY, INCLUDESQL, COLTYPE ) values ( 'DC_E_CUDB:((3)):DC_E_CUDB_SERVFEAT:RAW', 'NSERVFEATIST', 103, 'numeric', 18, 8, 255, 1, '', 'Number of subscribers registered in CUDB due to the HLR application having Immediate Service Termination feature active', 'NSERVFEATIST.actual', 'DC_E_CUDB:((FINAL))', 0, 1, 'COUNTER' );
insert into Measurementcolumn ( MTABLEID, DATANAME, COLNUMBER, DATATYPE, DATASIZE, DATASCALE, UNIQUEVALUE, NULLABLE, INDEXES, DESCRIPTION, DATAID, RELEASEID, UNIQUEKEY, INCLUDESQL, COLTYPE ) values ( 'DC_E_CUDB:((3)):DC_E_CUDB_SERVFEAT:RAW', 'NSERVFEATMMINT', 101, 'numeric', 18, 8, 255, 1, '', 'Number of subscribers registered in CUDB due to the HLR application having Mobility Management Related IN  Triggers feature active', 'NSERVFEATMMINT.actual', 'DC_E_CUDB:((FINAL))', 0, 1, 'COUNTER' );
insert into Measurementcolumn ( MTABLEID, DATANAME, COLNUMBER, DATATYPE, DATASIZE, DATASCALE, UNIQUEVALUE, NULLABLE, INDEXES, DESCRIPTION, DATAID, RELEASEID, UNIQUEKEY, INCLUDESQL, COLTYPE ) values ( 'DC_E_CUDB:((3)):DC_E_CUDB_SERVFEAT:RAW', 'NSERVFEATOBCC', 107, 'numeric', 18, 8, 255, 1, '', 'Number of subscribers registered in CUDB due to the HLR application having Operator Determined Barring of CCDA Calls feature active', 'NSERVFEATOBCC.actual', 'DC_E_CUDB:((FINAL))', 0, 1, 'COUNTER' );
insert into Measurementcolumn ( MTABLEID, DATANAME, COLNUMBER, DATATYPE, DATASIZE, DATASCALE, UNIQUEVALUE, NULLABLE, INDEXES, DESCRIPTION, DATAID, RELEASEID, UNIQUEKEY, INCLUDESQL, COLTYPE ) values ( 'DC_E_CUDB:((3)):DC_E_CUDB_SERVFEAT:RAW', 'NSERVFEATPRBT', 105, 'numeric', 18, 8, 255, 1, '', 'Number of subscribers registered in CUDB due to the HLR application having Personalized Ring Back Tone feature active', 'NSERVFEATPRBT.actual', 'DC_E_CUDB:((FINAL))', 0, 1, 'COUNTER' );
insert into Measurementcolumn ( MTABLEID, DATANAME, COLNUMBER, DATATYPE, DATASIZE, DATASCALE, UNIQUEVALUE, NULLABLE, INDEXES, DESCRIPTION, DATAID, RELEASEID, UNIQUEKEY, INCLUDESQL, COLTYPE ) values ( 'DC_E_CUDB:((3)):DC_E_CUDB_SERVFEAT:RAW', 'NSERVFEATSPAMSMS', 106, 'numeric', 18, 8, 255, 1, '', 'Number of subscribers registered in CUDB due to the HLR application having Spam Control for MobileTerminating  SMS feature active', 'NSERVFEATSPAMSMS.actual', 'DC_E_CUDB:((FINAL))', 0, 1, 'COUNTER' );
insert into Measurementcolumn ( MTABLEID, DATANAME, COLNUMBER, DATATYPE, DATASIZE, DATASCALE, UNIQUEVALUE, NULLABLE, INDEXES, DESCRIPTION, DATAID, RELEASEID, UNIQUEKEY, INCLUDESQL, COLTYPE ) values ( 'DC_E_CUDB:((3)):DC_E_CUDB_SERVFEAT:RAW', 'NSERVFEATSTE', 104, 'numeric', 18, 8, 255, 1, '', 'Number of subscribers registered in CUDB due to the HLR application having Spatial Triggers feature active', 'NSERVFEATSTE.actual', 'DC_E_CUDB:((FINAL))', 0, 1, 'COUNTER' );
insert into Measurementcolumn ( MTABLEID, DATANAME, COLNUMBER, DATATYPE, DATASIZE, DATASCALE, UNIQUEVALUE, NULLABLE, INDEXES, DESCRIPTION, DATAID, RELEASEID, UNIQUEKEY, INCLUDESQL, COLTYPE ) values ( 'DC_E_CUDB:((3)):DC_E_CUDB_SERVFEAT:RAW', 'NSERVFEATSUBTRAC', 102, 'numeric', 18, 8, 255, 1, '', 'Number of subscribers registered in CUDB due to the HLR application having Subscriber Tracing feature active', 'NSERVFEATSUBTRAC.actual', 'DC_E_CUDB:((FINAL))', 0, 1, 'COUNTER' );
insert into Measurementcolumn ( MTABLEID, DATANAME, COLNUMBER, DATATYPE, DATASIZE, DATASCALE, UNIQUEVALUE, NULLABLE, INDEXES, DESCRIPTION, DATAID, RELEASEID, UNIQUEKEY, INCLUDESQL, COLTYPE ) values ( 'DC_E_CUDB:((3)):DC_E_CUDB_SERVFEAT:RAW', 'NSERVFEATUTRAN', 109, 'numeric', 18, 8, 255, 1, '', 'Number of subscribers registered in CUDB due to the HLR application having UTRAN Access Restriction feature  active', 'NSERVFEATUTRAN.actual', 'DC_E_CUDB:((FINAL))', 0, 1, 'COUNTER' );
insert into Measurementcolumn ( MTABLEID, DATANAME, COLNUMBER, DATATYPE, DATASIZE, DATASCALE, UNIQUEVALUE, NULLABLE, INDEXES, DESCRIPTION, DATAID, RELEASEID, UNIQUEKEY, INCLUDESQL, COLTYPE ) values ( 'DC_E_CUDB:((3)):DC_E_CUDB_SERVFEAT:RAW', 'OSS_ID', 1, 'varchar', 50, 0, 255, 0, 'HG', 'OSS Id', 'OSS_ID', 'DC_E_CUDB:((FINAL))', 1, 1, 'KEY' );
insert into Measurementcolumn ( MTABLEID, DATANAME, COLNUMBER, DATATYPE, DATASIZE, DATASCALE, UNIQUEVALUE, NULLABLE, INDEXES, DESCRIPTION, DATAID, RELEASEID, UNIQUEKEY, INCLUDESQL, COLTYPE ) values ( 'DC_E_CUDB:((3)):DC_E_CUDB_SERVFEAT:RAW', 'PERIOD_DURATION', 61, 'unsigned int', 0, 0, 10, 1, '', '', 'PERIOD_DURATION', 'BASE_TP_090421', 0, 1, null );
insert into Measurementcolumn ( MTABLEID, DATANAME, COLNUMBER, DATATYPE, DATASIZE, DATASCALE, UNIQUEVALUE, NULLABLE, INDEXES, DESCRIPTION, DATAID, RELEASEID, UNIQUEKEY, INCLUDESQL, COLTYPE ) values ( 'DC_E_CUDB:((3)):DC_E_CUDB_SERVFEAT:RAW', 'ROWSTATUS', 62, 'varchar', 16, 0, 10, 1, '', '', 'ROWSTATUS', 'BASE_TP_090421', 0, 1, null );
insert into Measurementcolumn ( MTABLEID, DATANAME, COLNUMBER, DATATYPE, DATASIZE, DATASCALE, UNIQUEVALUE, NULLABLE, INDEXES, DESCRIPTION, DATAID, RELEASEID, UNIQUEKEY, INCLUDESQL, COLTYPE ) values ( 'DC_E_CUDB:((3)):DC_E_CUDB_SERVFEAT:RAW', 'SESSION_ID', 59, 'unsigned int', 0, 0, 255, 1, '', '', 'SESSION_ID', 'BASE_TP_090421', 0, 0, null );
insert into Measurementcolumn ( MTABLEID, DATANAME, COLNUMBER, DATATYPE, DATASIZE, DATASCALE, UNIQUEVALUE, NULLABLE, INDEXES, DESCRIPTION, DATAID, RELEASEID, UNIQUEKEY, INCLUDESQL, COLTYPE ) values ( 'DC_E_CUDB:((3)):DC_E_CUDB_SERVFEAT:RAW', 'TIMELEVEL', 58, 'varchar', 10, 0, 10, 1, 'LF', '', 'TIMELEVEL', 'BASE_TP_090421', 0, 0, null );
insert into Measurementcolumn ( MTABLEID, DATANAME, COLNUMBER, DATATYPE, DATASIZE, DATASCALE, UNIQUEVALUE, NULLABLE, INDEXES, DESCRIPTION, DATAID, RELEASEID, UNIQUEKEY, INCLUDESQL, COLTYPE ) values ( 'DC_E_CUDB:((3)):DC_E_CUDB_SERVFEAT:RAW', 'UTC_DATETIME_ID', 67, 'datetime', 0, 0, 255, 1, 'HG', '', 'UTC_DATETIME_ID', 'BASE_TP_090421', 1, 1, null );
insert into Measurementcolumn ( MTABLEID, DATANAME, COLNUMBER, DATATYPE, DATASIZE, DATASCALE, UNIQUEVALUE, NULLABLE, INDEXES, DESCRIPTION, DATAID, RELEASEID, UNIQUEKEY, INCLUDESQL, COLTYPE ) values ( 'DC_E_CUDB:((3)):DC_E_CUDB_SERVFEAT:RAW', 'YEAR_ID', 52, 'smallint', 0, 0, 20, 1, 'LF', '', 'YEAR_ID', 'BASE_TP_090421', 0, 0, null );
insert into Measurementtype ( TYPEID, TYPECLASSID, TYPENAME, VENDORID, FOLDERNAME, DESCRIPTION, STATUS, VERSIONID, OBJECTID, OBJECTNAME, OBJECTVERSION, OBJECTTYPE, JOINABLE, SIZING, TOTALAGG, ELEMENTBHSUPPORT, RANKINGTABLE, DELTACALCSUPPORT, PLAINTABLE, UNIVERSEEXTENSION, VECTORSUPPORT, DATAFORMATSUPPORT ) values ( 'DC_E_CUDB:((3)):DC_E_CUDB_SMS', 'DC_E_CUDB:((3)):DC_E_CUDB_HLR', 'DC_E_CUDB_SMS', 'DC_E_CUDB', 'DC_E_CUDB_SMS', 'HLR application subscriber counters', null, 'DC_E_CUDB:((3))', 'DC_E_CUDB:((3)):DC_E_CUDB_SMS', 'DC_E_CUDB_SMS', null, null, '', 'small', 1, 0, 0, 0, 0, 'ALL', 0, 1 );
insert into Measurementkey ( TYPEID, DATANAME, DESCRIPTION, ISELEMENT, UNIQUEKEY, COLNUMBER, DATATYPE, DATASIZE, DATASCALE, UNIQUEVALUE, NULLABLE, INDEXES, INCLUDESQL, UNIVOBJECT, JOINABLE, DATAID ) values ( 'DC_E_CUDB:((3)):DC_E_CUDB_SMS', 'NE_ID', 'Network Element Id', 1, 1, 2, 'varchar', 35, 0, 255, 0, 'HG', 1, 'NE_ID', null, 'NEID' );
insert into Measurementkey ( TYPEID, DATANAME, DESCRIPTION, ISELEMENT, UNIQUEKEY, COLNUMBER, DATATYPE, DATASIZE, DATASCALE, UNIQUEVALUE, NULLABLE, INDEXES, INCLUDESQL, UNIVOBJECT, JOINABLE, DATAID ) values ( 'DC_E_CUDB:((3)):DC_E_CUDB_SMS', 'OSS_ID', 'OSS Id', 0, 1, 1, 'varchar', 50, 0, 255, 0, 'HG', 1, 'OSS_ID', null, 'OSS_ID' );
insert into Measurementcounter ( TYPEID, DATANAME, DESCRIPTION, TIMEAGGREGATION, GROUPAGGREGATION, COUNTAGGREGATION, COLNUMBER, DATATYPE, DATASIZE, DATASCALE, INCLUDESQL, UNIVOBJECT, UNIVCLASS, COUNTERTYPE, COUNTERPROCESS, DATAID ) values ( 'DC_E_CUDB:((3)):DC_E_CUDB_SMS', 'NSMSBAIC', 'Number of mobile subscribers registered in CUDB due to HLR 					application with the BAIC SS active for BSG SMS', 'AVG', 'AVG', 'GAUGE', 104, 'numeric', 18, 8, 1, 'NSMSBAIC', null, 'GAUGE', 'GAUGE', 'NSMSBAIC.actual' );
insert into Measurementcounter ( TYPEID, DATANAME, DESCRIPTION, TIMEAGGREGATION, GROUPAGGREGATION, COUNTAGGREGATION, COLNUMBER, DATATYPE, DATASIZE, DATASCALE, INCLUDESQL, UNIVOBJECT, UNIVCLASS, COUNTERTYPE, COUNTERPROCESS, DATAID ) values ( 'DC_E_CUDB:((3)):DC_E_CUDB_SMS', 'NSMSBAOC', 'Number of mobile subscribers registered in CUDB due to HLR 					application with the BAOC SS active for BSG SMS', 'AVG', 'AVG', 'GAUGE', 101, 'numeric', 18, 8, 1, 'NSMSBAOC', null, 'GAUGE', 'GAUGE', 'NSMSBAOC.actual' );
insert into Measurementcounter ( TYPEID, DATANAME, DESCRIPTION, TIMEAGGREGATION, GROUPAGGREGATION, COUNTAGGREGATION, COLNUMBER, DATATYPE, DATASIZE, DATASCALE, INCLUDESQL, UNIVOBJECT, UNIVCLASS, COUNTERTYPE, COUNTERPROCESS, DATAID ) values ( 'DC_E_CUDB:((3)):DC_E_CUDB_SMS', 'NSMSBICRO', 'Number of mobile subscribers registered in CUDB due to HLR 					application with the BICRO SS active for BSG SMS', 'AVG', 'AVG', 'GAUGE', 105, 'numeric', 18, 8, 1, 'NSMSBICRO', null, 'GAUGE', 'GAUGE', 'NSMSBICRO.actual' );
insert into Measurementcounter ( TYPEID, DATANAME, DESCRIPTION, TIMEAGGREGATION, GROUPAGGREGATION, COUNTAGGREGATION, COLNUMBER, DATATYPE, DATASIZE, DATASCALE, INCLUDESQL, UNIVOBJECT, UNIVCLASS, COUNTERTYPE, COUNTERPROCESS, DATAID ) values ( 'DC_E_CUDB:((3)):DC_E_CUDB_SMS', 'NSMSBOIC', 'Number of mobile subscribers registered in CUDB due to HLR 					application with the BOIC SS active for BSG SMS', 'AVG', 'AVG', 'GAUGE', 102, 'numeric', 18, 8, 1, 'NSMSBOIC', null, 'GAUGE', 'GAUGE', 'NSMSBOIC.actual' );
insert into Measurementcounter ( TYPEID, DATANAME, DESCRIPTION, TIMEAGGREGATION, GROUPAGGREGATION, COUNTAGGREGATION, COLNUMBER, DATATYPE, DATASIZE, DATASCALE, INCLUDESQL, UNIVOBJECT, UNIVCLASS, COUNTERTYPE, COUNTERPROCESS, DATAID ) values ( 'DC_E_CUDB:((3)):DC_E_CUDB_SMS', 'NSMSBOIEXH', 'Number of mobile subscribers registered in CUDB due to HLR 					application with the BOIEXH SS active for BSG SMS', 'AVG', 'AVG', 'GAUGE', 103, 'numeric', 18, 8, 1, 'NSMSBOIEXH', null, 'GAUGE', 'GAUGE', 'NSMSBOIEXH.actual' );
insert into Measurementtable ( MTABLEID, TABLELEVEL, TYPEID, BASETABLENAME, DEFAULT_TEMPLATE, PARTITIONPLAN ) values ( 'DC_E_CUDB:((3)):DC_E_CUDB_SMS:DAY', 'DAY', 'DC_E_CUDB:((3)):DC_E_CUDB_SMS', 'DC_E_CUDB_SMS_DAY', null, 'small_day' );
insert into Measurementcolumn ( MTABLEID, DATANAME, COLNUMBER, DATATYPE, DATASIZE, DATASCALE, UNIQUEVALUE, NULLABLE, INDEXES, DESCRIPTION, DATAID, RELEASEID, UNIQUEKEY, INCLUDESQL, COLTYPE ) values ( 'DC_E_CUDB:((3)):DC_E_CUDB_SMS:DAY', 'AGG_COUNT', 57, 'smallint', 0, 0, 255, 1, '', '', 'AGG_COUNT', 'BASE_TP_090421', 0, 0, null );
insert into Measurementcolumn ( MTABLEID, DATANAME, COLNUMBER, DATATYPE, DATASIZE, DATASCALE, UNIQUEVALUE, NULLABLE, INDEXES, DESCRIPTION, DATAID, RELEASEID, UNIQUEKEY, INCLUDESQL, COLTYPE ) values ( 'DC_E_CUDB:((3)):DC_E_CUDB_SMS:DAY', 'BATCH_ID', 60, 'smallint', 0, 0, 255, 1, '', '', 'BATCH_ID', 'BASE_TP_090421', 0, 0, null );
insert into Measurementcolumn ( MTABLEID, DATANAME, COLNUMBER, DATATYPE, DATASIZE, DATASCALE, UNIQUEVALUE, NULLABLE, INDEXES, DESCRIPTION, DATAID, RELEASEID, UNIQUEKEY, INCLUDESQL, COLTYPE ) values ( 'DC_E_CUDB:((3)):DC_E_CUDB_SMS:DAY', 'DATACOVERAGE', 56, 'unsigned int', 0, 0, 255, 1, '', '', 'DATACOVERAGE', 'BASE_TP_090421', 0, 1, null );
insert into Measurementcolumn ( MTABLEID, DATANAME, COLNUMBER, DATATYPE, DATASIZE, DATASCALE, UNIQUEVALUE, NULLABLE, INDEXES, DESCRIPTION, DATAID, RELEASEID, UNIQUEKEY, INCLUDESQL, COLTYPE ) values ( 'DC_E_CUDB:((3)):DC_E_CUDB_SMS:DAY', 'DATE_ID', 51, 'date', 0, 0, 255, 1, 'LF', '', 'DATE_ID', 'BASE_TP_090421', 1, 1, null );
insert into Measurementcolumn ( MTABLEID, DATANAME, COLNUMBER, DATATYPE, DATASIZE, DATASCALE, UNIQUEVALUE, NULLABLE, INDEXES, DESCRIPTION, DATAID, RELEASEID, UNIQUEKEY, INCLUDESQL, COLTYPE ) values ( 'DC_E_CUDB:((3)):DC_E_CUDB_SMS:DAY', 'DAY_ID', 54, 'tinyint', 0, 0, 31, 1, 'LF', '', 'DAY_ID', 'BASE_TP_090421', 0, 0, null );
insert into Measurementcolumn ( MTABLEID, DATANAME, COLNUMBER, DATATYPE, DATASIZE, DATASCALE, UNIQUEVALUE, NULLABLE, INDEXES, DESCRIPTION, DATAID, RELEASEID, UNIQUEKEY, INCLUDESQL, COLTYPE ) values ( 'DC_E_CUDB:((3)):DC_E_CUDB_SMS:DAY', 'DC_RELEASE', 63, 'varchar', 16, 0, 2, 1, 'LF', '', 'DC_RELEASE', 'BASE_TP_090421', 1, 1, null );
insert into Measurementcolumn ( MTABLEID, DATANAME, COLNUMBER, DATATYPE, DATASIZE, DATASCALE, UNIQUEVALUE, NULLABLE, INDEXES, DESCRIPTION, DATAID, RELEASEID, UNIQUEKEY, INCLUDESQL, COLTYPE ) values ( 'DC_E_CUDB:((3)):DC_E_CUDB_SMS:DAY', 'DC_SOURCE', 64, 'varchar', 16, 0, 2, 1, 'LF', '', 'DC_SOURCE', 'BASE_TP_090421', 0, 1, null );
insert into Measurementcolumn ( MTABLEID, DATANAME, COLNUMBER, DATATYPE, DATASIZE, DATASCALE, UNIQUEVALUE, NULLABLE, INDEXES, DESCRIPTION, DATAID, RELEASEID, UNIQUEKEY, INCLUDESQL, COLTYPE ) values ( 'DC_E_CUDB:((3)):DC_E_CUDB_SMS:DAY', 'DC_SUSPECTFLAG', 66, 'int', 0, 0, 2, 1, 'LF', '', 'DC_SUSPECTFLAG', 'BASE_TP_090421', 0, 1, null );
insert into Measurementcolumn ( MTABLEID, DATANAME, COLNUMBER, DATATYPE, DATASIZE, DATASCALE, UNIQUEVALUE, NULLABLE, INDEXES, DESCRIPTION, DATAID, RELEASEID, UNIQUEKEY, INCLUDESQL, COLTYPE ) values ( 'DC_E_CUDB:((3)):DC_E_CUDB_SMS:DAY', 'DC_TIMEZONE', 65, 'varchar', 16, 0, 2, 1, 'LF', '', 'DC_TIMEZONE', 'BASE_TP_090421', 0, 1, null );
insert into Measurementcolumn ( MTABLEID, DATANAME, COLNUMBER, DATATYPE, DATASIZE, DATASCALE, UNIQUEVALUE, NULLABLE, INDEXES, DESCRIPTION, DATAID, RELEASEID, UNIQUEKEY, INCLUDESQL, COLTYPE ) values ( 'DC_E_CUDB:((3)):DC_E_CUDB_SMS:DAY', 'MONTH_ID', 53, 'tinyint', 0, 0, 12, 1, 'LF', '', 'MONTH_ID', 'BASE_TP_090421', 0, 0, null );
insert into Measurementcolumn ( MTABLEID, DATANAME, COLNUMBER, DATATYPE, DATASIZE, DATASCALE, UNIQUEVALUE, NULLABLE, INDEXES, DESCRIPTION, DATAID, RELEASEID, UNIQUEKEY, INCLUDESQL, COLTYPE ) values ( 'DC_E_CUDB:((3)):DC_E_CUDB_SMS:DAY', 'NE_ID', 2, 'varchar', 35, 0, 255, 0, 'HG', 'Network Element Id', 'NEID', 'DC_E_CUDB:((FINAL))', 1, 1, 'KEY' );
insert into Measurementcolumn ( MTABLEID, DATANAME, COLNUMBER, DATATYPE, DATASIZE, DATASCALE, UNIQUEVALUE, NULLABLE, INDEXES, DESCRIPTION, DATAID, RELEASEID, UNIQUEKEY, INCLUDESQL, COLTYPE ) values ( 'DC_E_CUDB:((3)):DC_E_CUDB_SMS:DAY', 'NSMSBAIC', 104, 'numeric', 18, 8, 255, 1, '', 'Number of mobile subscribers registered in CUDB due to HLR 					application with the BAIC SS active for BSG SMS', 'NSMSBAIC.actual', 'DC_E_CUDB:((FINAL))', 0, 1, 'COUNTER' );
insert into Measurementcolumn ( MTABLEID, DATANAME, COLNUMBER, DATATYPE, DATASIZE, DATASCALE, UNIQUEVALUE, NULLABLE, INDEXES, DESCRIPTION, DATAID, RELEASEID, UNIQUEKEY, INCLUDESQL, COLTYPE ) values ( 'DC_E_CUDB:((3)):DC_E_CUDB_SMS:DAY', 'NSMSBAOC', 101, 'numeric', 18, 8, 255, 1, '', 'Number of mobile subscribers registered in CUDB due to HLR 					application with the BAOC SS active for BSG SMS', 'NSMSBAOC.actual', 'DC_E_CUDB:((FINAL))', 0, 1, 'COUNTER' );
insert into Measurementcolumn ( MTABLEID, DATANAME, COLNUMBER, DATATYPE, DATASIZE, DATASCALE, UNIQUEVALUE, NULLABLE, INDEXES, DESCRIPTION, DATAID, RELEASEID, UNIQUEKEY, INCLUDESQL, COLTYPE ) values ( 'DC_E_CUDB:((3)):DC_E_CUDB_SMS:DAY', 'NSMSBICRO', 105, 'numeric', 18, 8, 255, 1, '', 'Number of mobile subscribers registered in CUDB due to HLR 					application with the BICRO SS active for BSG SMS', 'NSMSBICRO.actual', 'DC_E_CUDB:((FINAL))', 0, 1, 'COUNTER' );
insert into Measurementcolumn ( MTABLEID, DATANAME, COLNUMBER, DATATYPE, DATASIZE, DATASCALE, UNIQUEVALUE, NULLABLE, INDEXES, DESCRIPTION, DATAID, RELEASEID, UNIQUEKEY, INCLUDESQL, COLTYPE ) values ( 'DC_E_CUDB:((3)):DC_E_CUDB_SMS:DAY', 'NSMSBOIC', 102, 'numeric', 18, 8, 255, 1, '', 'Number of mobile subscribers registered in CUDB due to HLR 					application with the BOIC SS active for BSG SMS', 'NSMSBOIC.actual', 'DC_E_CUDB:((FINAL))', 0, 1, 'COUNTER' );
insert into Measurementcolumn ( MTABLEID, DATANAME, COLNUMBER, DATATYPE, DATASIZE, DATASCALE, UNIQUEVALUE, NULLABLE, INDEXES, DESCRIPTION, DATAID, RELEASEID, UNIQUEKEY, INCLUDESQL, COLTYPE ) values ( 'DC_E_CUDB:((3)):DC_E_CUDB_SMS:DAY', 'NSMSBOIEXH', 103, 'numeric', 18, 8, 255, 1, '', 'Number of mobile subscribers registered in CUDB due to HLR 					application with the BOIEXH SS active for BSG SMS', 'NSMSBOIEXH.actual', 'DC_E_CUDB:((FINAL))', 0, 1, 'COUNTER' );
insert into Measurementcolumn ( MTABLEID, DATANAME, COLNUMBER, DATATYPE, DATASIZE, DATASCALE, UNIQUEVALUE, NULLABLE, INDEXES, DESCRIPTION, DATAID, RELEASEID, UNIQUEKEY, INCLUDESQL, COLTYPE ) values ( 'DC_E_CUDB:((3)):DC_E_CUDB_SMS:DAY', 'OSS_ID', 1, 'varchar', 50, 0, 255, 0, 'HG', 'OSS Id', 'OSS_ID', 'DC_E_CUDB:((FINAL))', 1, 1, 'KEY' );
insert into Measurementcolumn ( MTABLEID, DATANAME, COLNUMBER, DATATYPE, DATASIZE, DATASCALE, UNIQUEVALUE, NULLABLE, INDEXES, DESCRIPTION, DATAID, RELEASEID, UNIQUEKEY, INCLUDESQL, COLTYPE ) values ( 'DC_E_CUDB:((3)):DC_E_CUDB_SMS:DAY', 'PERIOD_DURATION', 61, 'unsigned int', 0, 0, 10, 1, '', '', 'PERIOD_DURATION', 'BASE_TP_090421', 0, 1, null );
insert into Measurementcolumn ( MTABLEID, DATANAME, COLNUMBER, DATATYPE, DATASIZE, DATASCALE, UNIQUEVALUE, NULLABLE, INDEXES, DESCRIPTION, DATAID, RELEASEID, UNIQUEKEY, INCLUDESQL, COLTYPE ) values ( 'DC_E_CUDB:((3)):DC_E_CUDB_SMS:DAY', 'ROWSTATUS', 62, 'varchar', 16, 0, 10, 1, '', '', 'ROWSTATUS', 'BASE_TP_090421', 0, 1, null );
insert into Measurementcolumn ( MTABLEID, DATANAME, COLNUMBER, DATATYPE, DATASIZE, DATASCALE, UNIQUEVALUE, NULLABLE, INDEXES, DESCRIPTION, DATAID, RELEASEID, UNIQUEKEY, INCLUDESQL, COLTYPE ) values ( 'DC_E_CUDB:((3)):DC_E_CUDB_SMS:DAY', 'SESSION_ID', 59, 'unsigned int', 0, 0, 255, 1, '', '', 'SESSION_ID', 'BASE_TP_090421', 0, 0, null );
insert into Measurementcolumn ( MTABLEID, DATANAME, COLNUMBER, DATATYPE, DATASIZE, DATASCALE, UNIQUEVALUE, NULLABLE, INDEXES, DESCRIPTION, DATAID, RELEASEID, UNIQUEKEY, INCLUDESQL, COLTYPE ) values ( 'DC_E_CUDB:((3)):DC_E_CUDB_SMS:DAY', 'TIMELEVEL', 58, 'varchar', 10, 0, 10, 1, 'LF', '', 'TIMELEVEL', 'BASE_TP_090421', 0, 0, null );
insert into Measurementcolumn ( MTABLEID, DATANAME, COLNUMBER, DATATYPE, DATASIZE, DATASCALE, UNIQUEVALUE, NULLABLE, INDEXES, DESCRIPTION, DATAID, RELEASEID, UNIQUEKEY, INCLUDESQL, COLTYPE ) values ( 'DC_E_CUDB:((3)):DC_E_CUDB_SMS:DAY', 'WEEK_ID', 55, 'tinyint', 0, 0, 53, 1, 'LF', '', 'WEEK_ID', 'BASE_TP_090421', 0, 0, null );
insert into Measurementcolumn ( MTABLEID, DATANAME, COLNUMBER, DATATYPE, DATASIZE, DATASCALE, UNIQUEVALUE, NULLABLE, INDEXES, DESCRIPTION, DATAID, RELEASEID, UNIQUEKEY, INCLUDESQL, COLTYPE ) values ( 'DC_E_CUDB:((3)):DC_E_CUDB_SMS:DAY', 'YEAR_ID', 52, 'smallint', 0, 0, 20, 1, 'LF', '', 'YEAR_ID', 'BASE_TP_090421', 0, 0, null );
insert into Measurementtable ( MTABLEID, TABLELEVEL, TYPEID, BASETABLENAME, DEFAULT_TEMPLATE, PARTITIONPLAN ) values ( 'DC_E_CUDB:((3)):DC_E_CUDB_SMS:RAW', 'RAW', 'DC_E_CUDB:((3)):DC_E_CUDB_SMS', 'DC_E_CUDB_SMS_RAW', null, 'small_raw' );
insert into Measurementcolumn ( MTABLEID, DATANAME, COLNUMBER, DATATYPE, DATASIZE, DATASCALE, UNIQUEVALUE, NULLABLE, INDEXES, DESCRIPTION, DATAID, RELEASEID, UNIQUEKEY, INCLUDESQL, COLTYPE ) values ( 'DC_E_CUDB:((3)):DC_E_CUDB_SMS:RAW', 'BATCH_ID', 60, 'smallint', 0, 0, 255, 1, '', '', 'BATCH_ID', 'BASE_TP_090421', 0, 0, null );
insert into Measurementcolumn ( MTABLEID, DATANAME, COLNUMBER, DATATYPE, DATASIZE, DATASCALE, UNIQUEVALUE, NULLABLE, INDEXES, DESCRIPTION, DATAID, RELEASEID, UNIQUEKEY, INCLUDESQL, COLTYPE ) values ( 'DC_E_CUDB:((3)):DC_E_CUDB_SMS:RAW', 'DATE_ID', 51, 'date', 0, 0, 255, 1, 'LF', '', 'DATE_ID', 'BASE_TP_090421', 0, 0, null );
insert into Measurementcolumn ( MTABLEID, DATANAME, COLNUMBER, DATATYPE, DATASIZE, DATASCALE, UNIQUEVALUE, NULLABLE, INDEXES, DESCRIPTION, DATAID, RELEASEID, UNIQUEKEY, INCLUDESQL, COLTYPE ) values ( 'DC_E_CUDB:((3)):DC_E_CUDB_SMS:RAW', 'DATETIME_ID', 56, 'datetime', 0, 0, 255, 1, 'HG', '', 'DATETIME_ID', 'BASE_TP_090421', 1, 1, null );
insert into Measurementcolumn ( MTABLEID, DATANAME, COLNUMBER, DATATYPE, DATASIZE, DATASCALE, UNIQUEVALUE, NULLABLE, INDEXES, DESCRIPTION, DATAID, RELEASEID, UNIQUEKEY, INCLUDESQL, COLTYPE ) values ( 'DC_E_CUDB:((3)):DC_E_CUDB_SMS:RAW', 'DAY_ID', 54, 'tinyint', 0, 0, 31, 1, 'LF', '', 'DAY_ID', 'BASE_TP_090421', 0, 0, null );
insert into Measurementcolumn ( MTABLEID, DATANAME, COLNUMBER, DATATYPE, DATASIZE, DATASCALE, UNIQUEVALUE, NULLABLE, INDEXES, DESCRIPTION, DATAID, RELEASEID, UNIQUEKEY, INCLUDESQL, COLTYPE ) values ( 'DC_E_CUDB:((3)):DC_E_CUDB_SMS:RAW', 'DC_RELEASE', 63, 'varchar', 16, 0, 2, 1, 'LF', '', 'DC_RELEASE', 'BASE_TP_090421', 0, 1, null );
insert into Measurementcolumn ( MTABLEID, DATANAME, COLNUMBER, DATATYPE, DATASIZE, DATASCALE, UNIQUEVALUE, NULLABLE, INDEXES, DESCRIPTION, DATAID, RELEASEID, UNIQUEKEY, INCLUDESQL, COLTYPE ) values ( 'DC_E_CUDB:((3)):DC_E_CUDB_SMS:RAW', 'DC_SOURCE', 64, 'varchar', 16, 0, 2, 1, 'LF', '', 'DC_SOURCE', 'BASE_TP_090421', 0, 1, null );
insert into Measurementcolumn ( MTABLEID, DATANAME, COLNUMBER, DATATYPE, DATASIZE, DATASCALE, UNIQUEVALUE, NULLABLE, INDEXES, DESCRIPTION, DATAID, RELEASEID, UNIQUEKEY, INCLUDESQL, COLTYPE ) values ( 'DC_E_CUDB:((3)):DC_E_CUDB_SMS:RAW', 'DC_SUSPECTFLAG', 66, 'int', 0, 0, 2, 1, 'LF', '', 'DC_SUSPECTFLAG', 'BASE_TP_090421', 0, 1, null );
insert into Measurementcolumn ( MTABLEID, DATANAME, COLNUMBER, DATATYPE, DATASIZE, DATASCALE, UNIQUEVALUE, NULLABLE, INDEXES, DESCRIPTION, DATAID, RELEASEID, UNIQUEKEY, INCLUDESQL, COLTYPE ) values ( 'DC_E_CUDB:((3)):DC_E_CUDB_SMS:RAW', 'DC_TIMEZONE', 65, 'varchar', 16, 0, 2, 1, 'LF', '', 'DC_TIMEZONE', 'BASE_TP_090421', 0, 1, null );
insert into Measurementcolumn ( MTABLEID, DATANAME, COLNUMBER, DATATYPE, DATASIZE, DATASCALE, UNIQUEVALUE, NULLABLE, INDEXES, DESCRIPTION, DATAID, RELEASEID, UNIQUEKEY, INCLUDESQL, COLTYPE ) values ( 'DC_E_CUDB:((3)):DC_E_CUDB_SMS:RAW', 'HOUR_ID', 55, 'tinyint', 0, 0, 24, 1, 'LF', '', 'HOUR_ID', 'BASE_TP_090421', 0, 0, null );
insert into Measurementcolumn ( MTABLEID, DATANAME, COLNUMBER, DATATYPE, DATASIZE, DATASCALE, UNIQUEVALUE, NULLABLE, INDEXES, DESCRIPTION, DATAID, RELEASEID, UNIQUEKEY, INCLUDESQL, COLTYPE ) values ( 'DC_E_CUDB:((3)):DC_E_CUDB_SMS:RAW', 'MIN_ID', 57, 'tinyint', 0, 0, 60, 1, 'LF', '', 'MIN_ID', 'BASE_TP_090421', 0, 0, null );
insert into Measurementcolumn ( MTABLEID, DATANAME, COLNUMBER, DATATYPE, DATASIZE, DATASCALE, UNIQUEVALUE, NULLABLE, INDEXES, DESCRIPTION, DATAID, RELEASEID, UNIQUEKEY, INCLUDESQL, COLTYPE ) values ( 'DC_E_CUDB:((3)):DC_E_CUDB_SMS:RAW', 'MONTH_ID', 53, 'tinyint', 0, 0, 12, 1, 'LF', '', 'MONTH_ID', 'BASE_TP_090421', 0, 0, null );
insert into Measurementcolumn ( MTABLEID, DATANAME, COLNUMBER, DATATYPE, DATASIZE, DATASCALE, UNIQUEVALUE, NULLABLE, INDEXES, DESCRIPTION, DATAID, RELEASEID, UNIQUEKEY, INCLUDESQL, COLTYPE ) values ( 'DC_E_CUDB:((3)):DC_E_CUDB_SMS:RAW', 'NE_ID', 2, 'varchar', 35, 0, 255, 0, 'HG', 'Network Element Id', 'NEID', 'DC_E_CUDB:((FINAL))', 1, 1, 'KEY' );
insert into Measurementcolumn ( MTABLEID, DATANAME, COLNUMBER, DATATYPE, DATASIZE, DATASCALE, UNIQUEVALUE, NULLABLE, INDEXES, DESCRIPTION, DATAID, RELEASEID, UNIQUEKEY, INCLUDESQL, COLTYPE ) values ( 'DC_E_CUDB:((3)):DC_E_CUDB_SMS:RAW', 'NSMSBAIC', 104, 'numeric', 18, 8, 255, 1, '', 'Number of mobile subscribers registered in CUDB due to HLR 					application with the BAIC SS active for BSG SMS', 'NSMSBAIC.actual', 'DC_E_CUDB:((FINAL))', 0, 1, 'COUNTER' );
insert into Measurementcolumn ( MTABLEID, DATANAME, COLNUMBER, DATATYPE, DATASIZE, DATASCALE, UNIQUEVALUE, NULLABLE, INDEXES, DESCRIPTION, DATAID, RELEASEID, UNIQUEKEY, INCLUDESQL, COLTYPE ) values ( 'DC_E_CUDB:((3)):DC_E_CUDB_SMS:RAW', 'NSMSBAOC', 101, 'numeric', 18, 8, 255, 1, '', 'Number of mobile subscribers registered in CUDB due to HLR 					application with the BAOC SS active for BSG SMS', 'NSMSBAOC.actual', 'DC_E_CUDB:((FINAL))', 0, 1, 'COUNTER' );
insert into Measurementcolumn ( MTABLEID, DATANAME, COLNUMBER, DATATYPE, DATASIZE, DATASCALE, UNIQUEVALUE, NULLABLE, INDEXES, DESCRIPTION, DATAID, RELEASEID, UNIQUEKEY, INCLUDESQL, COLTYPE ) values ( 'DC_E_CUDB:((3)):DC_E_CUDB_SMS:RAW', 'NSMSBICRO', 105, 'numeric', 18, 8, 255, 1, '', 'Number of mobile subscribers registered in CUDB due to HLR 					application with the BICRO SS active for BSG SMS', 'NSMSBICRO.actual', 'DC_E_CUDB:((FINAL))', 0, 1, 'COUNTER' );
insert into Measurementcolumn ( MTABLEID, DATANAME, COLNUMBER, DATATYPE, DATASIZE, DATASCALE, UNIQUEVALUE, NULLABLE, INDEXES, DESCRIPTION, DATAID, RELEASEID, UNIQUEKEY, INCLUDESQL, COLTYPE ) values ( 'DC_E_CUDB:((3)):DC_E_CUDB_SMS:RAW', 'NSMSBOIC', 102, 'numeric', 18, 8, 255, 1, '', 'Number of mobile subscribers registered in CUDB due to HLR 					application with the BOIC SS active for BSG SMS', 'NSMSBOIC.actual', 'DC_E_CUDB:((FINAL))', 0, 1, 'COUNTER' );
insert into Measurementcolumn ( MTABLEID, DATANAME, COLNUMBER, DATATYPE, DATASIZE, DATASCALE, UNIQUEVALUE, NULLABLE, INDEXES, DESCRIPTION, DATAID, RELEASEID, UNIQUEKEY, INCLUDESQL, COLTYPE ) values ( 'DC_E_CUDB:((3)):DC_E_CUDB_SMS:RAW', 'NSMSBOIEXH', 103, 'numeric', 18, 8, 255, 1, '', 'Number of mobile subscribers registered in CUDB due to HLR 					application with the BOIEXH SS active for BSG SMS', 'NSMSBOIEXH.actual', 'DC_E_CUDB:((FINAL))', 0, 1, 'COUNTER' );
insert into Measurementcolumn ( MTABLEID, DATANAME, COLNUMBER, DATATYPE, DATASIZE, DATASCALE, UNIQUEVALUE, NULLABLE, INDEXES, DESCRIPTION, DATAID, RELEASEID, UNIQUEKEY, INCLUDESQL, COLTYPE ) values ( 'DC_E_CUDB:((3)):DC_E_CUDB_SMS:RAW', 'OSS_ID', 1, 'varchar', 50, 0, 255, 0, 'HG', 'OSS Id', 'OSS_ID', 'DC_E_CUDB:((FINAL))', 1, 1, 'KEY' );
insert into Measurementcolumn ( MTABLEID, DATANAME, COLNUMBER, DATATYPE, DATASIZE, DATASCALE, UNIQUEVALUE, NULLABLE, INDEXES, DESCRIPTION, DATAID, RELEASEID, UNIQUEKEY, INCLUDESQL, COLTYPE ) values ( 'DC_E_CUDB:((3)):DC_E_CUDB_SMS:RAW', 'PERIOD_DURATION', 61, 'unsigned int', 0, 0, 10, 1, '', '', 'PERIOD_DURATION', 'BASE_TP_090421', 0, 1, null );
insert into Measurementcolumn ( MTABLEID, DATANAME, COLNUMBER, DATATYPE, DATASIZE, DATASCALE, UNIQUEVALUE, NULLABLE, INDEXES, DESCRIPTION, DATAID, RELEASEID, UNIQUEKEY, INCLUDESQL, COLTYPE ) values ( 'DC_E_CUDB:((3)):DC_E_CUDB_SMS:RAW', 'ROWSTATUS', 62, 'varchar', 16, 0, 10, 1, '', '', 'ROWSTATUS', 'BASE_TP_090421', 0, 1, null );
insert into Measurementcolumn ( MTABLEID, DATANAME, COLNUMBER, DATATYPE, DATASIZE, DATASCALE, UNIQUEVALUE, NULLABLE, INDEXES, DESCRIPTION, DATAID, RELEASEID, UNIQUEKEY, INCLUDESQL, COLTYPE ) values ( 'DC_E_CUDB:((3)):DC_E_CUDB_SMS:RAW', 'SESSION_ID', 59, 'unsigned int', 0, 0, 255, 1, '', '', 'SESSION_ID', 'BASE_TP_090421', 0, 0, null );
insert into Measurementcolumn ( MTABLEID, DATANAME, COLNUMBER, DATATYPE, DATASIZE, DATASCALE, UNIQUEVALUE, NULLABLE, INDEXES, DESCRIPTION, DATAID, RELEASEID, UNIQUEKEY, INCLUDESQL, COLTYPE ) values ( 'DC_E_CUDB:((3)):DC_E_CUDB_SMS:RAW', 'TIMELEVEL', 58, 'varchar', 10, 0, 10, 1, 'LF', '', 'TIMELEVEL', 'BASE_TP_090421', 0, 0, null );
insert into Measurementcolumn ( MTABLEID, DATANAME, COLNUMBER, DATATYPE, DATASIZE, DATASCALE, UNIQUEVALUE, NULLABLE, INDEXES, DESCRIPTION, DATAID, RELEASEID, UNIQUEKEY, INCLUDESQL, COLTYPE ) values ( 'DC_E_CUDB:((3)):DC_E_CUDB_SMS:RAW', 'UTC_DATETIME_ID', 67, 'datetime', 0, 0, 255, 1, 'HG', '', 'UTC_DATETIME_ID', 'BASE_TP_090421', 1, 1, null );
insert into Measurementcolumn ( MTABLEID, DATANAME, COLNUMBER, DATATYPE, DATASIZE, DATASCALE, UNIQUEVALUE, NULLABLE, INDEXES, DESCRIPTION, DATAID, RELEASEID, UNIQUEKEY, INCLUDESQL, COLTYPE ) values ( 'DC_E_CUDB:((3)):DC_E_CUDB_SMS:RAW', 'YEAR_ID', 52, 'smallint', 0, 0, 20, 1, 'LF', '', 'YEAR_ID', 'BASE_TP_090421', 0, 0, null );
insert into Measurementtype ( TYPEID, TYPECLASSID, TYPENAME, VENDORID, FOLDERNAME, DESCRIPTION, STATUS, VERSIONID, OBJECTID, OBJECTNAME, OBJECTVERSION, OBJECTTYPE, JOINABLE, SIZING, TOTALAGG, ELEMENTBHSUPPORT, RANKINGTABLE, DELTACALCSUPPORT, PLAINTABLE, UNIVERSEEXTENSION, VECTORSUPPORT, DATAFORMATSUPPORT ) values ( 'DC_E_CUDB:((3)):DC_E_CUDB_SPEECH', 'DC_E_CUDB:((3)):DC_E_CUDB_HLR', 'DC_E_CUDB_SPEECH', 'DC_E_CUDB', 'DC_E_CUDB_SPEECH', 'HLR application subscriber counters', null, 'DC_E_CUDB:((3))', 'DC_E_CUDB:((3)):DC_E_CUDB_SPEECH', 'DC_E_CUDB_SPEECH', null, null, '', 'small', 1, 0, 0, 0, 0, 'ALL', 0, 1 );
insert into Measurementkey ( TYPEID, DATANAME, DESCRIPTION, ISELEMENT, UNIQUEKEY, COLNUMBER, DATATYPE, DATASIZE, DATASCALE, UNIQUEVALUE, NULLABLE, INDEXES, INCLUDESQL, UNIVOBJECT, JOINABLE, DATAID ) values ( 'DC_E_CUDB:((3)):DC_E_CUDB_SPEECH', 'NE_ID', 'Network Element Id', 1, 1, 2, 'varchar', 35, 0, 255, 0, 'HG', 1, 'NE_ID', null, 'NEID' );
insert into Measurementkey ( TYPEID, DATANAME, DESCRIPTION, ISELEMENT, UNIQUEKEY, COLNUMBER, DATATYPE, DATASIZE, DATASCALE, UNIQUEVALUE, NULLABLE, INDEXES, INCLUDESQL, UNIVOBJECT, JOINABLE, DATAID ) values ( 'DC_E_CUDB:((3)):DC_E_CUDB_SPEECH', 'OSS_ID', 'OSS Id', 0, 1, 1, 'varchar', 50, 0, 255, 0, 'HG', 1, 'OSS_ID', null, 'OSS_ID' );
insert into Measurementcounter ( TYPEID, DATANAME, DESCRIPTION, TIMEAGGREGATION, GROUPAGGREGATION, COUNTAGGREGATION, COLNUMBER, DATATYPE, DATASIZE, DATASCALE, INCLUDESQL, UNIVOBJECT, UNIVCLASS, COUNTERTYPE, COUNTERPROCESS, DATAID ) values ( 'DC_E_CUDB:((3)):DC_E_CUDB_SPEECH', 'NSPEECHBAIC', 'Number of mobile subscribers registered in CUDB due to HLR 					application with the BAIC SS active for BSG Speech', 'AVG', 'AVG', 'GAUGE', 108, 'numeric', 18, 8, 1, 'NSPEECHBAIC', null, 'GAUGE', 'GAUGE', 'NSPEECHBAIC.actual' );
insert into Measurementcounter ( TYPEID, DATANAME, DESCRIPTION, TIMEAGGREGATION, GROUPAGGREGATION, COUNTAGGREGATION, COLNUMBER, DATATYPE, DATASIZE, DATASCALE, INCLUDESQL, UNIVOBJECT, UNIVCLASS, COUNTERTYPE, COUNTERPROCESS, DATAID ) values ( 'DC_E_CUDB:((3)):DC_E_CUDB_SPEECH', 'NSPEECHBAOC', 'Number of mobile subscribers registered in CUDB due to HLR 					application with the BAOC SS active for BSG Speech', 'AVG', 'AVG', 'GAUGE', 105, 'numeric', 18, 8, 1, 'NSPEECHBAOC', null, 'GAUGE', 'GAUGE', 'NSPEECHBAOC.actual' );
insert into Measurementcounter ( TYPEID, DATANAME, DESCRIPTION, TIMEAGGREGATION, GROUPAGGREGATION, COUNTAGGREGATION, COLNUMBER, DATATYPE, DATASIZE, DATASCALE, INCLUDESQL, UNIVOBJECT, UNIVCLASS, COUNTERTYPE, COUNTERPROCESS, DATAID ) values ( 'DC_E_CUDB:((3)):DC_E_CUDB_SPEECH', 'NSPEECHBICRO', 'Number of mobile subscribers registered in CUDB due to HLR 					application with the BICRO SS active for BSG Speech', 'AVG', 'AVG', 'GAUGE', 109, 'numeric', 18, 8, 1, 'NSPEECHBICRO', null, 'GAUGE', 'GAUGE', 'NSPEECHBICRO.actual' );
insert into Measurementcounter ( TYPEID, DATANAME, DESCRIPTION, TIMEAGGREGATION, GROUPAGGREGATION, COUNTAGGREGATION, COLNUMBER, DATATYPE, DATASIZE, DATASCALE, INCLUDESQL, UNIVOBJECT, UNIVCLASS, COUNTERTYPE, COUNTERPROCESS, DATAID ) values ( 'DC_E_CUDB:((3)):DC_E_CUDB_SPEECH', 'NSPEECHBOIC', 'Number of mobile subscribers registered in CUDB due to HLR 					application with the BOIC SS active for BSG Speech', 'AVG', 'AVG', 'GAUGE', 106, 'numeric', 18, 8, 1, 'NSPEECHBOIC', null, 'GAUGE', 'GAUGE', 'NSPEECHBOIC.actual' );
insert into Measurementcounter ( TYPEID, DATANAME, DESCRIPTION, TIMEAGGREGATION, GROUPAGGREGATION, COUNTAGGREGATION, COLNUMBER, DATATYPE, DATASIZE, DATASCALE, INCLUDESQL, UNIVOBJECT, UNIVCLASS, COUNTERTYPE, COUNTERPROCESS, DATAID ) values ( 'DC_E_CUDB:((3)):DC_E_CUDB_SPEECH', 'NSPEECHBOIEXH', 'Number of mobile subscribers registered in CUDB due to HLR 					application with the BOIEXH SS active for BSG Speech', 'AVG', 'AVG', 'GAUGE', 107, 'numeric', 18, 8, 1, 'NSPEECHBOIEXH', null, 'GAUGE', 'GAUGE', 'NSPEECHBOIEXH.actual' );
insert into Measurementcounter ( TYPEID, DATANAME, DESCRIPTION, TIMEAGGREGATION, GROUPAGGREGATION, COUNTAGGREGATION, COLNUMBER, DATATYPE, DATASIZE, DATASCALE, INCLUDESQL, UNIVOBJECT, UNIVCLASS, COUNTERTYPE, COUNTERPROCESS, DATAID ) values ( 'DC_E_CUDB:((3)):DC_E_CUDB_SPEECH', 'NSPEECHCAW', 'Number of mobile subscribers registered in CUDB due to HLR 					application with the CAW SS active for BSG Speech', 'AVG', 'AVG', 'GAUGE', 110, 'numeric', 18, 8, 1, 'NSPEECHCAW', null, 'GAUGE', 'GAUGE', 'NSPEECHCAW.actual' );
insert into Measurementcounter ( TYPEID, DATANAME, DESCRIPTION, TIMEAGGREGATION, GROUPAGGREGATION, COUNTAGGREGATION, COLNUMBER, DATATYPE, DATASIZE, DATASCALE, INCLUDESQL, UNIVOBJECT, UNIVCLASS, COUNTERTYPE, COUNTERPROCESS, DATAID ) values ( 'DC_E_CUDB:((3)):DC_E_CUDB_SPEECH', 'NSPEECHCFB', 'Number of mobile subscribers registered in CUDB due to HLR 					application with the CFB SS active for BSG Speech', 'AVG', 'AVG', 'GAUGE', 102, 'numeric', 18, 8, 1, 'NSPEECHCFB', null, 'GAUGE', 'GAUGE', 'NSPEECHCFB.actual' );
insert into Measurementcounter ( TYPEID, DATANAME, DESCRIPTION, TIMEAGGREGATION, GROUPAGGREGATION, COUNTAGGREGATION, COLNUMBER, DATATYPE, DATASIZE, DATASCALE, INCLUDESQL, UNIVOBJECT, UNIVCLASS, COUNTERTYPE, COUNTERPROCESS, DATAID ) values ( 'DC_E_CUDB:((3)):DC_E_CUDB_SPEECH', 'NSPEECHCFNRC', 'Number of mobile subscribers registered in CUDB due to HLR 					application with the CFNRC SS active for BSG Speech', 'AVG', 'AVG', 'GAUGE', 104, 'numeric', 18, 8, 1, 'NSPEECHCFNRC', null, 'GAUGE', 'GAUGE', 'NSPEECHCFNRC.actual' );
insert into Measurementcounter ( TYPEID, DATANAME, DESCRIPTION, TIMEAGGREGATION, GROUPAGGREGATION, COUNTAGGREGATION, COLNUMBER, DATATYPE, DATASIZE, DATASCALE, INCLUDESQL, UNIVOBJECT, UNIVCLASS, COUNTERTYPE, COUNTERPROCESS, DATAID ) values ( 'DC_E_CUDB:((3)):DC_E_CUDB_SPEECH', 'NSPEECHCFNRY', 'Number of mobile subscribers registered in CUDB due to HLR 					application with the CFNRY SS active for BSG Speech', 'AVG', 'AVG', 'GAUGE', 103, 'numeric', 18, 8, 1, 'NSPEECHCFNRY', null, 'GAUGE', 'GAUGE', 'NSPEECHCFNRY.actual' );
insert into Measurementcounter ( TYPEID, DATANAME, DESCRIPTION, TIMEAGGREGATION, GROUPAGGREGATION, COUNTAGGREGATION, COLNUMBER, DATATYPE, DATASIZE, DATASCALE, INCLUDESQL, UNIVOBJECT, UNIVCLASS, COUNTERTYPE, COUNTERPROCESS, DATAID ) values ( 'DC_E_CUDB:((3)):DC_E_CUDB_SPEECH', 'NSPEECHCFU', 'Number of mobile subscribers registered in CUDB due to HLR 					application with the CFU SS active for BSG Speech', 'AVG', 'AVG', 'GAUGE', 101, 'numeric', 18, 8, 1, 'NSPEECHCFU', null, 'GAUGE', 'GAUGE', 'NSPEECHCFU.actual' );
insert into Measurementcounter ( TYPEID, DATANAME, DESCRIPTION, TIMEAGGREGATION, GROUPAGGREGATION, COUNTAGGREGATION, COLNUMBER, DATATYPE, DATASIZE, DATASCALE, INCLUDESQL, UNIVOBJECT, UNIVCLASS, COUNTERTYPE, COUNTERPROCESS, DATAID ) values ( 'DC_E_CUDB:((3)):DC_E_CUDB_SPEECH', 'NSPEECHDCF', 'Number of mobile subscribers registered in CUDB due to HLR 					application with the DCF SS active for BSG Speech', 'AVG', 'AVG', 'GAUGE', 112, 'numeric', 18, 8, 1, 'NSPEECHDCF', null, 'GAUGE', 'GAUGE', 'NSPEECHDCF.actual' );
insert into Measurementcounter ( TYPEID, DATANAME, DESCRIPTION, TIMEAGGREGATION, GROUPAGGREGATION, COUNTAGGREGATION, COLNUMBER, DATATYPE, DATASIZE, DATASCALE, INCLUDESQL, UNIVOBJECT, UNIVCLASS, COUNTERTYPE, COUNTERPROCESS, DATAID ) values ( 'DC_E_CUDB:((3)):DC_E_CUDB_SPEECH', 'NSPEECHSPN', 'Number of mobile subscribers registered in CUDB due to HLR 					application with the SPN SS active for BSG Speech', 'AVG', 'AVG', 'GAUGE', 111, 'numeric', 18, 8, 1, 'NSPEECHSPN', null, 'GAUGE', 'GAUGE', 'NSPEECHSPN.actual' );
insert into Measurementtable ( MTABLEID, TABLELEVEL, TYPEID, BASETABLENAME, DEFAULT_TEMPLATE, PARTITIONPLAN ) values ( 'DC_E_CUDB:((3)):DC_E_CUDB_SPEECH:DAY', 'DAY', 'DC_E_CUDB:((3)):DC_E_CUDB_SPEECH', 'DC_E_CUDB_SPEECH_DAY', null, 'small_day' );
insert into Measurementcolumn ( MTABLEID, DATANAME, COLNUMBER, DATATYPE, DATASIZE, DATASCALE, UNIQUEVALUE, NULLABLE, INDEXES, DESCRIPTION, DATAID, RELEASEID, UNIQUEKEY, INCLUDESQL, COLTYPE ) values ( 'DC_E_CUDB:((3)):DC_E_CUDB_SPEECH:DAY', 'AGG_COUNT', 57, 'smallint', 0, 0, 255, 1, '', '', 'AGG_COUNT', 'BASE_TP_090421', 0, 0, null );
insert into Measurementcolumn ( MTABLEID, DATANAME, COLNUMBER, DATATYPE, DATASIZE, DATASCALE, UNIQUEVALUE, NULLABLE, INDEXES, DESCRIPTION, DATAID, RELEASEID, UNIQUEKEY, INCLUDESQL, COLTYPE ) values ( 'DC_E_CUDB:((3)):DC_E_CUDB_SPEECH:DAY', 'BATCH_ID', 60, 'smallint', 0, 0, 255, 1, '', '', 'BATCH_ID', 'BASE_TP_090421', 0, 0, null );
insert into Measurementcolumn ( MTABLEID, DATANAME, COLNUMBER, DATATYPE, DATASIZE, DATASCALE, UNIQUEVALUE, NULLABLE, INDEXES, DESCRIPTION, DATAID, RELEASEID, UNIQUEKEY, INCLUDESQL, COLTYPE ) values ( 'DC_E_CUDB:((3)):DC_E_CUDB_SPEECH:DAY', 'DATACOVERAGE', 56, 'unsigned int', 0, 0, 255, 1, '', '', 'DATACOVERAGE', 'BASE_TP_090421', 0, 1, null );
insert into Measurementcolumn ( MTABLEID, DATANAME, COLNUMBER, DATATYPE, DATASIZE, DATASCALE, UNIQUEVALUE, NULLABLE, INDEXES, DESCRIPTION, DATAID, RELEASEID, UNIQUEKEY, INCLUDESQL, COLTYPE ) values ( 'DC_E_CUDB:((3)):DC_E_CUDB_SPEECH:DAY', 'DATE_ID', 51, 'date', 0, 0, 255, 1, 'LF', '', 'DATE_ID', 'BASE_TP_090421', 1, 1, null );
insert into Measurementcolumn ( MTABLEID, DATANAME, COLNUMBER, DATATYPE, DATASIZE, DATASCALE, UNIQUEVALUE, NULLABLE, INDEXES, DESCRIPTION, DATAID, RELEASEID, UNIQUEKEY, INCLUDESQL, COLTYPE ) values ( 'DC_E_CUDB:((3)):DC_E_CUDB_SPEECH:DAY', 'DAY_ID', 54, 'tinyint', 0, 0, 31, 1, 'LF', '', 'DAY_ID', 'BASE_TP_090421', 0, 0, null );
insert into Measurementcolumn ( MTABLEID, DATANAME, COLNUMBER, DATATYPE, DATASIZE, DATASCALE, UNIQUEVALUE, NULLABLE, INDEXES, DESCRIPTION, DATAID, RELEASEID, UNIQUEKEY, INCLUDESQL, COLTYPE ) values ( 'DC_E_CUDB:((3)):DC_E_CUDB_SPEECH:DAY', 'DC_RELEASE', 63, 'varchar', 16, 0, 2, 1, 'LF', '', 'DC_RELEASE', 'BASE_TP_090421', 1, 1, null );
insert into Measurementcolumn ( MTABLEID, DATANAME, COLNUMBER, DATATYPE, DATASIZE, DATASCALE, UNIQUEVALUE, NULLABLE, INDEXES, DESCRIPTION, DATAID, RELEASEID, UNIQUEKEY, INCLUDESQL, COLTYPE ) values ( 'DC_E_CUDB:((3)):DC_E_CUDB_SPEECH:DAY', 'DC_SOURCE', 64, 'varchar', 16, 0, 2, 1, 'LF', '', 'DC_SOURCE', 'BASE_TP_090421', 0, 1, null );
insert into Measurementcolumn ( MTABLEID, DATANAME, COLNUMBER, DATATYPE, DATASIZE, DATASCALE, UNIQUEVALUE, NULLABLE, INDEXES, DESCRIPTION, DATAID, RELEASEID, UNIQUEKEY, INCLUDESQL, COLTYPE ) values ( 'DC_E_CUDB:((3)):DC_E_CUDB_SPEECH:DAY', 'DC_SUSPECTFLAG', 66, 'int', 0, 0, 2, 1, 'LF', '', 'DC_SUSPECTFLAG', 'BASE_TP_090421', 0, 1, null );
insert into Measurementcolumn ( MTABLEID, DATANAME, COLNUMBER, DATATYPE, DATASIZE, DATASCALE, UNIQUEVALUE, NULLABLE, INDEXES, DESCRIPTION, DATAID, RELEASEID, UNIQUEKEY, INCLUDESQL, COLTYPE ) values ( 'DC_E_CUDB:((3)):DC_E_CUDB_SPEECH:DAY', 'DC_TIMEZONE', 65, 'varchar', 16, 0, 2, 1, 'LF', '', 'DC_TIMEZONE', 'BASE_TP_090421', 0, 1, null );
insert into Measurementcolumn ( MTABLEID, DATANAME, COLNUMBER, DATATYPE, DATASIZE, DATASCALE, UNIQUEVALUE, NULLABLE, INDEXES, DESCRIPTION, DATAID, RELEASEID, UNIQUEKEY, INCLUDESQL, COLTYPE ) values ( 'DC_E_CUDB:((3)):DC_E_CUDB_SPEECH:DAY', 'MONTH_ID', 53, 'tinyint', 0, 0, 12, 1, 'LF', '', 'MONTH_ID', 'BASE_TP_090421', 0, 0, null );
insert into Measurementcolumn ( MTABLEID, DATANAME, COLNUMBER, DATATYPE, DATASIZE, DATASCALE, UNIQUEVALUE, NULLABLE, INDEXES, DESCRIPTION, DATAID, RELEASEID, UNIQUEKEY, INCLUDESQL, COLTYPE ) values ( 'DC_E_CUDB:((3)):DC_E_CUDB_SPEECH:DAY', 'NE_ID', 2, 'varchar', 35, 0, 255, 0, 'HG', 'Network Element Id', 'NEID', 'DC_E_CUDB:((FINAL))', 1, 1, 'KEY' );
insert into Measurementcolumn ( MTABLEID, DATANAME, COLNUMBER, DATATYPE, DATASIZE, DATASCALE, UNIQUEVALUE, NULLABLE, INDEXES, DESCRIPTION, DATAID, RELEASEID, UNIQUEKEY, INCLUDESQL, COLTYPE ) values ( 'DC_E_CUDB:((3)):DC_E_CUDB_SPEECH:DAY', 'NSPEECHBAIC', 108, 'numeric', 18, 8, 255, 1, '', 'Number of mobile subscribers registered in CUDB due to HLR 					application with the BAIC SS active for BSG Speech', 'NSPEECHBAIC.actual', 'DC_E_CUDB:((FINAL))', 0, 1, 'COUNTER' );
insert into Measurementcolumn ( MTABLEID, DATANAME, COLNUMBER, DATATYPE, DATASIZE, DATASCALE, UNIQUEVALUE, NULLABLE, INDEXES, DESCRIPTION, DATAID, RELEASEID, UNIQUEKEY, INCLUDESQL, COLTYPE ) values ( 'DC_E_CUDB:((3)):DC_E_CUDB_SPEECH:DAY', 'NSPEECHBAOC', 105, 'numeric', 18, 8, 255, 1, '', 'Number of mobile subscribers registered in CUDB due to HLR 					application with the BAOC SS active for BSG Speech', 'NSPEECHBAOC.actual', 'DC_E_CUDB:((FINAL))', 0, 1, 'COUNTER' );
insert into Measurementcolumn ( MTABLEID, DATANAME, COLNUMBER, DATATYPE, DATASIZE, DATASCALE, UNIQUEVALUE, NULLABLE, INDEXES, DESCRIPTION, DATAID, RELEASEID, UNIQUEKEY, INCLUDESQL, COLTYPE ) values ( 'DC_E_CUDB:((3)):DC_E_CUDB_SPEECH:DAY', 'NSPEECHBICRO', 109, 'numeric', 18, 8, 255, 1, '', 'Number of mobile subscribers registered in CUDB due to HLR 					application with the BICRO SS active for BSG Speech', 'NSPEECHBICRO.actual', 'DC_E_CUDB:((FINAL))', 0, 1, 'COUNTER' );
insert into Measurementcolumn ( MTABLEID, DATANAME, COLNUMBER, DATATYPE, DATASIZE, DATASCALE, UNIQUEVALUE, NULLABLE, INDEXES, DESCRIPTION, DATAID, RELEASEID, UNIQUEKEY, INCLUDESQL, COLTYPE ) values ( 'DC_E_CUDB:((3)):DC_E_CUDB_SPEECH:DAY', 'NSPEECHBOIC', 106, 'numeric', 18, 8, 255, 1, '', 'Number of mobile subscribers registered in CUDB due to HLR 					application with the BOIC SS active for BSG Speech', 'NSPEECHBOIC.actual', 'DC_E_CUDB:((FINAL))', 0, 1, 'COUNTER' );
insert into Measurementcolumn ( MTABLEID, DATANAME, COLNUMBER, DATATYPE, DATASIZE, DATASCALE, UNIQUEVALUE, NULLABLE, INDEXES, DESCRIPTION, DATAID, RELEASEID, UNIQUEKEY, INCLUDESQL, COLTYPE ) values ( 'DC_E_CUDB:((3)):DC_E_CUDB_SPEECH:DAY', 'NSPEECHBOIEXH', 107, 'numeric', 18, 8, 255, 1, '', 'Number of mobile subscribers registered in CUDB due to HLR 					application with the BOIEXH SS active for BSG Speech', 'NSPEECHBOIEXH.actual', 'DC_E_CUDB:((FINAL))', 0, 1, 'COUNTER' );
insert into Measurementcolumn ( MTABLEID, DATANAME, COLNUMBER, DATATYPE, DATASIZE, DATASCALE, UNIQUEVALUE, NULLABLE, INDEXES, DESCRIPTION, DATAID, RELEASEID, UNIQUEKEY, INCLUDESQL, COLTYPE ) values ( 'DC_E_CUDB:((3)):DC_E_CUDB_SPEECH:DAY', 'NSPEECHCAW', 110, 'numeric', 18, 8, 255, 1, '', 'Number of mobile subscribers registered in CUDB due to HLR 					application with the CAW SS active for BSG Speech', 'NSPEECHCAW.actual', 'DC_E_CUDB:((FINAL))', 0, 1, 'COUNTER' );
insert into Measurementcolumn ( MTABLEID, DATANAME, COLNUMBER, DATATYPE, DATASIZE, DATASCALE, UNIQUEVALUE, NULLABLE, INDEXES, DESCRIPTION, DATAID, RELEASEID, UNIQUEKEY, INCLUDESQL, COLTYPE ) values ( 'DC_E_CUDB:((3)):DC_E_CUDB_SPEECH:DAY', 'NSPEECHCFB', 102, 'numeric', 18, 8, 255, 1, '', 'Number of mobile subscribers registered in CUDB due to HLR 					application with the CFB SS active for BSG Speech', 'NSPEECHCFB.actual', 'DC_E_CUDB:((FINAL))', 0, 1, 'COUNTER' );
insert into Measurementcolumn ( MTABLEID, DATANAME, COLNUMBER, DATATYPE, DATASIZE, DATASCALE, UNIQUEVALUE, NULLABLE, INDEXES, DESCRIPTION, DATAID, RELEASEID, UNIQUEKEY, INCLUDESQL, COLTYPE ) values ( 'DC_E_CUDB:((3)):DC_E_CUDB_SPEECH:DAY', 'NSPEECHCFNRC', 104, 'numeric', 18, 8, 255, 1, '', 'Number of mobile subscribers registered in CUDB due to HLR 					application with the CFNRC SS active for BSG Speech', 'NSPEECHCFNRC.actual', 'DC_E_CUDB:((FINAL))', 0, 1, 'COUNTER' );
insert into Measurementcolumn ( MTABLEID, DATANAME, COLNUMBER, DATATYPE, DATASIZE, DATASCALE, UNIQUEVALUE, NULLABLE, INDEXES, DESCRIPTION, DATAID, RELEASEID, UNIQUEKEY, INCLUDESQL, COLTYPE ) values ( 'DC_E_CUDB:((3)):DC_E_CUDB_SPEECH:DAY', 'NSPEECHCFNRY', 103, 'numeric', 18, 8, 255, 1, '', 'Number of mobile subscribers registered in CUDB due to HLR 					application with the CFNRY SS active for BSG Speech', 'NSPEECHCFNRY.actual', 'DC_E_CUDB:((FINAL))', 0, 1, 'COUNTER' );
insert into Measurementcolumn ( MTABLEID, DATANAME, COLNUMBER, DATATYPE, DATASIZE, DATASCALE, UNIQUEVALUE, NULLABLE, INDEXES, DESCRIPTION, DATAID, RELEASEID, UNIQUEKEY, INCLUDESQL, COLTYPE ) values ( 'DC_E_CUDB:((3)):DC_E_CUDB_SPEECH:DAY', 'NSPEECHCFU', 101, 'numeric', 18, 8, 255, 1, '', 'Number of mobile subscribers registered in CUDB due to HLR 					application with the CFU SS active for BSG Speech', 'NSPEECHCFU.actual', 'DC_E_CUDB:((FINAL))', 0, 1, 'COUNTER' );
insert into Measurementcolumn ( MTABLEID, DATANAME, COLNUMBER, DATATYPE, DATASIZE, DATASCALE, UNIQUEVALUE, NULLABLE, INDEXES, DESCRIPTION, DATAID, RELEASEID, UNIQUEKEY, INCLUDESQL, COLTYPE ) values ( 'DC_E_CUDB:((3)):DC_E_CUDB_SPEECH:DAY', 'NSPEECHDCF', 112, 'numeric', 18, 8, 255, 1, '', 'Number of mobile subscribers registered in CUDB due to HLR 					application with the DCF SS active for BSG Speech', 'NSPEECHDCF.actual', 'DC_E_CUDB:((FINAL))', 0, 1, 'COUNTER' );
insert into Measurementcolumn ( MTABLEID, DATANAME, COLNUMBER, DATATYPE, DATASIZE, DATASCALE, UNIQUEVALUE, NULLABLE, INDEXES, DESCRIPTION, DATAID, RELEASEID, UNIQUEKEY, INCLUDESQL, COLTYPE ) values ( 'DC_E_CUDB:((3)):DC_E_CUDB_SPEECH:DAY', 'NSPEECHSPN', 111, 'numeric', 18, 8, 255, 1, '', 'Number of mobile subscribers registered in CUDB due to HLR 					application with the SPN SS active for BSG Speech', 'NSPEECHSPN.actual', 'DC_E_CUDB:((FINAL))', 0, 1, 'COUNTER' );
insert into Measurementcolumn ( MTABLEID, DATANAME, COLNUMBER, DATATYPE, DATASIZE, DATASCALE, UNIQUEVALUE, NULLABLE, INDEXES, DESCRIPTION, DATAID, RELEASEID, UNIQUEKEY, INCLUDESQL, COLTYPE ) values ( 'DC_E_CUDB:((3)):DC_E_CUDB_SPEECH:DAY', 'OSS_ID', 1, 'varchar', 50, 0, 255, 0, 'HG', 'OSS Id', 'OSS_ID', 'DC_E_CUDB:((FINAL))', 1, 1, 'KEY' );
insert into Measurementcolumn ( MTABLEID, DATANAME, COLNUMBER, DATATYPE, DATASIZE, DATASCALE, UNIQUEVALUE, NULLABLE, INDEXES, DESCRIPTION, DATAID, RELEASEID, UNIQUEKEY, INCLUDESQL, COLTYPE ) values ( 'DC_E_CUDB:((3)):DC_E_CUDB_SPEECH:DAY', 'PERIOD_DURATION', 61, 'unsigned int', 0, 0, 10, 1, '', '', 'PERIOD_DURATION', 'BASE_TP_090421', 0, 1, null );
insert into Measurementcolumn ( MTABLEID, DATANAME, COLNUMBER, DATATYPE, DATASIZE, DATASCALE, UNIQUEVALUE, NULLABLE, INDEXES, DESCRIPTION, DATAID, RELEASEID, UNIQUEKEY, INCLUDESQL, COLTYPE ) values ( 'DC_E_CUDB:((3)):DC_E_CUDB_SPEECH:DAY', 'ROWSTATUS', 62, 'varchar', 16, 0, 10, 1, '', '', 'ROWSTATUS', 'BASE_TP_090421', 0, 1, null );
insert into Measurementcolumn ( MTABLEID, DATANAME, COLNUMBER, DATATYPE, DATASIZE, DATASCALE, UNIQUEVALUE, NULLABLE, INDEXES, DESCRIPTION, DATAID, RELEASEID, UNIQUEKEY, INCLUDESQL, COLTYPE ) values ( 'DC_E_CUDB:((3)):DC_E_CUDB_SPEECH:DAY', 'SESSION_ID', 59, 'unsigned int', 0, 0, 255, 1, '', '', 'SESSION_ID', 'BASE_TP_090421', 0, 0, null );
insert into Measurementcolumn ( MTABLEID, DATANAME, COLNUMBER, DATATYPE, DATASIZE, DATASCALE, UNIQUEVALUE, NULLABLE, INDEXES, DESCRIPTION, DATAID, RELEASEID, UNIQUEKEY, INCLUDESQL, COLTYPE ) values ( 'DC_E_CUDB:((3)):DC_E_CUDB_SPEECH:DAY', 'TIMELEVEL', 58, 'varchar', 10, 0, 10, 1, 'LF', '', 'TIMELEVEL', 'BASE_TP_090421', 0, 0, null );
insert into Measurementcolumn ( MTABLEID, DATANAME, COLNUMBER, DATATYPE, DATASIZE, DATASCALE, UNIQUEVALUE, NULLABLE, INDEXES, DESCRIPTION, DATAID, RELEASEID, UNIQUEKEY, INCLUDESQL, COLTYPE ) values ( 'DC_E_CUDB:((3)):DC_E_CUDB_SPEECH:DAY', 'WEEK_ID', 55, 'tinyint', 0, 0, 53, 1, 'LF', '', 'WEEK_ID', 'BASE_TP_090421', 0, 0, null );
insert into Measurementcolumn ( MTABLEID, DATANAME, COLNUMBER, DATATYPE, DATASIZE, DATASCALE, UNIQUEVALUE, NULLABLE, INDEXES, DESCRIPTION, DATAID, RELEASEID, UNIQUEKEY, INCLUDESQL, COLTYPE ) values ( 'DC_E_CUDB:((3)):DC_E_CUDB_SPEECH:DAY', 'YEAR_ID', 52, 'smallint', 0, 0, 20, 1, 'LF', '', 'YEAR_ID', 'BASE_TP_090421', 0, 0, null );
insert into Measurementtable ( MTABLEID, TABLELEVEL, TYPEID, BASETABLENAME, DEFAULT_TEMPLATE, PARTITIONPLAN ) values ( 'DC_E_CUDB:((3)):DC_E_CUDB_SPEECH:RAW', 'RAW', 'DC_E_CUDB:((3)):DC_E_CUDB_SPEECH', 'DC_E_CUDB_SPEECH_RAW', null, 'small_raw' );
insert into Measurementcolumn ( MTABLEID, DATANAME, COLNUMBER, DATATYPE, DATASIZE, DATASCALE, UNIQUEVALUE, NULLABLE, INDEXES, DESCRIPTION, DATAID, RELEASEID, UNIQUEKEY, INCLUDESQL, COLTYPE ) values ( 'DC_E_CUDB:((3)):DC_E_CUDB_SPEECH:RAW', 'BATCH_ID', 60, 'smallint', 0, 0, 255, 1, '', '', 'BATCH_ID', 'BASE_TP_090421', 0, 0, null );
insert into Measurementcolumn ( MTABLEID, DATANAME, COLNUMBER, DATATYPE, DATASIZE, DATASCALE, UNIQUEVALUE, NULLABLE, INDEXES, DESCRIPTION, DATAID, RELEASEID, UNIQUEKEY, INCLUDESQL, COLTYPE ) values ( 'DC_E_CUDB:((3)):DC_E_CUDB_SPEECH:RAW', 'DATE_ID', 51, 'date', 0, 0, 255, 1, 'LF', '', 'DATE_ID', 'BASE_TP_090421', 0, 0, null );
insert into Measurementcolumn ( MTABLEID, DATANAME, COLNUMBER, DATATYPE, DATASIZE, DATASCALE, UNIQUEVALUE, NULLABLE, INDEXES, DESCRIPTION, DATAID, RELEASEID, UNIQUEKEY, INCLUDESQL, COLTYPE ) values ( 'DC_E_CUDB:((3)):DC_E_CUDB_SPEECH:RAW', 'DATETIME_ID', 56, 'datetime', 0, 0, 255, 1, 'HG', '', 'DATETIME_ID', 'BASE_TP_090421', 1, 1, null );
insert into Measurementcolumn ( MTABLEID, DATANAME, COLNUMBER, DATATYPE, DATASIZE, DATASCALE, UNIQUEVALUE, NULLABLE, INDEXES, DESCRIPTION, DATAID, RELEASEID, UNIQUEKEY, INCLUDESQL, COLTYPE ) values ( 'DC_E_CUDB:((3)):DC_E_CUDB_SPEECH:RAW', 'DAY_ID', 54, 'tinyint', 0, 0, 31, 1, 'LF', '', 'DAY_ID', 'BASE_TP_090421', 0, 0, null );
insert into Measurementcolumn ( MTABLEID, DATANAME, COLNUMBER, DATATYPE, DATASIZE, DATASCALE, UNIQUEVALUE, NULLABLE, INDEXES, DESCRIPTION, DATAID, RELEASEID, UNIQUEKEY, INCLUDESQL, COLTYPE ) values ( 'DC_E_CUDB:((3)):DC_E_CUDB_SPEECH:RAW', 'DC_RELEASE', 63, 'varchar', 16, 0, 2, 1, 'LF', '', 'DC_RELEASE', 'BASE_TP_090421', 0, 1, null );
insert into Measurementcolumn ( MTABLEID, DATANAME, COLNUMBER, DATATYPE, DATASIZE, DATASCALE, UNIQUEVALUE, NULLABLE, INDEXES, DESCRIPTION, DATAID, RELEASEID, UNIQUEKEY, INCLUDESQL, COLTYPE ) values ( 'DC_E_CUDB:((3)):DC_E_CUDB_SPEECH:RAW', 'DC_SOURCE', 64, 'varchar', 16, 0, 2, 1, 'LF', '', 'DC_SOURCE', 'BASE_TP_090421', 0, 1, null );
insert into Measurementcolumn ( MTABLEID, DATANAME, COLNUMBER, DATATYPE, DATASIZE, DATASCALE, UNIQUEVALUE, NULLABLE, INDEXES, DESCRIPTION, DATAID, RELEASEID, UNIQUEKEY, INCLUDESQL, COLTYPE ) values ( 'DC_E_CUDB:((3)):DC_E_CUDB_SPEECH:RAW', 'DC_SUSPECTFLAG', 66, 'int', 0, 0, 2, 1, 'LF', '', 'DC_SUSPECTFLAG', 'BASE_TP_090421', 0, 1, null );
insert into Measurementcolumn ( MTABLEID, DATANAME, COLNUMBER, DATATYPE, DATASIZE, DATASCALE, UNIQUEVALUE, NULLABLE, INDEXES, DESCRIPTION, DATAID, RELEASEID, UNIQUEKEY, INCLUDESQL, COLTYPE ) values ( 'DC_E_CUDB:((3)):DC_E_CUDB_SPEECH:RAW', 'DC_TIMEZONE', 65, 'varchar', 16, 0, 2, 1, 'LF', '', 'DC_TIMEZONE', 'BASE_TP_090421', 0, 1, null );
insert into Measurementcolumn ( MTABLEID, DATANAME, COLNUMBER, DATATYPE, DATASIZE, DATASCALE, UNIQUEVALUE, NULLABLE, INDEXES, DESCRIPTION, DATAID, RELEASEID, UNIQUEKEY, INCLUDESQL, COLTYPE ) values ( 'DC_E_CUDB:((3)):DC_E_CUDB_SPEECH:RAW', 'HOUR_ID', 55, 'tinyint', 0, 0, 24, 1, 'LF', '', 'HOUR_ID', 'BASE_TP_090421', 0, 0, null );
insert into Measurementcolumn ( MTABLEID, DATANAME, COLNUMBER, DATATYPE, DATASIZE, DATASCALE, UNIQUEVALUE, NULLABLE, INDEXES, DESCRIPTION, DATAID, RELEASEID, UNIQUEKEY, INCLUDESQL, COLTYPE ) values ( 'DC_E_CUDB:((3)):DC_E_CUDB_SPEECH:RAW', 'MIN_ID', 57, 'tinyint', 0, 0, 60, 1, 'LF', '', 'MIN_ID', 'BASE_TP_090421', 0, 0, null );
insert into Measurementcolumn ( MTABLEID, DATANAME, COLNUMBER, DATATYPE, DATASIZE, DATASCALE, UNIQUEVALUE, NULLABLE, INDEXES, DESCRIPTION, DATAID, RELEASEID, UNIQUEKEY, INCLUDESQL, COLTYPE ) values ( 'DC_E_CUDB:((3)):DC_E_CUDB_SPEECH:RAW', 'MONTH_ID', 53, 'tinyint', 0, 0, 12, 1, 'LF', '', 'MONTH_ID', 'BASE_TP_090421', 0, 0, null );
insert into Measurementcolumn ( MTABLEID, DATANAME, COLNUMBER, DATATYPE, DATASIZE, DATASCALE, UNIQUEVALUE, NULLABLE, INDEXES, DESCRIPTION, DATAID, RELEASEID, UNIQUEKEY, INCLUDESQL, COLTYPE ) values ( 'DC_E_CUDB:((3)):DC_E_CUDB_SPEECH:RAW', 'NE_ID', 2, 'varchar', 35, 0, 255, 0, 'HG', 'Network Element Id', 'NEID', 'DC_E_CUDB:((FINAL))', 1, 1, 'KEY' );
insert into Measurementcolumn ( MTABLEID, DATANAME, COLNUMBER, DATATYPE, DATASIZE, DATASCALE, UNIQUEVALUE, NULLABLE, INDEXES, DESCRIPTION, DATAID, RELEASEID, UNIQUEKEY, INCLUDESQL, COLTYPE ) values ( 'DC_E_CUDB:((3)):DC_E_CUDB_SPEECH:RAW', 'NSPEECHBAIC', 108, 'numeric', 18, 8, 255, 1, '', 'Number of mobile subscribers registered in CUDB due to HLR 					application with the BAIC SS active for BSG Speech', 'NSPEECHBAIC.actual', 'DC_E_CUDB:((FINAL))', 0, 1, 'COUNTER' );
insert into Measurementcolumn ( MTABLEID, DATANAME, COLNUMBER, DATATYPE, DATASIZE, DATASCALE, UNIQUEVALUE, NULLABLE, INDEXES, DESCRIPTION, DATAID, RELEASEID, UNIQUEKEY, INCLUDESQL, COLTYPE ) values ( 'DC_E_CUDB:((3)):DC_E_CUDB_SPEECH:RAW', 'NSPEECHBAOC', 105, 'numeric', 18, 8, 255, 1, '', 'Number of mobile subscribers registered in CUDB due to HLR 					application with the BAOC SS active for BSG Speech', 'NSPEECHBAOC.actual', 'DC_E_CUDB:((FINAL))', 0, 1, 'COUNTER' );
insert into Measurementcolumn ( MTABLEID, DATANAME, COLNUMBER, DATATYPE, DATASIZE, DATASCALE, UNIQUEVALUE, NULLABLE, INDEXES, DESCRIPTION, DATAID, RELEASEID, UNIQUEKEY, INCLUDESQL, COLTYPE ) values ( 'DC_E_CUDB:((3)):DC_E_CUDB_SPEECH:RAW', 'NSPEECHBICRO', 109, 'numeric', 18, 8, 255, 1, '', 'Number of mobile subscribers registered in CUDB due to HLR 					application with the BICRO SS active for BSG Speech', 'NSPEECHBICRO.actual', 'DC_E_CUDB:((FINAL))', 0, 1, 'COUNTER' );
insert into Measurementcolumn ( MTABLEID, DATANAME, COLNUMBER, DATATYPE, DATASIZE, DATASCALE, UNIQUEVALUE, NULLABLE, INDEXES, DESCRIPTION, DATAID, RELEASEID, UNIQUEKEY, INCLUDESQL, COLTYPE ) values ( 'DC_E_CUDB:((3)):DC_E_CUDB_SPEECH:RAW', 'NSPEECHBOIC', 106, 'numeric', 18, 8, 255, 1, '', 'Number of mobile subscribers registered in CUDB due to HLR 					application with the BOIC SS active for BSG Speech', 'NSPEECHBOIC.actual', 'DC_E_CUDB:((FINAL))', 0, 1, 'COUNTER' );
insert into Measurementcolumn ( MTABLEID, DATANAME, COLNUMBER, DATATYPE, DATASIZE, DATASCALE, UNIQUEVALUE, NULLABLE, INDEXES, DESCRIPTION, DATAID, RELEASEID, UNIQUEKEY, INCLUDESQL, COLTYPE ) values ( 'DC_E_CUDB:((3)):DC_E_CUDB_SPEECH:RAW', 'NSPEECHBOIEXH', 107, 'numeric', 18, 8, 255, 1, '', 'Number of mobile subscribers registered in CUDB due to HLR 					application with the BOIEXH SS active for BSG Speech', 'NSPEECHBOIEXH.actual', 'DC_E_CUDB:((FINAL))', 0, 1, 'COUNTER' );
insert into Measurementcolumn ( MTABLEID, DATANAME, COLNUMBER, DATATYPE, DATASIZE, DATASCALE, UNIQUEVALUE, NULLABLE, INDEXES, DESCRIPTION, DATAID, RELEASEID, UNIQUEKEY, INCLUDESQL, COLTYPE ) values ( 'DC_E_CUDB:((3)):DC_E_CUDB_SPEECH:RAW', 'NSPEECHCAW', 110, 'numeric', 18, 8, 255, 1, '', 'Number of mobile subscribers registered in CUDB due to HLR 					application with the CAW SS active for BSG Speech', 'NSPEECHCAW.actual', 'DC_E_CUDB:((FINAL))', 0, 1, 'COUNTER' );
insert into Measurementcolumn ( MTABLEID, DATANAME, COLNUMBER, DATATYPE, DATASIZE, DATASCALE, UNIQUEVALUE, NULLABLE, INDEXES, DESCRIPTION, DATAID, RELEASEID, UNIQUEKEY, INCLUDESQL, COLTYPE ) values ( 'DC_E_CUDB:((3)):DC_E_CUDB_SPEECH:RAW', 'NSPEECHCFB', 102, 'numeric', 18, 8, 255, 1, '', 'Number of mobile subscribers registered in CUDB due to HLR 					application with the CFB SS active for BSG Speech', 'NSPEECHCFB.actual', 'DC_E_CUDB:((FINAL))', 0, 1, 'COUNTER' );
insert into Measurementcolumn ( MTABLEID, DATANAME, COLNUMBER, DATATYPE, DATASIZE, DATASCALE, UNIQUEVALUE, NULLABLE, INDEXES, DESCRIPTION, DATAID, RELEASEID, UNIQUEKEY, INCLUDESQL, COLTYPE ) values ( 'DC_E_CUDB:((3)):DC_E_CUDB_SPEECH:RAW', 'NSPEECHCFNRC', 104, 'numeric', 18, 8, 255, 1, '', 'Number of mobile subscribers registered in CUDB due to HLR 					application with the CFNRC SS active for BSG Speech', 'NSPEECHCFNRC.actual', 'DC_E_CUDB:((FINAL))', 0, 1, 'COUNTER' );
insert into Measurementcolumn ( MTABLEID, DATANAME, COLNUMBER, DATATYPE, DATASIZE, DATASCALE, UNIQUEVALUE, NULLABLE, INDEXES, DESCRIPTION, DATAID, RELEASEID, UNIQUEKEY, INCLUDESQL, COLTYPE ) values ( 'DC_E_CUDB:((3)):DC_E_CUDB_SPEECH:RAW', 'NSPEECHCFNRY', 103, 'numeric', 18, 8, 255, 1, '', 'Number of mobile subscribers registered in CUDB due to HLR 					application with the CFNRY SS active for BSG Speech', 'NSPEECHCFNRY.actual', 'DC_E_CUDB:((FINAL))', 0, 1, 'COUNTER' );
insert into Measurementcolumn ( MTABLEID, DATANAME, COLNUMBER, DATATYPE, DATASIZE, DATASCALE, UNIQUEVALUE, NULLABLE, INDEXES, DESCRIPTION, DATAID, RELEASEID, UNIQUEKEY, INCLUDESQL, COLTYPE ) values ( 'DC_E_CUDB:((3)):DC_E_CUDB_SPEECH:RAW', 'NSPEECHCFU', 101, 'numeric', 18, 8, 255, 1, '', 'Number of mobile subscribers registered in CUDB due to HLR 					application with the CFU SS active for BSG Speech', 'NSPEECHCFU.actual', 'DC_E_CUDB:((FINAL))', 0, 1, 'COUNTER' );
insert into Measurementcolumn ( MTABLEID, DATANAME, COLNUMBER, DATATYPE, DATASIZE, DATASCALE, UNIQUEVALUE, NULLABLE, INDEXES, DESCRIPTION, DATAID, RELEASEID, UNIQUEKEY, INCLUDESQL, COLTYPE ) values ( 'DC_E_CUDB:((3)):DC_E_CUDB_SPEECH:RAW', 'NSPEECHDCF', 112, 'numeric', 18, 8, 255, 1, '', 'Number of mobile subscribers registered in CUDB due to HLR 					application with the DCF SS active for BSG Speech', 'NSPEECHDCF.actual', 'DC_E_CUDB:((FINAL))', 0, 1, 'COUNTER' );
insert into Measurementcolumn ( MTABLEID, DATANAME, COLNUMBER, DATATYPE, DATASIZE, DATASCALE, UNIQUEVALUE, NULLABLE, INDEXES, DESCRIPTION, DATAID, RELEASEID, UNIQUEKEY, INCLUDESQL, COLTYPE ) values ( 'DC_E_CUDB:((3)):DC_E_CUDB_SPEECH:RAW', 'NSPEECHSPN', 111, 'numeric', 18, 8, 255, 1, '', 'Number of mobile subscribers registered in CUDB due to HLR 					application with the SPN SS active for BSG Speech', 'NSPEECHSPN.actual', 'DC_E_CUDB:((FINAL))', 0, 1, 'COUNTER' );
insert into Measurementcolumn ( MTABLEID, DATANAME, COLNUMBER, DATATYPE, DATASIZE, DATASCALE, UNIQUEVALUE, NULLABLE, INDEXES, DESCRIPTION, DATAID, RELEASEID, UNIQUEKEY, INCLUDESQL, COLTYPE ) values ( 'DC_E_CUDB:((3)):DC_E_CUDB_SPEECH:RAW', 'OSS_ID', 1, 'varchar', 50, 0, 255, 0, 'HG', 'OSS Id', 'OSS_ID', 'DC_E_CUDB:((FINAL))', 1, 1, 'KEY' );
insert into Measurementcolumn ( MTABLEID, DATANAME, COLNUMBER, DATATYPE, DATASIZE, DATASCALE, UNIQUEVALUE, NULLABLE, INDEXES, DESCRIPTION, DATAID, RELEASEID, UNIQUEKEY, INCLUDESQL, COLTYPE ) values ( 'DC_E_CUDB:((3)):DC_E_CUDB_SPEECH:RAW', 'PERIOD_DURATION', 61, 'unsigned int', 0, 0, 10, 1, '', '', 'PERIOD_DURATION', 'BASE_TP_090421', 0, 1, null );
insert into Measurementcolumn ( MTABLEID, DATANAME, COLNUMBER, DATATYPE, DATASIZE, DATASCALE, UNIQUEVALUE, NULLABLE, INDEXES, DESCRIPTION, DATAID, RELEASEID, UNIQUEKEY, INCLUDESQL, COLTYPE ) values ( 'DC_E_CUDB:((3)):DC_E_CUDB_SPEECH:RAW', 'ROWSTATUS', 62, 'varchar', 16, 0, 10, 1, '', '', 'ROWSTATUS', 'BASE_TP_090421', 0, 1, null );
insert into Measurementcolumn ( MTABLEID, DATANAME, COLNUMBER, DATATYPE, DATASIZE, DATASCALE, UNIQUEVALUE, NULLABLE, INDEXES, DESCRIPTION, DATAID, RELEASEID, UNIQUEKEY, INCLUDESQL, COLTYPE ) values ( 'DC_E_CUDB:((3)):DC_E_CUDB_SPEECH:RAW', 'SESSION_ID', 59, 'unsigned int', 0, 0, 255, 1, '', '', 'SESSION_ID', 'BASE_TP_090421', 0, 0, null );
insert into Measurementcolumn ( MTABLEID, DATANAME, COLNUMBER, DATATYPE, DATASIZE, DATASCALE, UNIQUEVALUE, NULLABLE, INDEXES, DESCRIPTION, DATAID, RELEASEID, UNIQUEKEY, INCLUDESQL, COLTYPE ) values ( 'DC_E_CUDB:((3)):DC_E_CUDB_SPEECH:RAW', 'TIMELEVEL', 58, 'varchar', 10, 0, 10, 1, 'LF', '', 'TIMELEVEL', 'BASE_TP_090421', 0, 0, null );
insert into Measurementcolumn ( MTABLEID, DATANAME, COLNUMBER, DATATYPE, DATASIZE, DATASCALE, UNIQUEVALUE, NULLABLE, INDEXES, DESCRIPTION, DATAID, RELEASEID, UNIQUEKEY, INCLUDESQL, COLTYPE ) values ( 'DC_E_CUDB:((3)):DC_E_CUDB_SPEECH:RAW', 'UTC_DATETIME_ID', 67, 'datetime', 0, 0, 255, 1, 'HG', '', 'UTC_DATETIME_ID', 'BASE_TP_090421', 1, 1, null );
insert into Measurementcolumn ( MTABLEID, DATANAME, COLNUMBER, DATATYPE, DATASIZE, DATASCALE, UNIQUEVALUE, NULLABLE, INDEXES, DESCRIPTION, DATAID, RELEASEID, UNIQUEKEY, INCLUDESQL, COLTYPE ) values ( 'DC_E_CUDB:((3)):DC_E_CUDB_SPEECH:RAW', 'YEAR_ID', 52, 'smallint', 0, 0, 20, 1, 'LF', '', 'YEAR_ID', 'BASE_TP_090421', 0, 0, null );
insert into Measurementtype ( TYPEID, TYPECLASSID, TYPENAME, VENDORID, FOLDERNAME, DESCRIPTION, STATUS, VERSIONID, OBJECTID, OBJECTNAME, OBJECTVERSION, OBJECTTYPE, JOINABLE, SIZING, TOTALAGG, ELEMENTBHSUPPORT, RANKINGTABLE, DELTACALCSUPPORT, PLAINTABLE, UNIVERSEEXTENSION, VECTORSUPPORT, DATAFORMATSUPPORT ) values ( 'DC_E_CUDB:((3)):DC_E_CUDB_SYNCRO', 'DC_E_CUDB:((3)):DC_E_CUDB_HLR', 'DC_E_CUDB_SYNCRO', 'DC_E_CUDB', 'DC_E_CUDB_SYNCRO', 'HLR application subscriber counters', null, 'DC_E_CUDB:((3))', 'DC_E_CUDB:((3)):DC_E_CUDB_SYNCRO', 'DC_E_CUDB_SYNCRO', null, null, '', 'small', 1, 0, 0, 0, 0, 'ALL', 0, 1 );
insert into Measurementkey ( TYPEID, DATANAME, DESCRIPTION, ISELEMENT, UNIQUEKEY, COLNUMBER, DATATYPE, DATASIZE, DATASCALE, UNIQUEVALUE, NULLABLE, INDEXES, INCLUDESQL, UNIVOBJECT, JOINABLE, DATAID ) values ( 'DC_E_CUDB:((3)):DC_E_CUDB_SYNCRO', 'NE_ID', 'Network Element Id', 1, 1, 2, 'varchar', 35, 0, 255, 0, 'HG', 1, 'NE_ID', null, 'NEID' );
insert into Measurementkey ( TYPEID, DATANAME, DESCRIPTION, ISELEMENT, UNIQUEKEY, COLNUMBER, DATATYPE, DATASIZE, DATASCALE, UNIQUEVALUE, NULLABLE, INDEXES, INCLUDESQL, UNIVOBJECT, JOINABLE, DATAID ) values ( 'DC_E_CUDB:((3)):DC_E_CUDB_SYNCRO', 'OSS_ID', 'OSS Id', 0, 1, 1, 'varchar', 50, 0, 255, 0, 'HG', 1, 'OSS_ID', null, 'OSS_ID' );
insert into Measurementcounter ( TYPEID, DATANAME, DESCRIPTION, TIMEAGGREGATION, GROUPAGGREGATION, COUNTAGGREGATION, COLNUMBER, DATATYPE, DATASIZE, DATASCALE, INCLUDESQL, UNIVOBJECT, UNIVCLASS, COUNTERTYPE, COUNTERPROCESS, DATAID ) values ( 'DC_E_CUDB:((3)):DC_E_CUDB_SYNCRO', 'NSYNCROBAIC', 'Number of mobile subscribers registered in CUDB due to HLR application with the BAIC SS active for BSG All Data Circuit Synchronous', 'AVG', 'AVG', 'GAUGE', 108, 'numeric', 18, 8, 1, 'NSYNCROBAIC', null, 'GAUGE', 'GAUGE', 'NSYNCROBAIC.actual' );
insert into Measurementcounter ( TYPEID, DATANAME, DESCRIPTION, TIMEAGGREGATION, GROUPAGGREGATION, COUNTAGGREGATION, COLNUMBER, DATATYPE, DATASIZE, DATASCALE, INCLUDESQL, UNIVOBJECT, UNIVCLASS, COUNTERTYPE, COUNTERPROCESS, DATAID ) values ( 'DC_E_CUDB:((3)):DC_E_CUDB_SYNCRO', 'NSYNCROBAOC', 'Number of mobile subscribers registered in CUDB due to HLR 					application with the BAOC SS active for BSG All Data 						Circuit Synchronous', 'AVG', 'AVG', 'GAUGE', 105, 'numeric', 18, 8, 1, 'NSYNCROBAOC', null, 'GAUGE', 'GAUGE', 'NSYNCROBAOC.actual' );
insert into Measurementcounter ( TYPEID, DATANAME, DESCRIPTION, TIMEAGGREGATION, GROUPAGGREGATION, COUNTAGGREGATION, COLNUMBER, DATATYPE, DATASIZE, DATASCALE, INCLUDESQL, UNIVOBJECT, UNIVCLASS, COUNTERTYPE, COUNTERPROCESS, DATAID ) values ( 'DC_E_CUDB:((3)):DC_E_CUDB_SYNCRO', 'NSYNCROBICRO', 'Number of mobile subscribers registered in CUDB due to HLR application with the BICRO SS active for BSG All Data  Circuit Synchronous', 'AVG', 'AVG', 'GAUGE', 109, 'numeric', 18, 8, 1, 'NSYNCROBICRO', null, 'GAUGE', 'GAUGE', 'NSYNCROBICRO.actual' );
insert into Measurementcounter ( TYPEID, DATANAME, DESCRIPTION, TIMEAGGREGATION, GROUPAGGREGATION, COUNTAGGREGATION, COLNUMBER, DATATYPE, DATASIZE, DATASCALE, INCLUDESQL, UNIVOBJECT, UNIVCLASS, COUNTERTYPE, COUNTERPROCESS, DATAID ) values ( 'DC_E_CUDB:((3)):DC_E_CUDB_SYNCRO', 'NSYNCROBOIC', 'Number of mobile subscribers registered in CUDB due to HLR 					application with the BOIC SS active for BSG All Data 						Circuit Synchronous', 'AVG', 'AVG', 'GAUGE', 106, 'numeric', 18, 8, 1, 'NSYNCROBOIC', null, 'GAUGE', 'GAUGE', 'NSYNCROBOIC.actual' );
insert into Measurementcounter ( TYPEID, DATANAME, DESCRIPTION, TIMEAGGREGATION, GROUPAGGREGATION, COUNTAGGREGATION, COLNUMBER, DATATYPE, DATASIZE, DATASCALE, INCLUDESQL, UNIVOBJECT, UNIVCLASS, COUNTERTYPE, COUNTERPROCESS, DATAID ) values ( 'DC_E_CUDB:((3)):DC_E_CUDB_SYNCRO', 'NSYNCROBOIEXH', 'Number of mobile subscribers registered in CUDB due to HLR 					application with the BOIEXH SS active for BSG All Data 					Circuit Synchronous', 'AVG', 'AVG', 'GAUGE', 107, 'numeric', 18, 8, 1, 'NSYNCROBOIEXH', null, 'GAUGE', 'GAUGE', 'NSYNCROBOIEXH.actual' );
insert into Measurementcounter ( TYPEID, DATANAME, DESCRIPTION, TIMEAGGREGATION, GROUPAGGREGATION, COUNTAGGREGATION, COLNUMBER, DATATYPE, DATASIZE, DATASCALE, INCLUDESQL, UNIVOBJECT, UNIVCLASS, COUNTERTYPE, COUNTERPROCESS, DATAID ) values ( 'DC_E_CUDB:((3)):DC_E_CUDB_SYNCRO', 'NSYNCROCAW', 'Number of mobile subscribers registered in CUDB due to HLR application with the CAW SS active for BSG All Data  Circuit Synchronous', 'AVG', 'AVG', 'GAUGE', 110, 'numeric', 18, 8, 1, 'NSYNCROCAW', null, 'GAUGE', 'GAUGE', 'NSYNCROCAW.actual' );
insert into Measurementcounter ( TYPEID, DATANAME, DESCRIPTION, TIMEAGGREGATION, GROUPAGGREGATION, COUNTAGGREGATION, COLNUMBER, DATATYPE, DATASIZE, DATASCALE, INCLUDESQL, UNIVOBJECT, UNIVCLASS, COUNTERTYPE, COUNTERPROCESS, DATAID ) values ( 'DC_E_CUDB:((3)):DC_E_CUDB_SYNCRO', 'NSYNCROCFB', 'Number of mobile subscribers registered in CUDB due to HLR 					application with the CFB SS active for BSG All Data 						Circuit Synchronous', 'AVG', 'AVG', 'GAUGE', 102, 'numeric', 18, 8, 1, 'NSYNCROCFB', null, 'GAUGE', 'GAUGE', 'NSYNCROCFB.actual' );
insert into Measurementcounter ( TYPEID, DATANAME, DESCRIPTION, TIMEAGGREGATION, GROUPAGGREGATION, COUNTAGGREGATION, COLNUMBER, DATATYPE, DATASIZE, DATASCALE, INCLUDESQL, UNIVOBJECT, UNIVCLASS, COUNTERTYPE, COUNTERPROCESS, DATAID ) values ( 'DC_E_CUDB:((3)):DC_E_CUDB_SYNCRO', 'NSYNCROCFNRC', 'Number of mobile subscribers registered in CUDB due to HLR 					application with the CFNRC SS active for BSG All Data 						Circuit Synchronous', 'AVG', 'AVG', 'GAUGE', 104, 'numeric', 18, 8, 1, 'NSYNCROCFNRC', null, 'GAUGE', 'GAUGE', 'NSYNCROCFNRC.actual' );
insert into Measurementcounter ( TYPEID, DATANAME, DESCRIPTION, TIMEAGGREGATION, GROUPAGGREGATION, COUNTAGGREGATION, COLNUMBER, DATATYPE, DATASIZE, DATASCALE, INCLUDESQL, UNIVOBJECT, UNIVCLASS, COUNTERTYPE, COUNTERPROCESS, DATAID ) values ( 'DC_E_CUDB:((3)):DC_E_CUDB_SYNCRO', 'NSYNCROCFNRY', 'Number of mobile subscribers registered in CUDB due to HLR 					application with the CFNRY SS active for BSG All Data 						Circuit Synchronous', 'AVG', 'AVG', 'GAUGE', 103, 'numeric', 18, 8, 1, 'NSYNCROCFNRY', null, 'GAUGE', 'GAUGE', 'NSYNCROCFNRY.actual' );
insert into Measurementcounter ( TYPEID, DATANAME, DESCRIPTION, TIMEAGGREGATION, GROUPAGGREGATION, COUNTAGGREGATION, COLNUMBER, DATATYPE, DATASIZE, DATASCALE, INCLUDESQL, UNIVOBJECT, UNIVCLASS, COUNTERTYPE, COUNTERPROCESS, DATAID ) values ( 'DC_E_CUDB:((3)):DC_E_CUDB_SYNCRO', 'NSYNCROCFU', 'Number of mobile subscribers registered in CUDB due to HLR 					application with the CFU SS active for BSG All Data 						Circuit Synchronous', 'AVG', 'AVG', 'GAUGE', 101, 'numeric', 18, 8, 1, 'NSYNCROCFU', null, 'GAUGE', 'GAUGE', 'NSYNCROCFU.actual' );
insert into Measurementcounter ( TYPEID, DATANAME, DESCRIPTION, TIMEAGGREGATION, GROUPAGGREGATION, COUNTAGGREGATION, COLNUMBER, DATATYPE, DATASIZE, DATASCALE, INCLUDESQL, UNIVOBJECT, UNIVCLASS, COUNTERTYPE, COUNTERPROCESS, DATAID ) values ( 'DC_E_CUDB:((3)):DC_E_CUDB_SYNCRO', 'NSYNCRODCF', 'Number of mobile subscribers registered in CUDB due to HLR application with the DCF SS active for BSG All Data  Circuit Synchronous', 'AVG', 'AVG', 'GAUGE', 111, 'numeric', 18, 8, 1, 'NSYNCRODCF', null, 'GAUGE', 'GAUGE', 'NSYNCRODCF.actual' );
insert into Measurementtable ( MTABLEID, TABLELEVEL, TYPEID, BASETABLENAME, DEFAULT_TEMPLATE, PARTITIONPLAN ) values ( 'DC_E_CUDB:((3)):DC_E_CUDB_SYNCRO:DAY', 'DAY', 'DC_E_CUDB:((3)):DC_E_CUDB_SYNCRO', 'DC_E_CUDB_SYNCRO_DAY', null, 'small_day' );
insert into Measurementcolumn ( MTABLEID, DATANAME, COLNUMBER, DATATYPE, DATASIZE, DATASCALE, UNIQUEVALUE, NULLABLE, INDEXES, DESCRIPTION, DATAID, RELEASEID, UNIQUEKEY, INCLUDESQL, COLTYPE ) values ( 'DC_E_CUDB:((3)):DC_E_CUDB_SYNCRO:DAY', 'AGG_COUNT', 57, 'smallint', 0, 0, 255, 1, '', '', 'AGG_COUNT', 'BASE_TP_090421', 0, 0, null );
insert into Measurementcolumn ( MTABLEID, DATANAME, COLNUMBER, DATATYPE, DATASIZE, DATASCALE, UNIQUEVALUE, NULLABLE, INDEXES, DESCRIPTION, DATAID, RELEASEID, UNIQUEKEY, INCLUDESQL, COLTYPE ) values ( 'DC_E_CUDB:((3)):DC_E_CUDB_SYNCRO:DAY', 'BATCH_ID', 60, 'smallint', 0, 0, 255, 1, '', '', 'BATCH_ID', 'BASE_TP_090421', 0, 0, null );
insert into Measurementcolumn ( MTABLEID, DATANAME, COLNUMBER, DATATYPE, DATASIZE, DATASCALE, UNIQUEVALUE, NULLABLE, INDEXES, DESCRIPTION, DATAID, RELEASEID, UNIQUEKEY, INCLUDESQL, COLTYPE ) values ( 'DC_E_CUDB:((3)):DC_E_CUDB_SYNCRO:DAY', 'DATACOVERAGE', 56, 'unsigned int', 0, 0, 255, 1, '', '', 'DATACOVERAGE', 'BASE_TP_090421', 0, 1, null );
insert into Measurementcolumn ( MTABLEID, DATANAME, COLNUMBER, DATATYPE, DATASIZE, DATASCALE, UNIQUEVALUE, NULLABLE, INDEXES, DESCRIPTION, DATAID, RELEASEID, UNIQUEKEY, INCLUDESQL, COLTYPE ) values ( 'DC_E_CUDB:((3)):DC_E_CUDB_SYNCRO:DAY', 'DATE_ID', 51, 'date', 0, 0, 255, 1, 'LF', '', 'DATE_ID', 'BASE_TP_090421', 1, 1, null );
insert into Measurementcolumn ( MTABLEID, DATANAME, COLNUMBER, DATATYPE, DATASIZE, DATASCALE, UNIQUEVALUE, NULLABLE, INDEXES, DESCRIPTION, DATAID, RELEASEID, UNIQUEKEY, INCLUDESQL, COLTYPE ) values ( 'DC_E_CUDB:((3)):DC_E_CUDB_SYNCRO:DAY', 'DAY_ID', 54, 'tinyint', 0, 0, 31, 1, 'LF', '', 'DAY_ID', 'BASE_TP_090421', 0, 0, null );
insert into Measurementcolumn ( MTABLEID, DATANAME, COLNUMBER, DATATYPE, DATASIZE, DATASCALE, UNIQUEVALUE, NULLABLE, INDEXES, DESCRIPTION, DATAID, RELEASEID, UNIQUEKEY, INCLUDESQL, COLTYPE ) values ( 'DC_E_CUDB:((3)):DC_E_CUDB_SYNCRO:DAY', 'DC_RELEASE', 63, 'varchar', 16, 0, 2, 1, 'LF', '', 'DC_RELEASE', 'BASE_TP_090421', 1, 1, null );
insert into Measurementcolumn ( MTABLEID, DATANAME, COLNUMBER, DATATYPE, DATASIZE, DATASCALE, UNIQUEVALUE, NULLABLE, INDEXES, DESCRIPTION, DATAID, RELEASEID, UNIQUEKEY, INCLUDESQL, COLTYPE ) values ( 'DC_E_CUDB:((3)):DC_E_CUDB_SYNCRO:DAY', 'DC_SOURCE', 64, 'varchar', 16, 0, 2, 1, 'LF', '', 'DC_SOURCE', 'BASE_TP_090421', 0, 1, null );
insert into Measurementcolumn ( MTABLEID, DATANAME, COLNUMBER, DATATYPE, DATASIZE, DATASCALE, UNIQUEVALUE, NULLABLE, INDEXES, DESCRIPTION, DATAID, RELEASEID, UNIQUEKEY, INCLUDESQL, COLTYPE ) values ( 'DC_E_CUDB:((3)):DC_E_CUDB_SYNCRO:DAY', 'DC_SUSPECTFLAG', 66, 'int', 0, 0, 2, 1, 'LF', '', 'DC_SUSPECTFLAG', 'BASE_TP_090421', 0, 1, null );
insert into Measurementcolumn ( MTABLEID, DATANAME, COLNUMBER, DATATYPE, DATASIZE, DATASCALE, UNIQUEVALUE, NULLABLE, INDEXES, DESCRIPTION, DATAID, RELEASEID, UNIQUEKEY, INCLUDESQL, COLTYPE ) values ( 'DC_E_CUDB:((3)):DC_E_CUDB_SYNCRO:DAY', 'DC_TIMEZONE', 65, 'varchar', 16, 0, 2, 1, 'LF', '', 'DC_TIMEZONE', 'BASE_TP_090421', 0, 1, null );
insert into Measurementcolumn ( MTABLEID, DATANAME, COLNUMBER, DATATYPE, DATASIZE, DATASCALE, UNIQUEVALUE, NULLABLE, INDEXES, DESCRIPTION, DATAID, RELEASEID, UNIQUEKEY, INCLUDESQL, COLTYPE ) values ( 'DC_E_CUDB:((3)):DC_E_CUDB_SYNCRO:DAY', 'MONTH_ID', 53, 'tinyint', 0, 0, 12, 1, 'LF', '', 'MONTH_ID', 'BASE_TP_090421', 0, 0, null );
insert into Measurementcolumn ( MTABLEID, DATANAME, COLNUMBER, DATATYPE, DATASIZE, DATASCALE, UNIQUEVALUE, NULLABLE, INDEXES, DESCRIPTION, DATAID, RELEASEID, UNIQUEKEY, INCLUDESQL, COLTYPE ) values ( 'DC_E_CUDB:((3)):DC_E_CUDB_SYNCRO:DAY', 'NE_ID', 2, 'varchar', 35, 0, 255, 0, 'HG', 'Network Element Id', 'NEID', 'DC_E_CUDB:((FINAL))', 1, 1, 'KEY' );
insert into Measurementcolumn ( MTABLEID, DATANAME, COLNUMBER, DATATYPE, DATASIZE, DATASCALE, UNIQUEVALUE, NULLABLE, INDEXES, DESCRIPTION, DATAID, RELEASEID, UNIQUEKEY, INCLUDESQL, COLTYPE ) values ( 'DC_E_CUDB:((3)):DC_E_CUDB_SYNCRO:DAY', 'NSYNCROBAIC', 108, 'numeric', 18, 8, 255, 1, '', 'Number of mobile subscribers registered in CUDB due to HLR application with the BAIC SS active for BSG All Data Circuit Synchronous', 'NSYNCROBAIC.actual', 'DC_E_CUDB:((FINAL))', 0, 1, 'COUNTER' );
insert into Measurementcolumn ( MTABLEID, DATANAME, COLNUMBER, DATATYPE, DATASIZE, DATASCALE, UNIQUEVALUE, NULLABLE, INDEXES, DESCRIPTION, DATAID, RELEASEID, UNIQUEKEY, INCLUDESQL, COLTYPE ) values ( 'DC_E_CUDB:((3)):DC_E_CUDB_SYNCRO:DAY', 'NSYNCROBAOC', 105, 'numeric', 18, 8, 255, 1, '', 'Number of mobile subscribers registered in CUDB due to HLR 					application with the BAOC SS active for BSG All Data 						Circuit Synchronous', 'NSYNCROBAOC.actual', 'DC_E_CUDB:((FINAL))', 0, 1, 'COUNTER' );
insert into Measurementcolumn ( MTABLEID, DATANAME, COLNUMBER, DATATYPE, DATASIZE, DATASCALE, UNIQUEVALUE, NULLABLE, INDEXES, DESCRIPTION, DATAID, RELEASEID, UNIQUEKEY, INCLUDESQL, COLTYPE ) values ( 'DC_E_CUDB:((3)):DC_E_CUDB_SYNCRO:DAY', 'NSYNCROBICRO', 109, 'numeric', 18, 8, 255, 1, '', 'Number of mobile subscribers registered in CUDB due to HLR application with the BICRO SS active for BSG All Data  Circuit Synchronous', 'NSYNCROBICRO.actual', 'DC_E_CUDB:((FINAL))', 0, 1, 'COUNTER' );
insert into Measurementcolumn ( MTABLEID, DATANAME, COLNUMBER, DATATYPE, DATASIZE, DATASCALE, UNIQUEVALUE, NULLABLE, INDEXES, DESCRIPTION, DATAID, RELEASEID, UNIQUEKEY, INCLUDESQL, COLTYPE ) values ( 'DC_E_CUDB:((3)):DC_E_CUDB_SYNCRO:DAY', 'NSYNCROBOIC', 106, 'numeric', 18, 8, 255, 1, '', 'Number of mobile subscribers registered in CUDB due to HLR 					application with the BOIC SS active for BSG All Data 						Circuit Synchronous', 'NSYNCROBOIC.actual', 'DC_E_CUDB:((FINAL))', 0, 1, 'COUNTER' );
insert into Measurementcolumn ( MTABLEID, DATANAME, COLNUMBER, DATATYPE, DATASIZE, DATASCALE, UNIQUEVALUE, NULLABLE, INDEXES, DESCRIPTION, DATAID, RELEASEID, UNIQUEKEY, INCLUDESQL, COLTYPE ) values ( 'DC_E_CUDB:((3)):DC_E_CUDB_SYNCRO:DAY', 'NSYNCROBOIEXH', 107, 'numeric', 18, 8, 255, 1, '', 'Number of mobile subscribers registered in CUDB due to HLR 					application with the BOIEXH SS active for BSG All Data 					Circuit Synchronous', 'NSYNCROBOIEXH.actual', 'DC_E_CUDB:((FINAL))', 0, 1, 'COUNTER' );
insert into Measurementcolumn ( MTABLEID, DATANAME, COLNUMBER, DATATYPE, DATASIZE, DATASCALE, UNIQUEVALUE, NULLABLE, INDEXES, DESCRIPTION, DATAID, RELEASEID, UNIQUEKEY, INCLUDESQL, COLTYPE ) values ( 'DC_E_CUDB:((3)):DC_E_CUDB_SYNCRO:DAY', 'NSYNCROCAW', 110, 'numeric', 18, 8, 255, 1, '', 'Number of mobile subscribers registered in CUDB due to HLR application with the CAW SS active for BSG All Data  Circuit Synchronous', 'NSYNCROCAW.actual', 'DC_E_CUDB:((FINAL))', 0, 1, 'COUNTER' );
insert into Measurementcolumn ( MTABLEID, DATANAME, COLNUMBER, DATATYPE, DATASIZE, DATASCALE, UNIQUEVALUE, NULLABLE, INDEXES, DESCRIPTION, DATAID, RELEASEID, UNIQUEKEY, INCLUDESQL, COLTYPE ) values ( 'DC_E_CUDB:((3)):DC_E_CUDB_SYNCRO:DAY', 'NSYNCROCFB', 102, 'numeric', 18, 8, 255, 1, '', 'Number of mobile subscribers registered in CUDB due to HLR 					application with the CFB SS active for BSG All Data 						Circuit Synchronous', 'NSYNCROCFB.actual', 'DC_E_CUDB:((FINAL))', 0, 1, 'COUNTER' );
insert into Measurementcolumn ( MTABLEID, DATANAME, COLNUMBER, DATATYPE, DATASIZE, DATASCALE, UNIQUEVALUE, NULLABLE, INDEXES, DESCRIPTION, DATAID, RELEASEID, UNIQUEKEY, INCLUDESQL, COLTYPE ) values ( 'DC_E_CUDB:((3)):DC_E_CUDB_SYNCRO:DAY', 'NSYNCROCFNRC', 104, 'numeric', 18, 8, 255, 1, '', 'Number of mobile subscribers registered in CUDB due to HLR 					application with the CFNRC SS active for BSG All Data 						Circuit Synchronous', 'NSYNCROCFNRC.actual', 'DC_E_CUDB:((FINAL))', 0, 1, 'COUNTER' );
insert into Measurementcolumn ( MTABLEID, DATANAME, COLNUMBER, DATATYPE, DATASIZE, DATASCALE, UNIQUEVALUE, NULLABLE, INDEXES, DESCRIPTION, DATAID, RELEASEID, UNIQUEKEY, INCLUDESQL, COLTYPE ) values ( 'DC_E_CUDB:((3)):DC_E_CUDB_SYNCRO:DAY', 'NSYNCROCFNRY', 103, 'numeric', 18, 8, 255, 1, '', 'Number of mobile subscribers registered in CUDB due to HLR 					application with the CFNRY SS active for BSG All Data 						Circuit Synchronous', 'NSYNCROCFNRY.actual', 'DC_E_CUDB:((FINAL))', 0, 1, 'COUNTER' );
insert into Measurementcolumn ( MTABLEID, DATANAME, COLNUMBER, DATATYPE, DATASIZE, DATASCALE, UNIQUEVALUE, NULLABLE, INDEXES, DESCRIPTION, DATAID, RELEASEID, UNIQUEKEY, INCLUDESQL, COLTYPE ) values ( 'DC_E_CUDB:((3)):DC_E_CUDB_SYNCRO:DAY', 'NSYNCROCFU', 101, 'numeric', 18, 8, 255, 1, '', 'Number of mobile subscribers registered in CUDB due to HLR 					application with the CFU SS active for BSG All Data 						Circuit Synchronous', 'NSYNCROCFU.actual', 'DC_E_CUDB:((FINAL))', 0, 1, 'COUNTER' );
insert into Measurementcolumn ( MTABLEID, DATANAME, COLNUMBER, DATATYPE, DATASIZE, DATASCALE, UNIQUEVALUE, NULLABLE, INDEXES, DESCRIPTION, DATAID, RELEASEID, UNIQUEKEY, INCLUDESQL, COLTYPE ) values ( 'DC_E_CUDB:((3)):DC_E_CUDB_SYNCRO:DAY', 'NSYNCRODCF', 111, 'numeric', 18, 8, 255, 1, '', 'Number of mobile subscribers registered in CUDB due to HLR application with the DCF SS active for BSG All Data  Circuit Synchronous', 'NSYNCRODCF.actual', 'DC_E_CUDB:((FINAL))', 0, 1, 'COUNTER' );
insert into Measurementcolumn ( MTABLEID, DATANAME, COLNUMBER, DATATYPE, DATASIZE, DATASCALE, UNIQUEVALUE, NULLABLE, INDEXES, DESCRIPTION, DATAID, RELEASEID, UNIQUEKEY, INCLUDESQL, COLTYPE ) values ( 'DC_E_CUDB:((3)):DC_E_CUDB_SYNCRO:DAY', 'OSS_ID', 1, 'varchar', 50, 0, 255, 0, 'HG', 'OSS Id', 'OSS_ID', 'DC_E_CUDB:((FINAL))', 1, 1, 'KEY' );
insert into Measurementcolumn ( MTABLEID, DATANAME, COLNUMBER, DATATYPE, DATASIZE, DATASCALE, UNIQUEVALUE, NULLABLE, INDEXES, DESCRIPTION, DATAID, RELEASEID, UNIQUEKEY, INCLUDESQL, COLTYPE ) values ( 'DC_E_CUDB:((3)):DC_E_CUDB_SYNCRO:DAY', 'PERIOD_DURATION', 61, 'unsigned int', 0, 0, 10, 1, '', '', 'PERIOD_DURATION', 'BASE_TP_090421', 0, 1, null );
insert into Measurementcolumn ( MTABLEID, DATANAME, COLNUMBER, DATATYPE, DATASIZE, DATASCALE, UNIQUEVALUE, NULLABLE, INDEXES, DESCRIPTION, DATAID, RELEASEID, UNIQUEKEY, INCLUDESQL, COLTYPE ) values ( 'DC_E_CUDB:((3)):DC_E_CUDB_SYNCRO:DAY', 'ROWSTATUS', 62, 'varchar', 16, 0, 10, 1, '', '', 'ROWSTATUS', 'BASE_TP_090421', 0, 1, null );
insert into Measurementcolumn ( MTABLEID, DATANAME, COLNUMBER, DATATYPE, DATASIZE, DATASCALE, UNIQUEVALUE, NULLABLE, INDEXES, DESCRIPTION, DATAID, RELEASEID, UNIQUEKEY, INCLUDESQL, COLTYPE ) values ( 'DC_E_CUDB:((3)):DC_E_CUDB_SYNCRO:DAY', 'SESSION_ID', 59, 'unsigned int', 0, 0, 255, 1, '', '', 'SESSION_ID', 'BASE_TP_090421', 0, 0, null );
insert into Measurementcolumn ( MTABLEID, DATANAME, COLNUMBER, DATATYPE, DATASIZE, DATASCALE, UNIQUEVALUE, NULLABLE, INDEXES, DESCRIPTION, DATAID, RELEASEID, UNIQUEKEY, INCLUDESQL, COLTYPE ) values ( 'DC_E_CUDB:((3)):DC_E_CUDB_SYNCRO:DAY', 'TIMELEVEL', 58, 'varchar', 10, 0, 10, 1, 'LF', '', 'TIMELEVEL', 'BASE_TP_090421', 0, 0, null );
insert into Measurementcolumn ( MTABLEID, DATANAME, COLNUMBER, DATATYPE, DATASIZE, DATASCALE, UNIQUEVALUE, NULLABLE, INDEXES, DESCRIPTION, DATAID, RELEASEID, UNIQUEKEY, INCLUDESQL, COLTYPE ) values ( 'DC_E_CUDB:((3)):DC_E_CUDB_SYNCRO:DAY', 'WEEK_ID', 55, 'tinyint', 0, 0, 53, 1, 'LF', '', 'WEEK_ID', 'BASE_TP_090421', 0, 0, null );
insert into Measurementcolumn ( MTABLEID, DATANAME, COLNUMBER, DATATYPE, DATASIZE, DATASCALE, UNIQUEVALUE, NULLABLE, INDEXES, DESCRIPTION, DATAID, RELEASEID, UNIQUEKEY, INCLUDESQL, COLTYPE ) values ( 'DC_E_CUDB:((3)):DC_E_CUDB_SYNCRO:DAY', 'YEAR_ID', 52, 'smallint', 0, 0, 20, 1, 'LF', '', 'YEAR_ID', 'BASE_TP_090421', 0, 0, null );
insert into Measurementtable ( MTABLEID, TABLELEVEL, TYPEID, BASETABLENAME, DEFAULT_TEMPLATE, PARTITIONPLAN ) values ( 'DC_E_CUDB:((3)):DC_E_CUDB_SYNCRO:RAW', 'RAW', 'DC_E_CUDB:((3)):DC_E_CUDB_SYNCRO', 'DC_E_CUDB_SYNCRO_RAW', null, 'small_raw' );
insert into Measurementcolumn ( MTABLEID, DATANAME, COLNUMBER, DATATYPE, DATASIZE, DATASCALE, UNIQUEVALUE, NULLABLE, INDEXES, DESCRIPTION, DATAID, RELEASEID, UNIQUEKEY, INCLUDESQL, COLTYPE ) values ( 'DC_E_CUDB:((3)):DC_E_CUDB_SYNCRO:RAW', 'BATCH_ID', 60, 'smallint', 0, 0, 255, 1, '', '', 'BATCH_ID', 'BASE_TP_090421', 0, 0, null );
insert into Measurementcolumn ( MTABLEID, DATANAME, COLNUMBER, DATATYPE, DATASIZE, DATASCALE, UNIQUEVALUE, NULLABLE, INDEXES, DESCRIPTION, DATAID, RELEASEID, UNIQUEKEY, INCLUDESQL, COLTYPE ) values ( 'DC_E_CUDB:((3)):DC_E_CUDB_SYNCRO:RAW', 'DATE_ID', 51, 'date', 0, 0, 255, 1, 'LF', '', 'DATE_ID', 'BASE_TP_090421', 0, 0, null );
insert into Measurementcolumn ( MTABLEID, DATANAME, COLNUMBER, DATATYPE, DATASIZE, DATASCALE, UNIQUEVALUE, NULLABLE, INDEXES, DESCRIPTION, DATAID, RELEASEID, UNIQUEKEY, INCLUDESQL, COLTYPE ) values ( 'DC_E_CUDB:((3)):DC_E_CUDB_SYNCRO:RAW', 'DATETIME_ID', 56, 'datetime', 0, 0, 255, 1, 'HG', '', 'DATETIME_ID', 'BASE_TP_090421', 1, 1, null );
insert into Measurementcolumn ( MTABLEID, DATANAME, COLNUMBER, DATATYPE, DATASIZE, DATASCALE, UNIQUEVALUE, NULLABLE, INDEXES, DESCRIPTION, DATAID, RELEASEID, UNIQUEKEY, INCLUDESQL, COLTYPE ) values ( 'DC_E_CUDB:((3)):DC_E_CUDB_SYNCRO:RAW', 'DAY_ID', 54, 'tinyint', 0, 0, 31, 1, 'LF', '', 'DAY_ID', 'BASE_TP_090421', 0, 0, null );
insert into Measurementcolumn ( MTABLEID, DATANAME, COLNUMBER, DATATYPE, DATASIZE, DATASCALE, UNIQUEVALUE, NULLABLE, INDEXES, DESCRIPTION, DATAID, RELEASEID, UNIQUEKEY, INCLUDESQL, COLTYPE ) values ( 'DC_E_CUDB:((3)):DC_E_CUDB_SYNCRO:RAW', 'DC_RELEASE', 63, 'varchar', 16, 0, 2, 1, 'LF', '', 'DC_RELEASE', 'BASE_TP_090421', 0, 1, null );
insert into Measurementcolumn ( MTABLEID, DATANAME, COLNUMBER, DATATYPE, DATASIZE, DATASCALE, UNIQUEVALUE, NULLABLE, INDEXES, DESCRIPTION, DATAID, RELEASEID, UNIQUEKEY, INCLUDESQL, COLTYPE ) values ( 'DC_E_CUDB:((3)):DC_E_CUDB_SYNCRO:RAW', 'DC_SOURCE', 64, 'varchar', 16, 0, 2, 1, 'LF', '', 'DC_SOURCE', 'BASE_TP_090421', 0, 1, null );
insert into Measurementcolumn ( MTABLEID, DATANAME, COLNUMBER, DATATYPE, DATASIZE, DATASCALE, UNIQUEVALUE, NULLABLE, INDEXES, DESCRIPTION, DATAID, RELEASEID, UNIQUEKEY, INCLUDESQL, COLTYPE ) values ( 'DC_E_CUDB:((3)):DC_E_CUDB_SYNCRO:RAW', 'DC_SUSPECTFLAG', 66, 'int', 0, 0, 2, 1, 'LF', '', 'DC_SUSPECTFLAG', 'BASE_TP_090421', 0, 1, null );
insert into Measurementcolumn ( MTABLEID, DATANAME, COLNUMBER, DATATYPE, DATASIZE, DATASCALE, UNIQUEVALUE, NULLABLE, INDEXES, DESCRIPTION, DATAID, RELEASEID, UNIQUEKEY, INCLUDESQL, COLTYPE ) values ( 'DC_E_CUDB:((3)):DC_E_CUDB_SYNCRO:RAW', 'DC_TIMEZONE', 65, 'varchar', 16, 0, 2, 1, 'LF', '', 'DC_TIMEZONE', 'BASE_TP_090421', 0, 1, null );
insert into Measurementcolumn ( MTABLEID, DATANAME, COLNUMBER, DATATYPE, DATASIZE, DATASCALE, UNIQUEVALUE, NULLABLE, INDEXES, DESCRIPTION, DATAID, RELEASEID, UNIQUEKEY, INCLUDESQL, COLTYPE ) values ( 'DC_E_CUDB:((3)):DC_E_CUDB_SYNCRO:RAW', 'HOUR_ID', 55, 'tinyint', 0, 0, 24, 1, 'LF', '', 'HOUR_ID', 'BASE_TP_090421', 0, 0, null );
insert into Measurementcolumn ( MTABLEID, DATANAME, COLNUMBER, DATATYPE, DATASIZE, DATASCALE, UNIQUEVALUE, NULLABLE, INDEXES, DESCRIPTION, DATAID, RELEASEID, UNIQUEKEY, INCLUDESQL, COLTYPE ) values ( 'DC_E_CUDB:((3)):DC_E_CUDB_SYNCRO:RAW', 'MIN_ID', 57, 'tinyint', 0, 0, 60, 1, 'LF', '', 'MIN_ID', 'BASE_TP_090421', 0, 0, null );
insert into Measurementcolumn ( MTABLEID, DATANAME, COLNUMBER, DATATYPE, DATASIZE, DATASCALE, UNIQUEVALUE, NULLABLE, INDEXES, DESCRIPTION, DATAID, RELEASEID, UNIQUEKEY, INCLUDESQL, COLTYPE ) values ( 'DC_E_CUDB:((3)):DC_E_CUDB_SYNCRO:RAW', 'MONTH_ID', 53, 'tinyint', 0, 0, 12, 1, 'LF', '', 'MONTH_ID', 'BASE_TP_090421', 0, 0, null );
insert into Measurementcolumn ( MTABLEID, DATANAME, COLNUMBER, DATATYPE, DATASIZE, DATASCALE, UNIQUEVALUE, NULLABLE, INDEXES, DESCRIPTION, DATAID, RELEASEID, UNIQUEKEY, INCLUDESQL, COLTYPE ) values ( 'DC_E_CUDB:((3)):DC_E_CUDB_SYNCRO:RAW', 'NE_ID', 2, 'varchar', 35, 0, 255, 0, 'HG', 'Network Element Id', 'NEID', 'DC_E_CUDB:((FINAL))', 1, 1, 'KEY' );
insert into Measurementcolumn ( MTABLEID, DATANAME, COLNUMBER, DATATYPE, DATASIZE, DATASCALE, UNIQUEVALUE, NULLABLE, INDEXES, DESCRIPTION, DATAID, RELEASEID, UNIQUEKEY, INCLUDESQL, COLTYPE ) values ( 'DC_E_CUDB:((3)):DC_E_CUDB_SYNCRO:RAW', 'NSYNCROBAIC', 108, 'numeric', 18, 8, 255, 1, '', 'Number of mobile subscribers registered in CUDB due to HLR application with the BAIC SS active for BSG All Data Circuit Synchronous', 'NSYNCROBAIC.actual', 'DC_E_CUDB:((FINAL))', 0, 1, 'COUNTER' );
insert into Measurementcolumn ( MTABLEID, DATANAME, COLNUMBER, DATATYPE, DATASIZE, DATASCALE, UNIQUEVALUE, NULLABLE, INDEXES, DESCRIPTION, DATAID, RELEASEID, UNIQUEKEY, INCLUDESQL, COLTYPE ) values ( 'DC_E_CUDB:((3)):DC_E_CUDB_SYNCRO:RAW', 'NSYNCROBAOC', 105, 'numeric', 18, 8, 255, 1, '', 'Number of mobile subscribers registered in CUDB due to HLR 					application with the BAOC SS active for BSG All Data 						Circuit Synchronous', 'NSYNCROBAOC.actual', 'DC_E_CUDB:((FINAL))', 0, 1, 'COUNTER' );
insert into Measurementcolumn ( MTABLEID, DATANAME, COLNUMBER, DATATYPE, DATASIZE, DATASCALE, UNIQUEVALUE, NULLABLE, INDEXES, DESCRIPTION, DATAID, RELEASEID, UNIQUEKEY, INCLUDESQL, COLTYPE ) values ( 'DC_E_CUDB:((3)):DC_E_CUDB_SYNCRO:RAW', 'NSYNCROBICRO', 109, 'numeric', 18, 8, 255, 1, '', 'Number of mobile subscribers registered in CUDB due to HLR application with the BICRO SS active for BSG All Data  Circuit Synchronous', 'NSYNCROBICRO.actual', 'DC_E_CUDB:((FINAL))', 0, 1, 'COUNTER' );
insert into Measurementcolumn ( MTABLEID, DATANAME, COLNUMBER, DATATYPE, DATASIZE, DATASCALE, UNIQUEVALUE, NULLABLE, INDEXES, DESCRIPTION, DATAID, RELEASEID, UNIQUEKEY, INCLUDESQL, COLTYPE ) values ( 'DC_E_CUDB:((3)):DC_E_CUDB_SYNCRO:RAW', 'NSYNCROBOIC', 106, 'numeric', 18, 8, 255, 1, '', 'Number of mobile subscribers registered in CUDB due to HLR 					application with the BOIC SS active for BSG All Data 						Circuit Synchronous', 'NSYNCROBOIC.actual', 'DC_E_CUDB:((FINAL))', 0, 1, 'COUNTER' );
insert into Measurementcolumn ( MTABLEID, DATANAME, COLNUMBER, DATATYPE, DATASIZE, DATASCALE, UNIQUEVALUE, NULLABLE, INDEXES, DESCRIPTION, DATAID, RELEASEID, UNIQUEKEY, INCLUDESQL, COLTYPE ) values ( 'DC_E_CUDB:((3)):DC_E_CUDB_SYNCRO:RAW', 'NSYNCROBOIEXH', 107, 'numeric', 18, 8, 255, 1, '', 'Number of mobile subscribers registered in CUDB due to HLR 					application with the BOIEXH SS active for BSG All Data 					Circuit Synchronous', 'NSYNCROBOIEXH.actual', 'DC_E_CUDB:((FINAL))', 0, 1, 'COUNTER' );
insert into Measurementcolumn ( MTABLEID, DATANAME, COLNUMBER, DATATYPE, DATASIZE, DATASCALE, UNIQUEVALUE, NULLABLE, INDEXES, DESCRIPTION, DATAID, RELEASEID, UNIQUEKEY, INCLUDESQL, COLTYPE ) values ( 'DC_E_CUDB:((3)):DC_E_CUDB_SYNCRO:RAW', 'NSYNCROCAW', 110, 'numeric', 18, 8, 255, 1, '', 'Number of mobile subscribers registered in CUDB due to HLR application with the CAW SS active for BSG All Data  Circuit Synchronous', 'NSYNCROCAW.actual', 'DC_E_CUDB:((FINAL))', 0, 1, 'COUNTER' );
insert into Measurementcolumn ( MTABLEID, DATANAME, COLNUMBER, DATATYPE, DATASIZE, DATASCALE, UNIQUEVALUE, NULLABLE, INDEXES, DESCRIPTION, DATAID, RELEASEID, UNIQUEKEY, INCLUDESQL, COLTYPE ) values ( 'DC_E_CUDB:((3)):DC_E_CUDB_SYNCRO:RAW', 'NSYNCROCFB', 102, 'numeric', 18, 8, 255, 1, '', 'Number of mobile subscribers registered in CUDB due to HLR 					application with the CFB SS active for BSG All Data 						Circuit Synchronous', 'NSYNCROCFB.actual', 'DC_E_CUDB:((FINAL))', 0, 1, 'COUNTER' );
insert into Measurementcolumn ( MTABLEID, DATANAME, COLNUMBER, DATATYPE, DATASIZE, DATASCALE, UNIQUEVALUE, NULLABLE, INDEXES, DESCRIPTION, DATAID, RELEASEID, UNIQUEKEY, INCLUDESQL, COLTYPE ) values ( 'DC_E_CUDB:((3)):DC_E_CUDB_SYNCRO:RAW', 'NSYNCROCFNRC', 104, 'numeric', 18, 8, 255, 1, '', 'Number of mobile subscribers registered in CUDB due to HLR 					application with the CFNRC SS active for BSG All Data 						Circuit Synchronous', 'NSYNCROCFNRC.actual', 'DC_E_CUDB:((FINAL))', 0, 1, 'COUNTER' );
insert into Measurementcolumn ( MTABLEID, DATANAME, COLNUMBER, DATATYPE, DATASIZE, DATASCALE, UNIQUEVALUE, NULLABLE, INDEXES, DESCRIPTION, DATAID, RELEASEID, UNIQUEKEY, INCLUDESQL, COLTYPE ) values ( 'DC_E_CUDB:((3)):DC_E_CUDB_SYNCRO:RAW', 'NSYNCROCFNRY', 103, 'numeric', 18, 8, 255, 1, '', 'Number of mobile subscribers registered in CUDB due to HLR 					application with the CFNRY SS active for BSG All Data 						Circuit Synchronous', 'NSYNCROCFNRY.actual', 'DC_E_CUDB:((FINAL))', 0, 1, 'COUNTER' );
insert into Measurementcolumn ( MTABLEID, DATANAME, COLNUMBER, DATATYPE, DATASIZE, DATASCALE, UNIQUEVALUE, NULLABLE, INDEXES, DESCRIPTION, DATAID, RELEASEID, UNIQUEKEY, INCLUDESQL, COLTYPE ) values ( 'DC_E_CUDB:((3)):DC_E_CUDB_SYNCRO:RAW', 'NSYNCROCFU', 101, 'numeric', 18, 8, 255, 1, '', 'Number of mobile subscribers registered in CUDB due to HLR 					application with the CFU SS active for BSG All Data 						Circuit Synchronous', 'NSYNCROCFU.actual', 'DC_E_CUDB:((FINAL))', 0, 1, 'COUNTER' );
insert into Measurementcolumn ( MTABLEID, DATANAME, COLNUMBER, DATATYPE, DATASIZE, DATASCALE, UNIQUEVALUE, NULLABLE, INDEXES, DESCRIPTION, DATAID, RELEASEID, UNIQUEKEY, INCLUDESQL, COLTYPE ) values ( 'DC_E_CUDB:((3)):DC_E_CUDB_SYNCRO:RAW', 'NSYNCRODCF', 111, 'numeric', 18, 8, 255, 1, '', 'Number of mobile subscribers registered in CUDB due to HLR application with the DCF SS active for BSG All Data  Circuit Synchronous', 'NSYNCRODCF.actual', 'DC_E_CUDB:((FINAL))', 0, 1, 'COUNTER' );
insert into Measurementcolumn ( MTABLEID, DATANAME, COLNUMBER, DATATYPE, DATASIZE, DATASCALE, UNIQUEVALUE, NULLABLE, INDEXES, DESCRIPTION, DATAID, RELEASEID, UNIQUEKEY, INCLUDESQL, COLTYPE ) values ( 'DC_E_CUDB:((3)):DC_E_CUDB_SYNCRO:RAW', 'OSS_ID', 1, 'varchar', 50, 0, 255, 0, 'HG', 'OSS Id', 'OSS_ID', 'DC_E_CUDB:((FINAL))', 1, 1, 'KEY' );
insert into Measurementcolumn ( MTABLEID, DATANAME, COLNUMBER, DATATYPE, DATASIZE, DATASCALE, UNIQUEVALUE, NULLABLE, INDEXES, DESCRIPTION, DATAID, RELEASEID, UNIQUEKEY, INCLUDESQL, COLTYPE ) values ( 'DC_E_CUDB:((3)):DC_E_CUDB_SYNCRO:RAW', 'PERIOD_DURATION', 61, 'unsigned int', 0, 0, 10, 1, '', '', 'PERIOD_DURATION', 'BASE_TP_090421', 0, 1, null );
insert into Measurementcolumn ( MTABLEID, DATANAME, COLNUMBER, DATATYPE, DATASIZE, DATASCALE, UNIQUEVALUE, NULLABLE, INDEXES, DESCRIPTION, DATAID, RELEASEID, UNIQUEKEY, INCLUDESQL, COLTYPE ) values ( 'DC_E_CUDB:((3)):DC_E_CUDB_SYNCRO:RAW', 'ROWSTATUS', 62, 'varchar', 16, 0, 10, 1, '', '', 'ROWSTATUS', 'BASE_TP_090421', 0, 1, null );
insert into Measurementcolumn ( MTABLEID, DATANAME, COLNUMBER, DATATYPE, DATASIZE, DATASCALE, UNIQUEVALUE, NULLABLE, INDEXES, DESCRIPTION, DATAID, RELEASEID, UNIQUEKEY, INCLUDESQL, COLTYPE ) values ( 'DC_E_CUDB:((3)):DC_E_CUDB_SYNCRO:RAW', 'SESSION_ID', 59, 'unsigned int', 0, 0, 255, 1, '', '', 'SESSION_ID', 'BASE_TP_090421', 0, 0, null );
insert into Measurementcolumn ( MTABLEID, DATANAME, COLNUMBER, DATATYPE, DATASIZE, DATASCALE, UNIQUEVALUE, NULLABLE, INDEXES, DESCRIPTION, DATAID, RELEASEID, UNIQUEKEY, INCLUDESQL, COLTYPE ) values ( 'DC_E_CUDB:((3)):DC_E_CUDB_SYNCRO:RAW', 'TIMELEVEL', 58, 'varchar', 10, 0, 10, 1, 'LF', '', 'TIMELEVEL', 'BASE_TP_090421', 0, 0, null );
insert into Measurementcolumn ( MTABLEID, DATANAME, COLNUMBER, DATATYPE, DATASIZE, DATASCALE, UNIQUEVALUE, NULLABLE, INDEXES, DESCRIPTION, DATAID, RELEASEID, UNIQUEKEY, INCLUDESQL, COLTYPE ) values ( 'DC_E_CUDB:((3)):DC_E_CUDB_SYNCRO:RAW', 'UTC_DATETIME_ID', 67, 'datetime', 0, 0, 255, 1, 'HG', '', 'UTC_DATETIME_ID', 'BASE_TP_090421', 1, 1, null );
insert into Measurementcolumn ( MTABLEID, DATANAME, COLNUMBER, DATATYPE, DATASIZE, DATASCALE, UNIQUEVALUE, NULLABLE, INDEXES, DESCRIPTION, DATAID, RELEASEID, UNIQUEKEY, INCLUDESQL, COLTYPE ) values ( 'DC_E_CUDB:((3)):DC_E_CUDB_SYNCRO:RAW', 'YEAR_ID', 52, 'smallint', 0, 0, 20, 1, 'LF', '', 'YEAR_ID', 'BASE_TP_090421', 0, 0, null );
insert into Measurementtypeclass ( TYPECLASSID, VERSIONID, DESCRIPTION ) values ( 'DC_E_CUDB:((3)):DC_E_CUDB_AUC', 'DC_E_CUDB:((3))', 'AUC' );
insert into Measurementtype ( TYPEID, TYPECLASSID, TYPENAME, VENDORID, FOLDERNAME, DESCRIPTION, STATUS, VERSIONID, OBJECTID, OBJECTNAME, OBJECTVERSION, OBJECTTYPE, JOINABLE, SIZING, TOTALAGG, ELEMENTBHSUPPORT, RANKINGTABLE, DELTACALCSUPPORT, PLAINTABLE, UNIVERSEEXTENSION, VECTORSUPPORT, DATAFORMATSUPPORT ) values ( 'DC_E_CUDB:((3)):DC_E_CUDB_AUCSUBS', 'DC_E_CUDB:((3)):DC_E_CUDB_AUC', 'DC_E_CUDB_AUCSUBS', 'DC_E_CUDB', 'DC_E_CUDB_AUCSUBS', 'All counters related to AUC subscribers', null, 'DC_E_CUDB:((3))', 'DC_E_CUDB:((3)):DC_E_CUDB_AUCSUBS', 'DC_E_CUDB_AUCSUBS', null, null, '', 'small', 1, 0, 0, 0, 0, 'ALL', 0, 1 );
insert into Measurementkey ( TYPEID, DATANAME, DESCRIPTION, ISELEMENT, UNIQUEKEY, COLNUMBER, DATATYPE, DATASIZE, DATASCALE, UNIQUEVALUE, NULLABLE, INDEXES, INCLUDESQL, UNIVOBJECT, JOINABLE, DATAID ) values ( 'DC_E_CUDB:((3)):DC_E_CUDB_AUCSUBS', 'NE_ID', 'Network Element Id', 1, 1, 2, 'varchar', 35, 0, 255, 0, 'HG', 1, 'NE_ID', null, 'NEID' );
insert into Measurementkey ( TYPEID, DATANAME, DESCRIPTION, ISELEMENT, UNIQUEKEY, COLNUMBER, DATATYPE, DATASIZE, DATASCALE, UNIQUEVALUE, NULLABLE, INDEXES, INCLUDESQL, UNIVOBJECT, JOINABLE, DATAID ) values ( 'DC_E_CUDB:((3)):DC_E_CUDB_AUCSUBS', 'OSS_ID', 'OSS Id', 0, 1, 1, 'varchar', 50, 0, 255, 0, 'HG', 1, 'OSS_ID', null, 'OSS_ID' );
insert into Measurementcounter ( TYPEID, DATANAME, DESCRIPTION, TIMEAGGREGATION, GROUPAGGREGATION, COUNTAGGREGATION, COLNUMBER, DATATYPE, DATASIZE, DATASCALE, INCLUDESQL, UNIVOBJECT, UNIVCLASS, COUNTERTYPE, COUNTERPROCESS, DATAID ) values ( 'DC_E_CUDB:((3)):DC_E_CUDB_AUCSUBS', 'NGSUBSCNT', 'Number of GSM subscribers registered in CUDB due to the AUC application', 'AVG', 'AVG', 'GAUGE', 102, 'numeric', 18, 8, 1, 'NGSUBSCNT', null, 'GAUGE', 'GAUGE', 'NGSUBSCNT.actual' );
insert into Measurementcounter ( TYPEID, DATANAME, DESCRIPTION, TIMEAGGREGATION, GROUPAGGREGATION, COUNTAGGREGATION, COLNUMBER, DATATYPE, DATASIZE, DATASCALE, INCLUDESQL, UNIVOBJECT, UNIVCLASS, COUNTERTYPE, COUNTERPROCESS, DATAID ) values ( 'DC_E_CUDB:((3)):DC_E_CUDB_AUCSUBS', 'NSUBSCNT', 'Number of subscribers registered in CUDB due to the AUC application', 'AVG', 'AVG', 'GAUGE', 101, 'numeric', 18, 8, 1, 'NSUBSCNT', null, 'GAUGE', 'GAUGE', 'NSUBSCNT.actual' );
insert into Measurementcounter ( TYPEID, DATANAME, DESCRIPTION, TIMEAGGREGATION, GROUPAGGREGATION, COUNTAGGREGATION, COLNUMBER, DATATYPE, DATASIZE, DATASCALE, INCLUDESQL, UNIVOBJECT, UNIVCLASS, COUNTERTYPE, COUNTERPROCESS, DATAID ) values ( 'DC_E_CUDB:((3)):DC_E_CUDB_AUCSUBS', 'NUSUBSCNT', 'Number of UMTS subscribers registered in CUDB due to the AUC application', 'AVG', 'AVG', 'GAUGE', 103, 'numeric', 18, 8, 1, 'NUSUBSCNT', null, 'GAUGE', 'GAUGE', 'NUSUBSCNT.actual' );
insert into Measurementtable ( MTABLEID, TABLELEVEL, TYPEID, BASETABLENAME, DEFAULT_TEMPLATE, PARTITIONPLAN ) values ( 'DC_E_CUDB:((3)):DC_E_CUDB_AUCSUBS:RAW', 'RAW', 'DC_E_CUDB:((3)):DC_E_CUDB_AUCSUBS', 'DC_E_CUDB_AUCSUBS_RAW', null, 'small_raw' );
insert into Measurementcolumn ( MTABLEID, DATANAME, COLNUMBER, DATATYPE, DATASIZE, DATASCALE, UNIQUEVALUE, NULLABLE, INDEXES, DESCRIPTION, DATAID, RELEASEID, UNIQUEKEY, INCLUDESQL, COLTYPE ) values ( 'DC_E_CUDB:((3)):DC_E_CUDB_AUCSUBS:RAW', 'BATCH_ID', 60, 'smallint', 0, 0, 255, 1, '', '', 'BATCH_ID', 'BASE_TP_090421', 0, 0, null );
insert into Measurementcolumn ( MTABLEID, DATANAME, COLNUMBER, DATATYPE, DATASIZE, DATASCALE, UNIQUEVALUE, NULLABLE, INDEXES, DESCRIPTION, DATAID, RELEASEID, UNIQUEKEY, INCLUDESQL, COLTYPE ) values ( 'DC_E_CUDB:((3)):DC_E_CUDB_AUCSUBS:RAW', 'DATE_ID', 51, 'date', 0, 0, 255, 1, 'LF', '', 'DATE_ID', 'BASE_TP_090421', 0, 0, null );
insert into Measurementcolumn ( MTABLEID, DATANAME, COLNUMBER, DATATYPE, DATASIZE, DATASCALE, UNIQUEVALUE, NULLABLE, INDEXES, DESCRIPTION, DATAID, RELEASEID, UNIQUEKEY, INCLUDESQL, COLTYPE ) values ( 'DC_E_CUDB:((3)):DC_E_CUDB_AUCSUBS:RAW', 'DATETIME_ID', 56, 'datetime', 0, 0, 255, 1, 'HG', '', 'DATETIME_ID', 'BASE_TP_090421', 1, 1, null );
insert into Measurementcolumn ( MTABLEID, DATANAME, COLNUMBER, DATATYPE, DATASIZE, DATASCALE, UNIQUEVALUE, NULLABLE, INDEXES, DESCRIPTION, DATAID, RELEASEID, UNIQUEKEY, INCLUDESQL, COLTYPE ) values ( 'DC_E_CUDB:((3)):DC_E_CUDB_AUCSUBS:RAW', 'DAY_ID', 54, 'tinyint', 0, 0, 31, 1, 'LF', '', 'DAY_ID', 'BASE_TP_090421', 0, 0, null );
insert into Measurementcolumn ( MTABLEID, DATANAME, COLNUMBER, DATATYPE, DATASIZE, DATASCALE, UNIQUEVALUE, NULLABLE, INDEXES, DESCRIPTION, DATAID, RELEASEID, UNIQUEKEY, INCLUDESQL, COLTYPE ) values ( 'DC_E_CUDB:((3)):DC_E_CUDB_AUCSUBS:RAW', 'DC_RELEASE', 63, 'varchar', 16, 0, 2, 1, 'LF', '', 'DC_RELEASE', 'BASE_TP_090421', 0, 1, null );
insert into Measurementcolumn ( MTABLEID, DATANAME, COLNUMBER, DATATYPE, DATASIZE, DATASCALE, UNIQUEVALUE, NULLABLE, INDEXES, DESCRIPTION, DATAID, RELEASEID, UNIQUEKEY, INCLUDESQL, COLTYPE ) values ( 'DC_E_CUDB:((3)):DC_E_CUDB_AUCSUBS:RAW', 'DC_SOURCE', 64, 'varchar', 16, 0, 2, 1, 'LF', '', 'DC_SOURCE', 'BASE_TP_090421', 0, 1, null );
insert into Measurementcolumn ( MTABLEID, DATANAME, COLNUMBER, DATATYPE, DATASIZE, DATASCALE, UNIQUEVALUE, NULLABLE, INDEXES, DESCRIPTION, DATAID, RELEASEID, UNIQUEKEY, INCLUDESQL, COLTYPE ) values ( 'DC_E_CUDB:((3)):DC_E_CUDB_AUCSUBS:RAW', 'DC_SUSPECTFLAG', 66, 'int', 0, 0, 2, 1, 'LF', '', 'DC_SUSPECTFLAG', 'BASE_TP_090421', 0, 1, null );
insert into Measurementcolumn ( MTABLEID, DATANAME, COLNUMBER, DATATYPE, DATASIZE, DATASCALE, UNIQUEVALUE, NULLABLE, INDEXES, DESCRIPTION, DATAID, RELEASEID, UNIQUEKEY, INCLUDESQL, COLTYPE ) values ( 'DC_E_CUDB:((3)):DC_E_CUDB_AUCSUBS:RAW', 'DC_TIMEZONE', 65, 'varchar', 16, 0, 2, 1, 'LF', '', 'DC_TIMEZONE', 'BASE_TP_090421', 0, 1, null );
insert into Measurementcolumn ( MTABLEID, DATANAME, COLNUMBER, DATATYPE, DATASIZE, DATASCALE, UNIQUEVALUE, NULLABLE, INDEXES, DESCRIPTION, DATAID, RELEASEID, UNIQUEKEY, INCLUDESQL, COLTYPE ) values ( 'DC_E_CUDB:((3)):DC_E_CUDB_AUCSUBS:RAW', 'HOUR_ID', 55, 'tinyint', 0, 0, 24, 1, 'LF', '', 'HOUR_ID', 'BASE_TP_090421', 0, 0, null );
insert into Measurementcolumn ( MTABLEID, DATANAME, COLNUMBER, DATATYPE, DATASIZE, DATASCALE, UNIQUEVALUE, NULLABLE, INDEXES, DESCRIPTION, DATAID, RELEASEID, UNIQUEKEY, INCLUDESQL, COLTYPE ) values ( 'DC_E_CUDB:((3)):DC_E_CUDB_AUCSUBS:RAW', 'MIN_ID', 57, 'tinyint', 0, 0, 60, 1, 'LF', '', 'MIN_ID', 'BASE_TP_090421', 0, 0, null );
insert into Measurementcolumn ( MTABLEID, DATANAME, COLNUMBER, DATATYPE, DATASIZE, DATASCALE, UNIQUEVALUE, NULLABLE, INDEXES, DESCRIPTION, DATAID, RELEASEID, UNIQUEKEY, INCLUDESQL, COLTYPE ) values ( 'DC_E_CUDB:((3)):DC_E_CUDB_AUCSUBS:RAW', 'MONTH_ID', 53, 'tinyint', 0, 0, 12, 1, 'LF', '', 'MONTH_ID', 'BASE_TP_090421', 0, 0, null );
insert into Measurementcolumn ( MTABLEID, DATANAME, COLNUMBER, DATATYPE, DATASIZE, DATASCALE, UNIQUEVALUE, NULLABLE, INDEXES, DESCRIPTION, DATAID, RELEASEID, UNIQUEKEY, INCLUDESQL, COLTYPE ) values ( 'DC_E_CUDB:((3)):DC_E_CUDB_AUCSUBS:RAW', 'NE_ID', 2, 'varchar', 35, 0, 255, 0, 'HG', 'Network Element Id', 'NEID', 'DC_E_CUDB:((FINAL))', 1, 1, 'KEY' );
insert into Measurementcolumn ( MTABLEID, DATANAME, COLNUMBER, DATATYPE, DATASIZE, DATASCALE, UNIQUEVALUE, NULLABLE, INDEXES, DESCRIPTION, DATAID, RELEASEID, UNIQUEKEY, INCLUDESQL, COLTYPE ) values ( 'DC_E_CUDB:((3)):DC_E_CUDB_AUCSUBS:RAW', 'NGSUBSCNT', 102, 'numeric', 18, 8, 255, 1, '', 'Number of GSM subscribers registered in CUDB due to the AUC application', 'NGSUBSCNT.actual', 'DC_E_CUDB:((FINAL))', 0, 1, 'COUNTER' );
insert into Measurementcolumn ( MTABLEID, DATANAME, COLNUMBER, DATATYPE, DATASIZE, DATASCALE, UNIQUEVALUE, NULLABLE, INDEXES, DESCRIPTION, DATAID, RELEASEID, UNIQUEKEY, INCLUDESQL, COLTYPE ) values ( 'DC_E_CUDB:((3)):DC_E_CUDB_AUCSUBS:RAW', 'NSUBSCNT', 101, 'numeric', 18, 8, 255, 1, '', 'Number of subscribers registered in CUDB due to the AUC application', 'NSUBSCNT.actual', 'DC_E_CUDB:((FINAL))', 0, 1, 'COUNTER' );
insert into Measurementcolumn ( MTABLEID, DATANAME, COLNUMBER, DATATYPE, DATASIZE, DATASCALE, UNIQUEVALUE, NULLABLE, INDEXES, DESCRIPTION, DATAID, RELEASEID, UNIQUEKEY, INCLUDESQL, COLTYPE ) values ( 'DC_E_CUDB:((3)):DC_E_CUDB_AUCSUBS:RAW', 'NUSUBSCNT', 103, 'numeric', 18, 8, 255, 1, '', 'Number of UMTS subscribers registered in CUDB due to the AUC application', 'NUSUBSCNT.actual', 'DC_E_CUDB:((FINAL))', 0, 1, 'COUNTER' );
insert into Measurementcolumn ( MTABLEID, DATANAME, COLNUMBER, DATATYPE, DATASIZE, DATASCALE, UNIQUEVALUE, NULLABLE, INDEXES, DESCRIPTION, DATAID, RELEASEID, UNIQUEKEY, INCLUDESQL, COLTYPE ) values ( 'DC_E_CUDB:((3)):DC_E_CUDB_AUCSUBS:RAW', 'OSS_ID', 1, 'varchar', 50, 0, 255, 0, 'HG', 'OSS Id', 'OSS_ID', 'DC_E_CUDB:((FINAL))', 1, 1, 'KEY' );
insert into Measurementcolumn ( MTABLEID, DATANAME, COLNUMBER, DATATYPE, DATASIZE, DATASCALE, UNIQUEVALUE, NULLABLE, INDEXES, DESCRIPTION, DATAID, RELEASEID, UNIQUEKEY, INCLUDESQL, COLTYPE ) values ( 'DC_E_CUDB:((3)):DC_E_CUDB_AUCSUBS:RAW', 'PERIOD_DURATION', 61, 'unsigned int', 0, 0, 10, 1, '', '', 'PERIOD_DURATION', 'BASE_TP_090421', 0, 1, null );
insert into Measurementcolumn ( MTABLEID, DATANAME, COLNUMBER, DATATYPE, DATASIZE, DATASCALE, UNIQUEVALUE, NULLABLE, INDEXES, DESCRIPTION, DATAID, RELEASEID, UNIQUEKEY, INCLUDESQL, COLTYPE ) values ( 'DC_E_CUDB:((3)):DC_E_CUDB_AUCSUBS:RAW', 'ROWSTATUS', 62, 'varchar', 16, 0, 10, 1, '', '', 'ROWSTATUS', 'BASE_TP_090421', 0, 1, null );
insert into Measurementcolumn ( MTABLEID, DATANAME, COLNUMBER, DATATYPE, DATASIZE, DATASCALE, UNIQUEVALUE, NULLABLE, INDEXES, DESCRIPTION, DATAID, RELEASEID, UNIQUEKEY, INCLUDESQL, COLTYPE ) values ( 'DC_E_CUDB:((3)):DC_E_CUDB_AUCSUBS:RAW', 'SESSION_ID', 59, 'unsigned int', 0, 0, 255, 1, '', '', 'SESSION_ID', 'BASE_TP_090421', 0, 0, null );
insert into Measurementcolumn ( MTABLEID, DATANAME, COLNUMBER, DATATYPE, DATASIZE, DATASCALE, UNIQUEVALUE, NULLABLE, INDEXES, DESCRIPTION, DATAID, RELEASEID, UNIQUEKEY, INCLUDESQL, COLTYPE ) values ( 'DC_E_CUDB:((3)):DC_E_CUDB_AUCSUBS:RAW', 'TIMELEVEL', 58, 'varchar', 10, 0, 10, 1, 'LF', '', 'TIMELEVEL', 'BASE_TP_090421', 0, 0, null );
insert into Measurementcolumn ( MTABLEID, DATANAME, COLNUMBER, DATATYPE, DATASIZE, DATASCALE, UNIQUEVALUE, NULLABLE, INDEXES, DESCRIPTION, DATAID, RELEASEID, UNIQUEKEY, INCLUDESQL, COLTYPE ) values ( 'DC_E_CUDB:((3)):DC_E_CUDB_AUCSUBS:RAW', 'UTC_DATETIME_ID', 67, 'datetime', 0, 0, 255, 1, 'HG', '', 'UTC_DATETIME_ID', 'BASE_TP_090421', 1, 1, null );
insert into Measurementcolumn ( MTABLEID, DATANAME, COLNUMBER, DATATYPE, DATASIZE, DATASCALE, UNIQUEVALUE, NULLABLE, INDEXES, DESCRIPTION, DATAID, RELEASEID, UNIQUEKEY, INCLUDESQL, COLTYPE ) values ( 'DC_E_CUDB:((3)):DC_E_CUDB_AUCSUBS:RAW', 'YEAR_ID', 52, 'smallint', 0, 0, 20, 1, 'LF', '', 'YEAR_ID', 'BASE_TP_090421', 0, 0, null );
insert into Measurementtable ( MTABLEID, TABLELEVEL, TYPEID, BASETABLENAME, DEFAULT_TEMPLATE, PARTITIONPLAN ) values ( 'DC_E_CUDB:((3)):DC_E_CUDB_AUCSUBS:DAY', 'DAY', 'DC_E_CUDB:((3)):DC_E_CUDB_AUCSUBS', 'DC_E_CUDB_AUCSUBS_DAY', null, 'small_day' );
insert into Measurementcolumn ( MTABLEID, DATANAME, COLNUMBER, DATATYPE, DATASIZE, DATASCALE, UNIQUEVALUE, NULLABLE, INDEXES, DESCRIPTION, DATAID, RELEASEID, UNIQUEKEY, INCLUDESQL, COLTYPE ) values ( 'DC_E_CUDB:((3)):DC_E_CUDB_AUCSUBS:DAY', 'AGG_COUNT', 57, 'smallint', 0, 0, 255, 1, '', '', 'AGG_COUNT', 'BASE_TP_090421', 0, 0, null );
insert into Measurementcolumn ( MTABLEID, DATANAME, COLNUMBER, DATATYPE, DATASIZE, DATASCALE, UNIQUEVALUE, NULLABLE, INDEXES, DESCRIPTION, DATAID, RELEASEID, UNIQUEKEY, INCLUDESQL, COLTYPE ) values ( 'DC_E_CUDB:((3)):DC_E_CUDB_AUCSUBS:DAY', 'BATCH_ID', 60, 'smallint', 0, 0, 255, 1, '', '', 'BATCH_ID', 'BASE_TP_090421', 0, 0, null );
insert into Measurementcolumn ( MTABLEID, DATANAME, COLNUMBER, DATATYPE, DATASIZE, DATASCALE, UNIQUEVALUE, NULLABLE, INDEXES, DESCRIPTION, DATAID, RELEASEID, UNIQUEKEY, INCLUDESQL, COLTYPE ) values ( 'DC_E_CUDB:((3)):DC_E_CUDB_AUCSUBS:DAY', 'DATACOVERAGE', 56, 'unsigned int', 0, 0, 255, 1, '', '', 'DATACOVERAGE', 'BASE_TP_090421', 0, 1, null );
insert into Measurementcolumn ( MTABLEID, DATANAME, COLNUMBER, DATATYPE, DATASIZE, DATASCALE, UNIQUEVALUE, NULLABLE, INDEXES, DESCRIPTION, DATAID, RELEASEID, UNIQUEKEY, INCLUDESQL, COLTYPE ) values ( 'DC_E_CUDB:((3)):DC_E_CUDB_AUCSUBS:DAY', 'DATE_ID', 51, 'date', 0, 0, 255, 1, 'LF', '', 'DATE_ID', 'BASE_TP_090421', 1, 1, null );
insert into Measurementcolumn ( MTABLEID, DATANAME, COLNUMBER, DATATYPE, DATASIZE, DATASCALE, UNIQUEVALUE, NULLABLE, INDEXES, DESCRIPTION, DATAID, RELEASEID, UNIQUEKEY, INCLUDESQL, COLTYPE ) values ( 'DC_E_CUDB:((3)):DC_E_CUDB_AUCSUBS:DAY', 'DAY_ID', 54, 'tinyint', 0, 0, 31, 1, 'LF', '', 'DAY_ID', 'BASE_TP_090421', 0, 0, null );
insert into Measurementcolumn ( MTABLEID, DATANAME, COLNUMBER, DATATYPE, DATASIZE, DATASCALE, UNIQUEVALUE, NULLABLE, INDEXES, DESCRIPTION, DATAID, RELEASEID, UNIQUEKEY, INCLUDESQL, COLTYPE ) values ( 'DC_E_CUDB:((3)):DC_E_CUDB_AUCSUBS:DAY', 'DC_RELEASE', 63, 'varchar', 16, 0, 2, 1, 'LF', '', 'DC_RELEASE', 'BASE_TP_090421', 1, 1, null );
insert into Measurementcolumn ( MTABLEID, DATANAME, COLNUMBER, DATATYPE, DATASIZE, DATASCALE, UNIQUEVALUE, NULLABLE, INDEXES, DESCRIPTION, DATAID, RELEASEID, UNIQUEKEY, INCLUDESQL, COLTYPE ) values ( 'DC_E_CUDB:((3)):DC_E_CUDB_AUCSUBS:DAY', 'DC_SOURCE', 64, 'varchar', 16, 0, 2, 1, 'LF', '', 'DC_SOURCE', 'BASE_TP_090421', 0, 1, null );
insert into Measurementcolumn ( MTABLEID, DATANAME, COLNUMBER, DATATYPE, DATASIZE, DATASCALE, UNIQUEVALUE, NULLABLE, INDEXES, DESCRIPTION, DATAID, RELEASEID, UNIQUEKEY, INCLUDESQL, COLTYPE ) values ( 'DC_E_CUDB:((3)):DC_E_CUDB_AUCSUBS:DAY', 'DC_SUSPECTFLAG', 66, 'int', 0, 0, 2, 1, 'LF', '', 'DC_SUSPECTFLAG', 'BASE_TP_090421', 0, 1, null );
insert into Measurementcolumn ( MTABLEID, DATANAME, COLNUMBER, DATATYPE, DATASIZE, DATASCALE, UNIQUEVALUE, NULLABLE, INDEXES, DESCRIPTION, DATAID, RELEASEID, UNIQUEKEY, INCLUDESQL, COLTYPE ) values ( 'DC_E_CUDB:((3)):DC_E_CUDB_AUCSUBS:DAY', 'DC_TIMEZONE', 65, 'varchar', 16, 0, 2, 1, 'LF', '', 'DC_TIMEZONE', 'BASE_TP_090421', 0, 1, null );
insert into Measurementcolumn ( MTABLEID, DATANAME, COLNUMBER, DATATYPE, DATASIZE, DATASCALE, UNIQUEVALUE, NULLABLE, INDEXES, DESCRIPTION, DATAID, RELEASEID, UNIQUEKEY, INCLUDESQL, COLTYPE ) values ( 'DC_E_CUDB:((3)):DC_E_CUDB_AUCSUBS:DAY', 'MONTH_ID', 53, 'tinyint', 0, 0, 12, 1, 'LF', '', 'MONTH_ID', 'BASE_TP_090421', 0, 0, null );
insert into Measurementcolumn ( MTABLEID, DATANAME, COLNUMBER, DATATYPE, DATASIZE, DATASCALE, UNIQUEVALUE, NULLABLE, INDEXES, DESCRIPTION, DATAID, RELEASEID, UNIQUEKEY, INCLUDESQL, COLTYPE ) values ( 'DC_E_CUDB:((3)):DC_E_CUDB_AUCSUBS:DAY', 'NE_ID', 2, 'varchar', 35, 0, 255, 0, 'HG', 'Network Element Id', 'NEID', 'DC_E_CUDB:((FINAL))', 1, 1, 'KEY' );
insert into Measurementcolumn ( MTABLEID, DATANAME, COLNUMBER, DATATYPE, DATASIZE, DATASCALE, UNIQUEVALUE, NULLABLE, INDEXES, DESCRIPTION, DATAID, RELEASEID, UNIQUEKEY, INCLUDESQL, COLTYPE ) values ( 'DC_E_CUDB:((3)):DC_E_CUDB_AUCSUBS:DAY', 'NGSUBSCNT', 102, 'numeric', 18, 8, 255, 1, '', 'Number of GSM subscribers registered in CUDB due to the AUC application', 'NGSUBSCNT.actual', 'DC_E_CUDB:((FINAL))', 0, 1, 'COUNTER' );
insert into Measurementcolumn ( MTABLEID, DATANAME, COLNUMBER, DATATYPE, DATASIZE, DATASCALE, UNIQUEVALUE, NULLABLE, INDEXES, DESCRIPTION, DATAID, RELEASEID, UNIQUEKEY, INCLUDESQL, COLTYPE ) values ( 'DC_E_CUDB:((3)):DC_E_CUDB_AUCSUBS:DAY', 'NSUBSCNT', 101, 'numeric', 18, 8, 255, 1, '', 'Number of subscribers registered in CUDB due to the AUC application', 'NSUBSCNT.actual', 'DC_E_CUDB:((FINAL))', 0, 1, 'COUNTER' );
insert into Measurementcolumn ( MTABLEID, DATANAME, COLNUMBER, DATATYPE, DATASIZE, DATASCALE, UNIQUEVALUE, NULLABLE, INDEXES, DESCRIPTION, DATAID, RELEASEID, UNIQUEKEY, INCLUDESQL, COLTYPE ) values ( 'DC_E_CUDB:((3)):DC_E_CUDB_AUCSUBS:DAY', 'NUSUBSCNT', 103, 'numeric', 18, 8, 255, 1, '', 'Number of UMTS subscribers registered in CUDB due to the AUC application', 'NUSUBSCNT.actual', 'DC_E_CUDB:((FINAL))', 0, 1, 'COUNTER' );
insert into Measurementcolumn ( MTABLEID, DATANAME, COLNUMBER, DATATYPE, DATASIZE, DATASCALE, UNIQUEVALUE, NULLABLE, INDEXES, DESCRIPTION, DATAID, RELEASEID, UNIQUEKEY, INCLUDESQL, COLTYPE ) values ( 'DC_E_CUDB:((3)):DC_E_CUDB_AUCSUBS:DAY', 'OSS_ID', 1, 'varchar', 50, 0, 255, 0, 'HG', 'OSS Id', 'OSS_ID', 'DC_E_CUDB:((FINAL))', 1, 1, 'KEY' );
insert into Measurementcolumn ( MTABLEID, DATANAME, COLNUMBER, DATATYPE, DATASIZE, DATASCALE, UNIQUEVALUE, NULLABLE, INDEXES, DESCRIPTION, DATAID, RELEASEID, UNIQUEKEY, INCLUDESQL, COLTYPE ) values ( 'DC_E_CUDB:((3)):DC_E_CUDB_AUCSUBS:DAY', 'PERIOD_DURATION', 61, 'unsigned int', 0, 0, 10, 1, '', '', 'PERIOD_DURATION', 'BASE_TP_090421', 0, 1, null );
insert into Measurementcolumn ( MTABLEID, DATANAME, COLNUMBER, DATATYPE, DATASIZE, DATASCALE, UNIQUEVALUE, NULLABLE, INDEXES, DESCRIPTION, DATAID, RELEASEID, UNIQUEKEY, INCLUDESQL, COLTYPE ) values ( 'DC_E_CUDB:((3)):DC_E_CUDB_AUCSUBS:DAY', 'ROWSTATUS', 62, 'varchar', 16, 0, 10, 1, '', '', 'ROWSTATUS', 'BASE_TP_090421', 0, 1, null );
insert into Measurementcolumn ( MTABLEID, DATANAME, COLNUMBER, DATATYPE, DATASIZE, DATASCALE, UNIQUEVALUE, NULLABLE, INDEXES, DESCRIPTION, DATAID, RELEASEID, UNIQUEKEY, INCLUDESQL, COLTYPE ) values ( 'DC_E_CUDB:((3)):DC_E_CUDB_AUCSUBS:DAY', 'SESSION_ID', 59, 'unsigned int', 0, 0, 255, 1, '', '', 'SESSION_ID', 'BASE_TP_090421', 0, 0, null );
insert into Measurementcolumn ( MTABLEID, DATANAME, COLNUMBER, DATATYPE, DATASIZE, DATASCALE, UNIQUEVALUE, NULLABLE, INDEXES, DESCRIPTION, DATAID, RELEASEID, UNIQUEKEY, INCLUDESQL, COLTYPE ) values ( 'DC_E_CUDB:((3)):DC_E_CUDB_AUCSUBS:DAY', 'TIMELEVEL', 58, 'varchar', 10, 0, 10, 1, 'LF', '', 'TIMELEVEL', 'BASE_TP_090421', 0, 0, null );
insert into Measurementcolumn ( MTABLEID, DATANAME, COLNUMBER, DATATYPE, DATASIZE, DATASCALE, UNIQUEVALUE, NULLABLE, INDEXES, DESCRIPTION, DATAID, RELEASEID, UNIQUEKEY, INCLUDESQL, COLTYPE ) values ( 'DC_E_CUDB:((3)):DC_E_CUDB_AUCSUBS:DAY', 'WEEK_ID', 55, 'tinyint', 0, 0, 53, 1, 'LF', '', 'WEEK_ID', 'BASE_TP_090421', 0, 0, null );
insert into Measurementcolumn ( MTABLEID, DATANAME, COLNUMBER, DATATYPE, DATASIZE, DATASCALE, UNIQUEVALUE, NULLABLE, INDEXES, DESCRIPTION, DATAID, RELEASEID, UNIQUEKEY, INCLUDESQL, COLTYPE ) values ( 'DC_E_CUDB:((3)):DC_E_CUDB_AUCSUBS:DAY', 'YEAR_ID', 52, 'smallint', 0, 0, 20, 1, 'LF', '', 'YEAR_ID', 'BASE_TP_090421', 0, 0, null );
insert into Measurementtypeclass ( TYPECLASSID, VERSIONID, DESCRIPTION ) values ( 'DC_E_CUDB:((3)):DC_E_CUDB_Cluster', 'DC_E_CUDB:((3))', 'Cluster' );
insert into Measurementtype ( TYPEID, TYPECLASSID, TYPENAME, VENDORID, FOLDERNAME, DESCRIPTION, STATUS, VERSIONID, OBJECTID, OBJECTNAME, OBJECTVERSION, OBJECTTYPE, JOINABLE, SIZING, TOTALAGG, ELEMENTBHSUPPORT, RANKINGTABLE, DELTACALCSUPPORT, PLAINTABLE, UNIVERSEEXTENSION, VECTORSUPPORT, DATAFORMATSUPPORT ) values ( 'DC_E_CUDB:((3)):DC_E_CUDB_CLUSTER', 'DC_E_CUDB:((3)):DC_E_CUDB_Cluster', 'DC_E_CUDB_CLUSTER', 'DC_E_CUDB', 'DC_E_CUDB_CLUSTER', 'All counters related to MySQL clusters', null, 'DC_E_CUDB:((3))', 'DC_E_CUDB:((3)):DC_E_CUDB_CLUSTER', 'DC_E_CUDB_CLUSTER', null, null, '', 'small', 1, 0, 0, 0, 0, 'ALL', 0, 1 );
insert into Measurementkey ( TYPEID, DATANAME, DESCRIPTION, ISELEMENT, UNIQUEKEY, COLNUMBER, DATATYPE, DATASIZE, DATASCALE, UNIQUEVALUE, NULLABLE, INDEXES, INCLUDESQL, UNIVOBJECT, JOINABLE, DATAID ) values ( 'DC_E_CUDB:((3)):DC_E_CUDB_CLUSTER', 'Cluster_id', 'Cluster instance id', 0, 1, 3, 'varchar', 35, 0, 255, 0, 'HG', 1, 'Cluster_id', null, 'clusterId' );
insert into Measurementkey ( TYPEID, DATANAME, DESCRIPTION, ISELEMENT, UNIQUEKEY, COLNUMBER, DATATYPE, DATASIZE, DATASCALE, UNIQUEVALUE, NULLABLE, INDEXES, INCLUDESQL, UNIVOBJECT, JOINABLE, DATAID ) values ( 'DC_E_CUDB:((3)):DC_E_CUDB_CLUSTER', 'NE_ID', 'Network Element Id', 1, 1, 2, 'varchar', 35, 0, 255, 0, 'HG', 1, 'NE_ID', null, 'NEID' );
insert into Measurementkey ( TYPEID, DATANAME, DESCRIPTION, ISELEMENT, UNIQUEKEY, COLNUMBER, DATATYPE, DATASIZE, DATASCALE, UNIQUEVALUE, NULLABLE, INDEXES, INCLUDESQL, UNIVOBJECT, JOINABLE, DATAID ) values ( 'DC_E_CUDB:((3)):DC_E_CUDB_CLUSTER', 'OSS_ID', 'OSS Id', 0, 1, 1, 'varchar', 50, 0, 255, 0, 'HG', 1, 'OSS_ID', null, 'OSS_ID' );
insert into Measurementcounter ( TYPEID, DATANAME, DESCRIPTION, TIMEAGGREGATION, GROUPAGGREGATION, COUNTAGGREGATION, COLNUMBER, DATATYPE, DATASIZE, DATASCALE, INCLUDESQL, UNIVOBJECT, UNIVCLASS, COUNTERTYPE, COUNTERPROCESS, DATAID ) values ( 'DC_E_CUDB:((3)):DC_E_CUDB_CLUSTER', 'MEM', 'Average memory used in servers belonging to cluster From counter MemoryUsage in cluster', 'AVG', 'AVG', 'GAUGE', 101, 'numeric', 18, 8, 1, 'MEM', null, 'GAUGE', 'GAUGE', 'MEM.actual' );
insert into Measurementtable ( MTABLEID, TABLELEVEL, TYPEID, BASETABLENAME, DEFAULT_TEMPLATE, PARTITIONPLAN ) values ( 'DC_E_CUDB:((3)):DC_E_CUDB_CLUSTER:RAW', 'RAW', 'DC_E_CUDB:((3)):DC_E_CUDB_CLUSTER', 'DC_E_CUDB_CLUSTER_RAW', null, 'small_raw' );
insert into Measurementcolumn ( MTABLEID, DATANAME, COLNUMBER, DATATYPE, DATASIZE, DATASCALE, UNIQUEVALUE, NULLABLE, INDEXES, DESCRIPTION, DATAID, RELEASEID, UNIQUEKEY, INCLUDESQL, COLTYPE ) values ( 'DC_E_CUDB:((3)):DC_E_CUDB_CLUSTER:RAW', 'BATCH_ID', 60, 'smallint', 0, 0, 255, 1, '', '', 'BATCH_ID', 'BASE_TP_090421', 0, 0, null );
insert into Measurementcolumn ( MTABLEID, DATANAME, COLNUMBER, DATATYPE, DATASIZE, DATASCALE, UNIQUEVALUE, NULLABLE, INDEXES, DESCRIPTION, DATAID, RELEASEID, UNIQUEKEY, INCLUDESQL, COLTYPE ) values ( 'DC_E_CUDB:((3)):DC_E_CUDB_CLUSTER:RAW', 'Cluster_id', 3, 'varchar', 35, 0, 255, 0, 'HG', 'Cluster instance id', 'clusterId', 'DC_E_CUDB:((FINAL))', 1, 1, 'KEY' );
insert into Measurementcolumn ( MTABLEID, DATANAME, COLNUMBER, DATATYPE, DATASIZE, DATASCALE, UNIQUEVALUE, NULLABLE, INDEXES, DESCRIPTION, DATAID, RELEASEID, UNIQUEKEY, INCLUDESQL, COLTYPE ) values ( 'DC_E_CUDB:((3)):DC_E_CUDB_CLUSTER:RAW', 'DATE_ID', 51, 'date', 0, 0, 255, 1, 'LF', '', 'DATE_ID', 'BASE_TP_090421', 0, 0, null );
insert into Measurementcolumn ( MTABLEID, DATANAME, COLNUMBER, DATATYPE, DATASIZE, DATASCALE, UNIQUEVALUE, NULLABLE, INDEXES, DESCRIPTION, DATAID, RELEASEID, UNIQUEKEY, INCLUDESQL, COLTYPE ) values ( 'DC_E_CUDB:((3)):DC_E_CUDB_CLUSTER:RAW', 'DATETIME_ID', 56, 'datetime', 0, 0, 255, 1, 'HG', '', 'DATETIME_ID', 'BASE_TP_090421', 1, 1, null );
insert into Measurementcolumn ( MTABLEID, DATANAME, COLNUMBER, DATATYPE, DATASIZE, DATASCALE, UNIQUEVALUE, NULLABLE, INDEXES, DESCRIPTION, DATAID, RELEASEID, UNIQUEKEY, INCLUDESQL, COLTYPE ) values ( 'DC_E_CUDB:((3)):DC_E_CUDB_CLUSTER:RAW', 'DAY_ID', 54, 'tinyint', 0, 0, 31, 1, 'LF', '', 'DAY_ID', 'BASE_TP_090421', 0, 0, null );
insert into Measurementcolumn ( MTABLEID, DATANAME, COLNUMBER, DATATYPE, DATASIZE, DATASCALE, UNIQUEVALUE, NULLABLE, INDEXES, DESCRIPTION, DATAID, RELEASEID, UNIQUEKEY, INCLUDESQL, COLTYPE ) values ( 'DC_E_CUDB:((3)):DC_E_CUDB_CLUSTER:RAW', 'DC_RELEASE', 63, 'varchar', 16, 0, 2, 1, 'LF', '', 'DC_RELEASE', 'BASE_TP_090421', 0, 1, null );
insert into Measurementcolumn ( MTABLEID, DATANAME, COLNUMBER, DATATYPE, DATASIZE, DATASCALE, UNIQUEVALUE, NULLABLE, INDEXES, DESCRIPTION, DATAID, RELEASEID, UNIQUEKEY, INCLUDESQL, COLTYPE ) values ( 'DC_E_CUDB:((3)):DC_E_CUDB_CLUSTER:RAW', 'DC_SOURCE', 64, 'varchar', 16, 0, 2, 1, 'LF', '', 'DC_SOURCE', 'BASE_TP_090421', 0, 1, null );
insert into Measurementcolumn ( MTABLEID, DATANAME, COLNUMBER, DATATYPE, DATASIZE, DATASCALE, UNIQUEVALUE, NULLABLE, INDEXES, DESCRIPTION, DATAID, RELEASEID, UNIQUEKEY, INCLUDESQL, COLTYPE ) values ( 'DC_E_CUDB:((3)):DC_E_CUDB_CLUSTER:RAW', 'DC_SUSPECTFLAG', 66, 'int', 0, 0, 2, 1, 'LF', '', 'DC_SUSPECTFLAG', 'BASE_TP_090421', 0, 1, null );
insert into Measurementcolumn ( MTABLEID, DATANAME, COLNUMBER, DATATYPE, DATASIZE, DATASCALE, UNIQUEVALUE, NULLABLE, INDEXES, DESCRIPTION, DATAID, RELEASEID, UNIQUEKEY, INCLUDESQL, COLTYPE ) values ( 'DC_E_CUDB:((3)):DC_E_CUDB_CLUSTER:RAW', 'DC_TIMEZONE', 65, 'varchar', 16, 0, 2, 1, 'LF', '', 'DC_TIMEZONE', 'BASE_TP_090421', 0, 1, null );
insert into Measurementcolumn ( MTABLEID, DATANAME, COLNUMBER, DATATYPE, DATASIZE, DATASCALE, UNIQUEVALUE, NULLABLE, INDEXES, DESCRIPTION, DATAID, RELEASEID, UNIQUEKEY, INCLUDESQL, COLTYPE ) values ( 'DC_E_CUDB:((3)):DC_E_CUDB_CLUSTER:RAW', 'HOUR_ID', 55, 'tinyint', 0, 0, 24, 1, 'LF', '', 'HOUR_ID', 'BASE_TP_090421', 0, 0, null );
insert into Measurementcolumn ( MTABLEID, DATANAME, COLNUMBER, DATATYPE, DATASIZE, DATASCALE, UNIQUEVALUE, NULLABLE, INDEXES, DESCRIPTION, DATAID, RELEASEID, UNIQUEKEY, INCLUDESQL, COLTYPE ) values ( 'DC_E_CUDB:((3)):DC_E_CUDB_CLUSTER:RAW', 'MEM', 101, 'numeric', 18, 8, 255, 1, '', 'Average memory used in servers belonging to cluster From counter MemoryUsage in cluster', 'MEM.actual', 'DC_E_CUDB:((FINAL))', 0, 1, 'COUNTER' );
insert into Measurementcolumn ( MTABLEID, DATANAME, COLNUMBER, DATATYPE, DATASIZE, DATASCALE, UNIQUEVALUE, NULLABLE, INDEXES, DESCRIPTION, DATAID, RELEASEID, UNIQUEKEY, INCLUDESQL, COLTYPE ) values ( 'DC_E_CUDB:((3)):DC_E_CUDB_CLUSTER:RAW', 'MIN_ID', 57, 'tinyint', 0, 0, 60, 1, 'LF', '', 'MIN_ID', 'BASE_TP_090421', 0, 0, null );
insert into Measurementcolumn ( MTABLEID, DATANAME, COLNUMBER, DATATYPE, DATASIZE, DATASCALE, UNIQUEVALUE, NULLABLE, INDEXES, DESCRIPTION, DATAID, RELEASEID, UNIQUEKEY, INCLUDESQL, COLTYPE ) values ( 'DC_E_CUDB:((3)):DC_E_CUDB_CLUSTER:RAW', 'MONTH_ID', 53, 'tinyint', 0, 0, 12, 1, 'LF', '', 'MONTH_ID', 'BASE_TP_090421', 0, 0, null );
insert into Measurementcolumn ( MTABLEID, DATANAME, COLNUMBER, DATATYPE, DATASIZE, DATASCALE, UNIQUEVALUE, NULLABLE, INDEXES, DESCRIPTION, DATAID, RELEASEID, UNIQUEKEY, INCLUDESQL, COLTYPE ) values ( 'DC_E_CUDB:((3)):DC_E_CUDB_CLUSTER:RAW', 'NE_ID', 2, 'varchar', 35, 0, 255, 0, 'HG', 'Network Element Id', 'NEID', 'DC_E_CUDB:((FINAL))', 1, 1, 'KEY' );
insert into Measurementcolumn ( MTABLEID, DATANAME, COLNUMBER, DATATYPE, DATASIZE, DATASCALE, UNIQUEVALUE, NULLABLE, INDEXES, DESCRIPTION, DATAID, RELEASEID, UNIQUEKEY, INCLUDESQL, COLTYPE ) values ( 'DC_E_CUDB:((3)):DC_E_CUDB_CLUSTER:RAW', 'OSS_ID', 1, 'varchar', 50, 0, 255, 0, 'HG', 'OSS Id', 'OSS_ID', 'DC_E_CUDB:((FINAL))', 1, 1, 'KEY' );
insert into Measurementcolumn ( MTABLEID, DATANAME, COLNUMBER, DATATYPE, DATASIZE, DATASCALE, UNIQUEVALUE, NULLABLE, INDEXES, DESCRIPTION, DATAID, RELEASEID, UNIQUEKEY, INCLUDESQL, COLTYPE ) values ( 'DC_E_CUDB:((3)):DC_E_CUDB_CLUSTER:RAW', 'PERIOD_DURATION', 61, 'unsigned int', 0, 0, 10, 1, '', '', 'PERIOD_DURATION', 'BASE_TP_090421', 0, 1, null );
insert into Measurementcolumn ( MTABLEID, DATANAME, COLNUMBER, DATATYPE, DATASIZE, DATASCALE, UNIQUEVALUE, NULLABLE, INDEXES, DESCRIPTION, DATAID, RELEASEID, UNIQUEKEY, INCLUDESQL, COLTYPE ) values ( 'DC_E_CUDB:((3)):DC_E_CUDB_CLUSTER:RAW', 'ROWSTATUS', 62, 'varchar', 16, 0, 10, 1, '', '', 'ROWSTATUS', 'BASE_TP_090421', 0, 1, null );
insert into Measurementcolumn ( MTABLEID, DATANAME, COLNUMBER, DATATYPE, DATASIZE, DATASCALE, UNIQUEVALUE, NULLABLE, INDEXES, DESCRIPTION, DATAID, RELEASEID, UNIQUEKEY, INCLUDESQL, COLTYPE ) values ( 'DC_E_CUDB:((3)):DC_E_CUDB_CLUSTER:RAW', 'SESSION_ID', 59, 'unsigned int', 0, 0, 255, 1, '', '', 'SESSION_ID', 'BASE_TP_090421', 0, 0, null );
insert into Measurementcolumn ( MTABLEID, DATANAME, COLNUMBER, DATATYPE, DATASIZE, DATASCALE, UNIQUEVALUE, NULLABLE, INDEXES, DESCRIPTION, DATAID, RELEASEID, UNIQUEKEY, INCLUDESQL, COLTYPE ) values ( 'DC_E_CUDB:((3)):DC_E_CUDB_CLUSTER:RAW', 'TIMELEVEL', 58, 'varchar', 10, 0, 10, 1, 'LF', '', 'TIMELEVEL', 'BASE_TP_090421', 0, 0, null );
insert into Measurementcolumn ( MTABLEID, DATANAME, COLNUMBER, DATATYPE, DATASIZE, DATASCALE, UNIQUEVALUE, NULLABLE, INDEXES, DESCRIPTION, DATAID, RELEASEID, UNIQUEKEY, INCLUDESQL, COLTYPE ) values ( 'DC_E_CUDB:((3)):DC_E_CUDB_CLUSTER:RAW', 'UTC_DATETIME_ID', 67, 'datetime', 0, 0, 255, 1, 'HG', '', 'UTC_DATETIME_ID', 'BASE_TP_090421', 1, 1, null );
insert into Measurementcolumn ( MTABLEID, DATANAME, COLNUMBER, DATATYPE, DATASIZE, DATASCALE, UNIQUEVALUE, NULLABLE, INDEXES, DESCRIPTION, DATAID, RELEASEID, UNIQUEKEY, INCLUDESQL, COLTYPE ) values ( 'DC_E_CUDB:((3)):DC_E_CUDB_CLUSTER:RAW', 'YEAR_ID', 52, 'smallint', 0, 0, 20, 1, 'LF', '', 'YEAR_ID', 'BASE_TP_090421', 0, 0, null );
insert into Measurementtable ( MTABLEID, TABLELEVEL, TYPEID, BASETABLENAME, DEFAULT_TEMPLATE, PARTITIONPLAN ) values ( 'DC_E_CUDB:((3)):DC_E_CUDB_CLUSTER:DAY', 'DAY', 'DC_E_CUDB:((3)):DC_E_CUDB_CLUSTER', 'DC_E_CUDB_CLUSTER_DAY', null, 'small_day' );
insert into Measurementcolumn ( MTABLEID, DATANAME, COLNUMBER, DATATYPE, DATASIZE, DATASCALE, UNIQUEVALUE, NULLABLE, INDEXES, DESCRIPTION, DATAID, RELEASEID, UNIQUEKEY, INCLUDESQL, COLTYPE ) values ( 'DC_E_CUDB:((3)):DC_E_CUDB_CLUSTER:DAY', 'AGG_COUNT', 57, 'smallint', 0, 0, 255, 1, '', '', 'AGG_COUNT', 'BASE_TP_090421', 0, 0, null );
insert into Measurementcolumn ( MTABLEID, DATANAME, COLNUMBER, DATATYPE, DATASIZE, DATASCALE, UNIQUEVALUE, NULLABLE, INDEXES, DESCRIPTION, DATAID, RELEASEID, UNIQUEKEY, INCLUDESQL, COLTYPE ) values ( 'DC_E_CUDB:((3)):DC_E_CUDB_CLUSTER:DAY', 'BATCH_ID', 60, 'smallint', 0, 0, 255, 1, '', '', 'BATCH_ID', 'BASE_TP_090421', 0, 0, null );
insert into Measurementcolumn ( MTABLEID, DATANAME, COLNUMBER, DATATYPE, DATASIZE, DATASCALE, UNIQUEVALUE, NULLABLE, INDEXES, DESCRIPTION, DATAID, RELEASEID, UNIQUEKEY, INCLUDESQL, COLTYPE ) values ( 'DC_E_CUDB:((3)):DC_E_CUDB_CLUSTER:DAY', 'Cluster_id', 3, 'varchar', 35, 0, 255, 0, 'HG', 'Cluster instance id', 'clusterId', 'DC_E_CUDB:((FINAL))', 1, 1, 'KEY' );
insert into Measurementcolumn ( MTABLEID, DATANAME, COLNUMBER, DATATYPE, DATASIZE, DATASCALE, UNIQUEVALUE, NULLABLE, INDEXES, DESCRIPTION, DATAID, RELEASEID, UNIQUEKEY, INCLUDESQL, COLTYPE ) values ( 'DC_E_CUDB:((3)):DC_E_CUDB_CLUSTER:DAY', 'DATACOVERAGE', 56, 'unsigned int', 0, 0, 255, 1, '', '', 'DATACOVERAGE', 'BASE_TP_090421', 0, 1, null );
insert into Measurementcolumn ( MTABLEID, DATANAME, COLNUMBER, DATATYPE, DATASIZE, DATASCALE, UNIQUEVALUE, NULLABLE, INDEXES, DESCRIPTION, DATAID, RELEASEID, UNIQUEKEY, INCLUDESQL, COLTYPE ) values ( 'DC_E_CUDB:((3)):DC_E_CUDB_CLUSTER:DAY', 'DATE_ID', 51, 'date', 0, 0, 255, 1, 'LF', '', 'DATE_ID', 'BASE_TP_090421', 1, 1, null );
insert into Measurementcolumn ( MTABLEID, DATANAME, COLNUMBER, DATATYPE, DATASIZE, DATASCALE, UNIQUEVALUE, NULLABLE, INDEXES, DESCRIPTION, DATAID, RELEASEID, UNIQUEKEY, INCLUDESQL, COLTYPE ) values ( 'DC_E_CUDB:((3)):DC_E_CUDB_CLUSTER:DAY', 'DAY_ID', 54, 'tinyint', 0, 0, 31, 1, 'LF', '', 'DAY_ID', 'BASE_TP_090421', 0, 0, null );
insert into Measurementcolumn ( MTABLEID, DATANAME, COLNUMBER, DATATYPE, DATASIZE, DATASCALE, UNIQUEVALUE, NULLABLE, INDEXES, DESCRIPTION, DATAID, RELEASEID, UNIQUEKEY, INCLUDESQL, COLTYPE ) values ( 'DC_E_CUDB:((3)):DC_E_CUDB_CLUSTER:DAY', 'DC_RELEASE', 63, 'varchar', 16, 0, 2, 1, 'LF', '', 'DC_RELEASE', 'BASE_TP_090421', 1, 1, null );
insert into Measurementcolumn ( MTABLEID, DATANAME, COLNUMBER, DATATYPE, DATASIZE, DATASCALE, UNIQUEVALUE, NULLABLE, INDEXES, DESCRIPTION, DATAID, RELEASEID, UNIQUEKEY, INCLUDESQL, COLTYPE ) values ( 'DC_E_CUDB:((3)):DC_E_CUDB_CLUSTER:DAY', 'DC_SOURCE', 64, 'varchar', 16, 0, 2, 1, 'LF', '', 'DC_SOURCE', 'BASE_TP_090421', 0, 1, null );
insert into Measurementcolumn ( MTABLEID, DATANAME, COLNUMBER, DATATYPE, DATASIZE, DATASCALE, UNIQUEVALUE, NULLABLE, INDEXES, DESCRIPTION, DATAID, RELEASEID, UNIQUEKEY, INCLUDESQL, COLTYPE ) values ( 'DC_E_CUDB:((3)):DC_E_CUDB_CLUSTER:DAY', 'DC_SUSPECTFLAG', 66, 'int', 0, 0, 2, 1, 'LF', '', 'DC_SUSPECTFLAG', 'BASE_TP_090421', 0, 1, null );
insert into Measurementcolumn ( MTABLEID, DATANAME, COLNUMBER, DATATYPE, DATASIZE, DATASCALE, UNIQUEVALUE, NULLABLE, INDEXES, DESCRIPTION, DATAID, RELEASEID, UNIQUEKEY, INCLUDESQL, COLTYPE ) values ( 'DC_E_CUDB:((3)):DC_E_CUDB_CLUSTER:DAY', 'DC_TIMEZONE', 65, 'varchar', 16, 0, 2, 1, 'LF', '', 'DC_TIMEZONE', 'BASE_TP_090421', 0, 1, null );
insert into Measurementcolumn ( MTABLEID, DATANAME, COLNUMBER, DATATYPE, DATASIZE, DATASCALE, UNIQUEVALUE, NULLABLE, INDEXES, DESCRIPTION, DATAID, RELEASEID, UNIQUEKEY, INCLUDESQL, COLTYPE ) values ( 'DC_E_CUDB:((3)):DC_E_CUDB_CLUSTER:DAY', 'MEM', 101, 'numeric', 18, 8, 255, 1, '', 'Average memory used in servers belonging to cluster From counter MemoryUsage in cluster', 'MEM.actual', 'DC_E_CUDB:((FINAL))', 0, 1, 'COUNTER' );
insert into Measurementcolumn ( MTABLEID, DATANAME, COLNUMBER, DATATYPE, DATASIZE, DATASCALE, UNIQUEVALUE, NULLABLE, INDEXES, DESCRIPTION, DATAID, RELEASEID, UNIQUEKEY, INCLUDESQL, COLTYPE ) values ( 'DC_E_CUDB:((3)):DC_E_CUDB_CLUSTER:DAY', 'MONTH_ID', 53, 'tinyint', 0, 0, 12, 1, 'LF', '', 'MONTH_ID', 'BASE_TP_090421', 0, 0, null );
insert into Measurementcolumn ( MTABLEID, DATANAME, COLNUMBER, DATATYPE, DATASIZE, DATASCALE, UNIQUEVALUE, NULLABLE, INDEXES, DESCRIPTION, DATAID, RELEASEID, UNIQUEKEY, INCLUDESQL, COLTYPE ) values ( 'DC_E_CUDB:((3)):DC_E_CUDB_CLUSTER:DAY', 'NE_ID', 2, 'varchar', 35, 0, 255, 0, 'HG', 'Network Element Id', 'NEID', 'DC_E_CUDB:((FINAL))', 1, 1, 'KEY' );
insert into Measurementcolumn ( MTABLEID, DATANAME, COLNUMBER, DATATYPE, DATASIZE, DATASCALE, UNIQUEVALUE, NULLABLE, INDEXES, DESCRIPTION, DATAID, RELEASEID, UNIQUEKEY, INCLUDESQL, COLTYPE ) values ( 'DC_E_CUDB:((3)):DC_E_CUDB_CLUSTER:DAY', 'OSS_ID', 1, 'varchar', 50, 0, 255, 0, 'HG', 'OSS Id', 'OSS_ID', 'DC_E_CUDB:((FINAL))', 1, 1, 'KEY' );
insert into Measurementcolumn ( MTABLEID, DATANAME, COLNUMBER, DATATYPE, DATASIZE, DATASCALE, UNIQUEVALUE, NULLABLE, INDEXES, DESCRIPTION, DATAID, RELEASEID, UNIQUEKEY, INCLUDESQL, COLTYPE ) values ( 'DC_E_CUDB:((3)):DC_E_CUDB_CLUSTER:DAY', 'PERIOD_DURATION', 61, 'unsigned int', 0, 0, 10, 1, '', '', 'PERIOD_DURATION', 'BASE_TP_090421', 0, 1, null );
insert into Measurementcolumn ( MTABLEID, DATANAME, COLNUMBER, DATATYPE, DATASIZE, DATASCALE, UNIQUEVALUE, NULLABLE, INDEXES, DESCRIPTION, DATAID, RELEASEID, UNIQUEKEY, INCLUDESQL, COLTYPE ) values ( 'DC_E_CUDB:((3)):DC_E_CUDB_CLUSTER:DAY', 'ROWSTATUS', 62, 'varchar', 16, 0, 10, 1, '', '', 'ROWSTATUS', 'BASE_TP_090421', 0, 1, null );
insert into Measurementcolumn ( MTABLEID, DATANAME, COLNUMBER, DATATYPE, DATASIZE, DATASCALE, UNIQUEVALUE, NULLABLE, INDEXES, DESCRIPTION, DATAID, RELEASEID, UNIQUEKEY, INCLUDESQL, COLTYPE ) values ( 'DC_E_CUDB:((3)):DC_E_CUDB_CLUSTER:DAY', 'SESSION_ID', 59, 'unsigned int', 0, 0, 255, 1, '', '', 'SESSION_ID', 'BASE_TP_090421', 0, 0, null );
insert into Measurementcolumn ( MTABLEID, DATANAME, COLNUMBER, DATATYPE, DATASIZE, DATASCALE, UNIQUEVALUE, NULLABLE, INDEXES, DESCRIPTION, DATAID, RELEASEID, UNIQUEKEY, INCLUDESQL, COLTYPE ) values ( 'DC_E_CUDB:((3)):DC_E_CUDB_CLUSTER:DAY', 'TIMELEVEL', 58, 'varchar', 10, 0, 10, 1, 'LF', '', 'TIMELEVEL', 'BASE_TP_090421', 0, 0, null );
insert into Measurementcolumn ( MTABLEID, DATANAME, COLNUMBER, DATATYPE, DATASIZE, DATASCALE, UNIQUEVALUE, NULLABLE, INDEXES, DESCRIPTION, DATAID, RELEASEID, UNIQUEKEY, INCLUDESQL, COLTYPE ) values ( 'DC_E_CUDB:((3)):DC_E_CUDB_CLUSTER:DAY', 'WEEK_ID', 55, 'tinyint', 0, 0, 53, 1, 'LF', '', 'WEEK_ID', 'BASE_TP_090421', 0, 0, null );
insert into Measurementcolumn ( MTABLEID, DATANAME, COLNUMBER, DATATYPE, DATASIZE, DATASCALE, UNIQUEVALUE, NULLABLE, INDEXES, DESCRIPTION, DATAID, RELEASEID, UNIQUEKEY, INCLUDESQL, COLTYPE ) values ( 'DC_E_CUDB:((3)):DC_E_CUDB_CLUSTER:DAY', 'YEAR_ID', 52, 'smallint', 0, 0, 20, 1, 'LF', '', 'YEAR_ID', 'BASE_TP_090421', 0, 0, null );
insert into Measurementtypeclass ( TYPECLASSID, VERSIONID, DESCRIPTION ) values ( 'DC_E_CUDB:((3)):DC_E_CUDB_', 'DC_E_CUDB:((3))', '' );
insert into Measurementtype ( TYPEID, TYPECLASSID, TYPENAME, VENDORID, FOLDERNAME, DESCRIPTION, STATUS, VERSIONID, OBJECTID, OBJECTNAME, OBJECTVERSION, OBJECTTYPE, JOINABLE, SIZING, TOTALAGG, ELEMENTBHSUPPORT, RANKINGTABLE, DELTACALCSUPPORT, PLAINTABLE, UNIVERSEEXTENSION, VECTORSUPPORT, DATAFORMATSUPPORT ) values ( 'DC_E_CUDB:((3)):DC_E_CUDB_ELEMBH', 'DC_E_CUDB:((3)):DC_E_CUDB_', 'DC_E_CUDB_ELEMBH', 'DC_E_CUDB', 'DC_E_CUDB_ELEMBH', 'Element Busy Hours', null, 'DC_E_CUDB:((3))', 'DC_E_CUDB:((3)):DC_E_CUDB_ELEMBH', 'DC_E_CUDB_ELEMBH', null, null, '', 'large', 0, 1, 1, 0, 0, 'ALL', 0, 0 );
insert into Measurementkey ( TYPEID, DATANAME, DESCRIPTION, ISELEMENT, UNIQUEKEY, COLNUMBER, DATATYPE, DATASIZE, DATASCALE, UNIQUEVALUE, NULLABLE, INDEXES, INCLUDESQL, UNIVOBJECT, JOINABLE, DATAID ) values ( 'DC_E_CUDB:((3)):DC_E_CUDB_ELEMBH', 'ELEMENT_NAME', 'Element Name', 0, 1, 3, 'varchar', 128, 0, 255, 0, 'HG', 1, 'ELEMENT_NAME', null, null );
insert into Measurementkey ( TYPEID, DATANAME, DESCRIPTION, ISELEMENT, UNIQUEKEY, COLNUMBER, DATATYPE, DATASIZE, DATASCALE, UNIQUEVALUE, NULLABLE, INDEXES, INCLUDESQL, UNIVOBJECT, JOINABLE, DATAID ) values ( 'DC_E_CUDB:((3)):DC_E_CUDB_ELEMBH', 'ELEMENT_TYPE', 'Element Type', 0, 1, 4, 'varchar', 50, 0, 255, 0, 'HG', 1, 'ELEMENT_TYPE', null, null );
insert into Measurementkey ( TYPEID, DATANAME, DESCRIPTION, ISELEMENT, UNIQUEKEY, COLNUMBER, DATATYPE, DATASIZE, DATASCALE, UNIQUEVALUE, NULLABLE, INDEXES, INCLUDESQL, UNIVOBJECT, JOINABLE, DATAID ) values ( 'DC_E_CUDB:((3)):DC_E_CUDB_ELEMBH', 'NE_ID', 'Network Element Id', 1, 1, 2, 'varchar', 35, 0, 255, 0, 'HG', 1, 'NE_ID', null, null );
insert into Measurementkey ( TYPEID, DATANAME, DESCRIPTION, ISELEMENT, UNIQUEKEY, COLNUMBER, DATATYPE, DATASIZE, DATASCALE, UNIQUEVALUE, NULLABLE, INDEXES, INCLUDESQL, UNIVOBJECT, JOINABLE, DATAID ) values ( 'DC_E_CUDB:((3)):DC_E_CUDB_ELEMBH', 'OSS_ID', 'OSS Id', 0, 1, 1, 'varchar', 50, 0, 255, 0, 'HG', 1, 'OSS_ID', null, null );
insert into Measurementtable ( MTABLEID, TABLELEVEL, TYPEID, BASETABLENAME, DEFAULT_TEMPLATE, PARTITIONPLAN ) values ( 'DC_E_CUDB:((3)):DC_E_CUDB_ELEMBH:RANKBH', 'RANKBH', 'DC_E_CUDB:((3)):DC_E_CUDB_ELEMBH', 'DC_E_CUDB_ELEMBH_RANKBH', null, 'large_rankbh' );
insert into Measurementcolumn ( MTABLEID, DATANAME, COLNUMBER, DATATYPE, DATASIZE, DATASCALE, UNIQUEVALUE, NULLABLE, INDEXES, DESCRIPTION, DATAID, RELEASEID, UNIQUEKEY, INCLUDESQL, COLTYPE ) values ( 'DC_E_CUDB:((3)):DC_E_CUDB_ELEMBH:RANKBH', 'BATCH_ID', 62, 'smallint', 0, 0, 255, 1, '', '', 'BATCH_ID', 'BASE_TP_090421', 0, 0, null );
insert into Measurementcolumn ( MTABLEID, DATANAME, COLNUMBER, DATATYPE, DATASIZE, DATASCALE, UNIQUEVALUE, NULLABLE, INDEXES, DESCRIPTION, DATAID, RELEASEID, UNIQUEKEY, INCLUDESQL, COLTYPE ) values ( 'DC_E_CUDB:((3)):DC_E_CUDB_ELEMBH:RANKBH', 'BHCLASS', 54, 'tinyint', 0, 0, 10, 1, 'LF', '', 'BHCLASS', 'BASE_TP_090421', 0, 0, null );
insert into Measurementcolumn ( MTABLEID, DATANAME, COLNUMBER, DATATYPE, DATASIZE, DATASCALE, UNIQUEVALUE, NULLABLE, INDEXES, DESCRIPTION, DATAID, RELEASEID, UNIQUEKEY, INCLUDESQL, COLTYPE ) values ( 'DC_E_CUDB:((3)):DC_E_CUDB_ELEMBH:RANKBH', 'BHTYPE', 52, 'varchar', 50, 0, 20, 1, 'LF', '', 'BHTYPE', 'BASE_TP_090421', 1, 0, null );
insert into Measurementcolumn ( MTABLEID, DATANAME, COLNUMBER, DATATYPE, DATASIZE, DATASCALE, UNIQUEVALUE, NULLABLE, INDEXES, DESCRIPTION, DATAID, RELEASEID, UNIQUEKEY, INCLUDESQL, COLTYPE ) values ( 'DC_E_CUDB:((3)):DC_E_CUDB_ELEMBH:RANKBH', 'BHVALUE', 53, 'numeric', 18, 8, 255, 1, 'HNG', '', 'BHVALUE', 'BASE_TP_090421', 0, 0, null );
insert into Measurementcolumn ( MTABLEID, DATANAME, COLNUMBER, DATATYPE, DATASIZE, DATASCALE, UNIQUEVALUE, NULLABLE, INDEXES, DESCRIPTION, DATAID, RELEASEID, UNIQUEKEY, INCLUDESQL, COLTYPE ) values ( 'DC_E_CUDB:((3)):DC_E_CUDB_ELEMBH:RANKBH', 'BUSYHOUR', 57, 'tinyint', 0, 0, 24, 1, 'LF', '', 'BUSYHOUR', 'BASE_TP_090421', 0, 0, null );
insert into Measurementcolumn ( MTABLEID, DATANAME, COLNUMBER, DATATYPE, DATASIZE, DATASCALE, UNIQUEVALUE, NULLABLE, INDEXES, DESCRIPTION, DATAID, RELEASEID, UNIQUEKEY, INCLUDESQL, COLTYPE ) values ( 'DC_E_CUDB:((3)):DC_E_CUDB_ELEMBH:RANKBH', 'DATACOVERAGE', 58, 'unsigned int', 0, 0, 255, 1, '', '', 'DATACOVERAGE', 'BASE_TP_090421', 0, 1, null );
insert into Measurementcolumn ( MTABLEID, DATANAME, COLNUMBER, DATATYPE, DATASIZE, DATASCALE, UNIQUEVALUE, NULLABLE, INDEXES, DESCRIPTION, DATAID, RELEASEID, UNIQUEKEY, INCLUDESQL, COLTYPE ) values ( 'DC_E_CUDB:((3)):DC_E_CUDB_ELEMBH:RANKBH', 'DATE_ID', 51, 'date', 0, 0, 255, 1, 'LF', '', 'DATE_ID', 'BASE_TP_090421', 1, 0, null );
insert into Measurementcolumn ( MTABLEID, DATANAME, COLNUMBER, DATATYPE, DATASIZE, DATASCALE, UNIQUEVALUE, NULLABLE, INDEXES, DESCRIPTION, DATAID, RELEASEID, UNIQUEKEY, INCLUDESQL, COLTYPE ) values ( 'DC_E_CUDB:((3)):DC_E_CUDB_ELEMBH:RANKBH', 'DC_RELEASE', 64, 'varchar', 16, 0, 2, 1, 'LF', '', 'DC_RELEASE', 'BASE_TP_090421', 0, 1, null );
insert into Measurementcolumn ( MTABLEID, DATANAME, COLNUMBER, DATATYPE, DATASIZE, DATASCALE, UNIQUEVALUE, NULLABLE, INDEXES, DESCRIPTION, DATAID, RELEASEID, UNIQUEKEY, INCLUDESQL, COLTYPE ) values ( 'DC_E_CUDB:((3)):DC_E_CUDB_ELEMBH:RANKBH', 'DC_SOURCE', 65, 'varchar', 16, 0, 2, 1, 'LF', '', 'DC_SOURCE', 'BASE_TP_090421', 0, 1, null );
insert into Measurementcolumn ( MTABLEID, DATANAME, COLNUMBER, DATATYPE, DATASIZE, DATASCALE, UNIQUEVALUE, NULLABLE, INDEXES, DESCRIPTION, DATAID, RELEASEID, UNIQUEKEY, INCLUDESQL, COLTYPE ) values ( 'DC_E_CUDB:((3)):DC_E_CUDB_ELEMBH:RANKBH', 'DC_SUSPECTFLAG', 67, 'int', 0, 0, 2, 1, 'LF', '', 'DC_SUSPECTFLAG', 'BASE_TP_090421', 0, 1, null );
insert into Measurementcolumn ( MTABLEID, DATANAME, COLNUMBER, DATATYPE, DATASIZE, DATASCALE, UNIQUEVALUE, NULLABLE, INDEXES, DESCRIPTION, DATAID, RELEASEID, UNIQUEKEY, INCLUDESQL, COLTYPE ) values ( 'DC_E_CUDB:((3)):DC_E_CUDB_ELEMBH:RANKBH', 'DC_TIMEZONE', 66, 'varchar', 16, 0, 2, 1, 'LF', '', 'DC_TIMEZONE', 'BASE_TP_090421', 0, 1, null );
insert into Measurementcolumn ( MTABLEID, DATANAME, COLNUMBER, DATATYPE, DATASIZE, DATASCALE, UNIQUEVALUE, NULLABLE, INDEXES, DESCRIPTION, DATAID, RELEASEID, UNIQUEKEY, INCLUDESQL, COLTYPE ) values ( 'DC_E_CUDB:((3)):DC_E_CUDB_ELEMBH:RANKBH', 'ELEMENT_NAME', 3, 'varchar', 128, 0, 255, 0, 'HG', 'Element Name', 'ELEMENT_NAME', 'DC_E_CUDB:((FINAL))', 1, 1, 'KEY' );
insert into Measurementcolumn ( MTABLEID, DATANAME, COLNUMBER, DATATYPE, DATASIZE, DATASCALE, UNIQUEVALUE, NULLABLE, INDEXES, DESCRIPTION, DATAID, RELEASEID, UNIQUEKEY, INCLUDESQL, COLTYPE ) values ( 'DC_E_CUDB:((3)):DC_E_CUDB_ELEMBH:RANKBH', 'ELEMENT_TYPE', 4, 'varchar', 50, 0, 255, 0, 'HG', 'Element Type', 'ELEMENT_TYPE', 'DC_E_CUDB:((FINAL))', 1, 1, 'KEY' );
insert into Measurementcolumn ( MTABLEID, DATANAME, COLNUMBER, DATATYPE, DATASIZE, DATASCALE, UNIQUEVALUE, NULLABLE, INDEXES, DESCRIPTION, DATAID, RELEASEID, UNIQUEKEY, INCLUDESQL, COLTYPE ) values ( 'DC_E_CUDB:((3)):DC_E_CUDB_ELEMBH:RANKBH', 'MONTHBH', 56, 'tinyint', 0, 0, 2, 1, 'LF', '', 'MONTHBH', 'BASE_TP_090421', 0, 0, null );
insert into Measurementcolumn ( MTABLEID, DATANAME, COLNUMBER, DATATYPE, DATASIZE, DATASCALE, UNIQUEVALUE, NULLABLE, INDEXES, DESCRIPTION, DATAID, RELEASEID, UNIQUEKEY, INCLUDESQL, COLTYPE ) values ( 'DC_E_CUDB:((3)):DC_E_CUDB_ELEMBH:RANKBH', 'NE_ID', 2, 'varchar', 35, 0, 255, 0, 'HG', 'Network Element Id', 'NE_ID', 'DC_E_CUDB:((FINAL))', 1, 1, 'KEY' );
insert into Measurementcolumn ( MTABLEID, DATANAME, COLNUMBER, DATATYPE, DATASIZE, DATASCALE, UNIQUEVALUE, NULLABLE, INDEXES, DESCRIPTION, DATAID, RELEASEID, UNIQUEKEY, INCLUDESQL, COLTYPE ) values ( 'DC_E_CUDB:((3)):DC_E_CUDB_ELEMBH:RANKBH', 'OSS_ID', 1, 'varchar', 50, 0, 255, 0, 'HG', 'OSS Id', 'OSS_ID', 'DC_E_CUDB:((FINAL))', 1, 1, 'KEY' );
insert into Measurementcolumn ( MTABLEID, DATANAME, COLNUMBER, DATATYPE, DATASIZE, DATASCALE, UNIQUEVALUE, NULLABLE, INDEXES, DESCRIPTION, DATAID, RELEASEID, UNIQUEKEY, INCLUDESQL, COLTYPE ) values ( 'DC_E_CUDB:((3)):DC_E_CUDB_ELEMBH:RANKBH', 'PERIOD_DURATION', 59, 'unsigned int', 0, 0, 10, 1, '', '', 'PERIOD_DURATION', 'BASE_TP_090421', 0, 1, null );
insert into Measurementcolumn ( MTABLEID, DATANAME, COLNUMBER, DATATYPE, DATASIZE, DATASCALE, UNIQUEVALUE, NULLABLE, INDEXES, DESCRIPTION, DATAID, RELEASEID, UNIQUEKEY, INCLUDESQL, COLTYPE ) values ( 'DC_E_CUDB:((3)):DC_E_CUDB_ELEMBH:RANKBH', 'ROWSTATUS', 63, 'varchar', 16, 0, 10, 1, '', '', 'ROWSTATUS', 'BASE_TP_090421', 0, 1, null );
insert into Measurementcolumn ( MTABLEID, DATANAME, COLNUMBER, DATATYPE, DATASIZE, DATASCALE, UNIQUEVALUE, NULLABLE, INDEXES, DESCRIPTION, DATAID, RELEASEID, UNIQUEKEY, INCLUDESQL, COLTYPE ) values ( 'DC_E_CUDB:((3)):DC_E_CUDB_ELEMBH:RANKBH', 'SESSION_ID', 61, 'unsigned int', 0, 0, 255, 1, '', '', 'SESSION_ID', 'BASE_TP_090421', 0, 0, null );
insert into Measurementcolumn ( MTABLEID, DATANAME, COLNUMBER, DATATYPE, DATASIZE, DATASCALE, UNIQUEVALUE, NULLABLE, INDEXES, DESCRIPTION, DATAID, RELEASEID, UNIQUEKEY, INCLUDESQL, COLTYPE ) values ( 'DC_E_CUDB:((3)):DC_E_CUDB_ELEMBH:RANKBH', 'TIMELEVEL', 60, 'varchar', 10, 0, 10, 1, 'LF', '', 'TIMELEVEL', 'BASE_TP_090421', 0, 0, null );
insert into Measurementcolumn ( MTABLEID, DATANAME, COLNUMBER, DATATYPE, DATASIZE, DATASCALE, UNIQUEVALUE, NULLABLE, INDEXES, DESCRIPTION, DATAID, RELEASEID, UNIQUEKEY, INCLUDESQL, COLTYPE ) values ( 'DC_E_CUDB:((3)):DC_E_CUDB_ELEMBH:RANKBH', 'WEEKBH', 55, 'tinyint', 0, 0, 2, 1, 'LF', '', 'WEEKBH', 'BASE_TP_090421', 0, 0, null );
insert into Measurementtypeclass ( TYPECLASSID, VERSIONID, DESCRIPTION ) values ( 'DC_E_CUDB:((3)):DC_E_CUDB_LDAPFE', 'DC_E_CUDB:((3))', 'LDAPFE' );
insert into Measurementtype ( TYPEID, TYPECLASSID, TYPENAME, VENDORID, FOLDERNAME, DESCRIPTION, STATUS, VERSIONID, OBJECTID, OBJECTNAME, OBJECTVERSION, OBJECTTYPE, JOINABLE, SIZING, TOTALAGG, ELEMENTBHSUPPORT, RANKINGTABLE, DELTACALCSUPPORT, PLAINTABLE, UNIVERSEEXTENSION, VECTORSUPPORT, DATAFORMATSUPPORT ) values ( 'DC_E_CUDB:((3)):DC_E_CUDB_LDAP_OPS', 'DC_E_CUDB:((3)):DC_E_CUDB_LDAPFE', 'DC_E_CUDB_LDAP_OPS', 'DC_E_CUDB', 'DC_E_CUDB_LDAP_OPS', 'All LDAP servers counters.', null, 'DC_E_CUDB:((3))', 'DC_E_CUDB:((3)):DC_E_CUDB_LDAP_OPS', 'DC_E_CUDB_LDAP_OPS', null, null, '', 'small', 1, 1, 0, 0, 0, 'ALL', null, 1 );
insert into Measurementkey ( TYPEID, DATANAME, DESCRIPTION, ISELEMENT, UNIQUEKEY, COLNUMBER, DATATYPE, DATASIZE, DATASCALE, UNIQUEVALUE, NULLABLE, INDEXES, INCLUDESQL, UNIVOBJECT, JOINABLE, DATAID ) values ( 'DC_E_CUDB:((3)):DC_E_CUDB_LDAP_OPS', 'NE_ID', 'Network Element Id', 1, 1, 2, 'varchar', 35, 0, 255, 0, 'HG', 1, 'NE_ID', 0, 'NEID' );
insert into Measurementkey ( TYPEID, DATANAME, DESCRIPTION, ISELEMENT, UNIQUEKEY, COLNUMBER, DATATYPE, DATASIZE, DATASCALE, UNIQUEVALUE, NULLABLE, INDEXES, INCLUDESQL, UNIVOBJECT, JOINABLE, DATAID ) values ( 'DC_E_CUDB:((3)):DC_E_CUDB_LDAP_OPS', 'OSS_ID', 'OSS Id', 0, 1, 1, 'varchar', 50, 0, 255, 0, 'HG', 1, 'OSS_ID', 0, null );
insert into Measurementcounter ( TYPEID, DATANAME, DESCRIPTION, TIMEAGGREGATION, GROUPAGGREGATION, COUNTAGGREGATION, COLNUMBER, DATATYPE, DATASIZE, DATASCALE, INCLUDESQL, UNIVOBJECT, UNIVCLASS, COUNTERTYPE, COUNTERPROCESS, DATAID ) values ( 'DC_E_CUDB:((3)):DC_E_CUDB_LDAP_OPS', 'LDAPOPS1', 'Number of LDAP operations being carried out by LDAP server number 1.', 'AVG', 'AVG', '', 1, 'numeric', 18, 8, 1, 'LDAPOPS1', '', 'GAUGE', 'GAUGE', 'LDAPOPS#1.actual' );
insert into Measurementcounter ( TYPEID, DATANAME, DESCRIPTION, TIMEAGGREGATION, GROUPAGGREGATION, COUNTAGGREGATION, COLNUMBER, DATATYPE, DATASIZE, DATASCALE, INCLUDESQL, UNIVOBJECT, UNIVCLASS, COUNTERTYPE, COUNTERPROCESS, DATAID ) values ( 'DC_E_CUDB:((3)):DC_E_CUDB_LDAP_OPS', 'LDAPOPS10', 'Number of LDAP operations being carried out by LDAP server number 10.', 'AVG', 'AVG', '', 10, 'numeric', 18, 8, 1, 'LDAPOPS10', '', 'GAUGE', 'GAUGE', 'LDAPOPS#10.actual' );
insert into Measurementcounter ( TYPEID, DATANAME, DESCRIPTION, TIMEAGGREGATION, GROUPAGGREGATION, COUNTAGGREGATION, COLNUMBER, DATATYPE, DATASIZE, DATASCALE, INCLUDESQL, UNIVOBJECT, UNIVCLASS, COUNTERTYPE, COUNTERPROCESS, DATAID ) values ( 'DC_E_CUDB:((3)):DC_E_CUDB_LDAP_OPS', 'LDAPOPS11', 'Number of LDAP operations being carried out by LDAP server number 11.', 'AVG', 'AVG', '', 11, 'numeric', 18, 8, 1, 'LDAPOPS11', '', 'GAUGE', 'GAUGE', 'LDAPOPS#11.actual' );
insert into Measurementcounter ( TYPEID, DATANAME, DESCRIPTION, TIMEAGGREGATION, GROUPAGGREGATION, COUNTAGGREGATION, COLNUMBER, DATATYPE, DATASIZE, DATASCALE, INCLUDESQL, UNIVOBJECT, UNIVCLASS, COUNTERTYPE, COUNTERPROCESS, DATAID ) values ( 'DC_E_CUDB:((3)):DC_E_CUDB_LDAP_OPS', 'LDAPOPS12', 'Number of LDAP operations being carried out by LDAP server number 12.', 'AVG', 'AVG', '', 12, 'numeric', 18, 8, 1, 'LDAPOPS12', '', 'GAUGE', 'GAUGE', 'LDAPOPS#12.actual' );
insert into Measurementcounter ( TYPEID, DATANAME, DESCRIPTION, TIMEAGGREGATION, GROUPAGGREGATION, COUNTAGGREGATION, COLNUMBER, DATATYPE, DATASIZE, DATASCALE, INCLUDESQL, UNIVOBJECT, UNIVCLASS, COUNTERTYPE, COUNTERPROCESS, DATAID ) values ( 'DC_E_CUDB:((3)):DC_E_CUDB_LDAP_OPS', 'LDAPOPS13', 'Number of LDAP operations being carried out by LDAP server number 13.', 'AVG', 'AVG', '', 13, 'numeric', 18, 8, 1, 'LDAPOPS13', '', 'GAUGE', 'GAUGE', 'LDAPOPS#13.actual' );
insert into Measurementcounter ( TYPEID, DATANAME, DESCRIPTION, TIMEAGGREGATION, GROUPAGGREGATION, COUNTAGGREGATION, COLNUMBER, DATATYPE, DATASIZE, DATASCALE, INCLUDESQL, UNIVOBJECT, UNIVCLASS, COUNTERTYPE, COUNTERPROCESS, DATAID ) values ( 'DC_E_CUDB:((3)):DC_E_CUDB_LDAP_OPS', 'LDAPOPS14', 'Number of LDAP operations being carried out by LDAP server number 14.', 'AVG', 'AVG', '', 14, 'numeric', 18, 8, 1, 'LDAPOPS14', '', 'GAUGE', 'GAUGE', 'LDAPOPS#14.actual' );
insert into Measurementcounter ( TYPEID, DATANAME, DESCRIPTION, TIMEAGGREGATION, GROUPAGGREGATION, COUNTAGGREGATION, COLNUMBER, DATATYPE, DATASIZE, DATASCALE, INCLUDESQL, UNIVOBJECT, UNIVCLASS, COUNTERTYPE, COUNTERPROCESS, DATAID ) values ( 'DC_E_CUDB:((3)):DC_E_CUDB_LDAP_OPS', 'LDAPOPS15', 'Number of LDAP operations being carried out by LDAP server number 15.', 'AVG', 'AVG', '', 15, 'numeric', 18, 8, 1, 'LDAPOPS15', '', 'GAUGE', 'GAUGE', 'LDAPOPS#15.actual' );
insert into Measurementcounter ( TYPEID, DATANAME, DESCRIPTION, TIMEAGGREGATION, GROUPAGGREGATION, COUNTAGGREGATION, COLNUMBER, DATATYPE, DATASIZE, DATASCALE, INCLUDESQL, UNIVOBJECT, UNIVCLASS, COUNTERTYPE, COUNTERPROCESS, DATAID ) values ( 'DC_E_CUDB:((3)):DC_E_CUDB_LDAP_OPS', 'LDAPOPS16', 'Number of LDAP operations being carried out by LDAP server number 16.', 'AVG', 'AVG', '', 16, 'numeric', 18, 8, 1, 'LDAPOPS16', '', 'GAUGE', 'GAUGE', 'LDAPOPS#16.actual' );
insert into Measurementcounter ( TYPEID, DATANAME, DESCRIPTION, TIMEAGGREGATION, GROUPAGGREGATION, COUNTAGGREGATION, COLNUMBER, DATATYPE, DATASIZE, DATASCALE, INCLUDESQL, UNIVOBJECT, UNIVCLASS, COUNTERTYPE, COUNTERPROCESS, DATAID ) values ( 'DC_E_CUDB:((3)):DC_E_CUDB_LDAP_OPS', 'LDAPOPS17', 'Number of LDAP operations being carried out by LDAP server number 17.', 'AVG', 'AVG', '', 17, 'numeric', 18, 8, 1, 'LDAPOPS17', '', 'GAUGE', 'GAUGE', 'LDAPOPS#17.actual' );
insert into Measurementcounter ( TYPEID, DATANAME, DESCRIPTION, TIMEAGGREGATION, GROUPAGGREGATION, COUNTAGGREGATION, COLNUMBER, DATATYPE, DATASIZE, DATASCALE, INCLUDESQL, UNIVOBJECT, UNIVCLASS, COUNTERTYPE, COUNTERPROCESS, DATAID ) values ( 'DC_E_CUDB:((3)):DC_E_CUDB_LDAP_OPS', 'LDAPOPS18', 'Number of LDAP operations being carried out by LDAP server number 18.', 'AVG', 'AVG', '', 18, 'numeric', 18, 8, 1, 'LDAPOPS18', '', 'GAUGE', 'GAUGE', 'LDAPOPS#18.actual' );
insert into Measurementcounter ( TYPEID, DATANAME, DESCRIPTION, TIMEAGGREGATION, GROUPAGGREGATION, COUNTAGGREGATION, COLNUMBER, DATATYPE, DATASIZE, DATASCALE, INCLUDESQL, UNIVOBJECT, UNIVCLASS, COUNTERTYPE, COUNTERPROCESS, DATAID ) values ( 'DC_E_CUDB:((3)):DC_E_CUDB_LDAP_OPS', 'LDAPOPS2', 'Number of LDAP operations being carried out by LDAP server number 2.', 'AVG', 'AVG', '', 2, 'numeric', 18, 8, 1, 'LDAPOPS2', '', 'GAUGE', 'GAUGE', 'LDAPOPS#2.actual' );
insert into Measurementcounter ( TYPEID, DATANAME, DESCRIPTION, TIMEAGGREGATION, GROUPAGGREGATION, COUNTAGGREGATION, COLNUMBER, DATATYPE, DATASIZE, DATASCALE, INCLUDESQL, UNIVOBJECT, UNIVCLASS, COUNTERTYPE, COUNTERPROCESS, DATAID ) values ( 'DC_E_CUDB:((3)):DC_E_CUDB_LDAP_OPS', 'LDAPOPS3', 'Number of LDAP operations being carried out by LDAP server number 3.', 'AVG', 'AVG', '', 3, 'numeric', 18, 8, 1, 'LDAPOPS3', '', 'GAUGE', 'GAUGE', 'LDAPOPS#3.actual' );
insert into Measurementcounter ( TYPEID, DATANAME, DESCRIPTION, TIMEAGGREGATION, GROUPAGGREGATION, COUNTAGGREGATION, COLNUMBER, DATATYPE, DATASIZE, DATASCALE, INCLUDESQL, UNIVOBJECT, UNIVCLASS, COUNTERTYPE, COUNTERPROCESS, DATAID ) values ( 'DC_E_CUDB:((3)):DC_E_CUDB_LDAP_OPS', 'LDAPOPS4', 'Number of LDAP operations being carried out by LDAP server number 4.', 'AVG', 'AVG', '', 4, 'numeric', 18, 8, 1, 'LDAPOPS4', '', 'GAUGE', 'GAUGE', 'LDAPOPS#4.actual' );
insert into Measurementcounter ( TYPEID, DATANAME, DESCRIPTION, TIMEAGGREGATION, GROUPAGGREGATION, COUNTAGGREGATION, COLNUMBER, DATATYPE, DATASIZE, DATASCALE, INCLUDESQL, UNIVOBJECT, UNIVCLASS, COUNTERTYPE, COUNTERPROCESS, DATAID ) values ( 'DC_E_CUDB:((3)):DC_E_CUDB_LDAP_OPS', 'LDAPOPS5', 'Number of LDAP operations being carried out by LDAP server number 5.', 'AVG', 'AVG', '', 5, 'numeric', 18, 8, 1, 'LDAPOPS5', '', 'GAUGE', 'GAUGE', 'LDAPOPS#5.actual' );
insert into Measurementcounter ( TYPEID, DATANAME, DESCRIPTION, TIMEAGGREGATION, GROUPAGGREGATION, COUNTAGGREGATION, COLNUMBER, DATATYPE, DATASIZE, DATASCALE, INCLUDESQL, UNIVOBJECT, UNIVCLASS, COUNTERTYPE, COUNTERPROCESS, DATAID ) values ( 'DC_E_CUDB:((3)):DC_E_CUDB_LDAP_OPS', 'LDAPOPS6', 'Number of LDAP operations being carried out by LDAP server number 6.', 'AVG', 'AVG', '', 6, 'numeric', 18, 8, 1, 'LDAPOPS6', '', 'GAUGE', 'GAUGE', 'LDAPOPS#6.actual' );
insert into Measurementcounter ( TYPEID, DATANAME, DESCRIPTION, TIMEAGGREGATION, GROUPAGGREGATION, COUNTAGGREGATION, COLNUMBER, DATATYPE, DATASIZE, DATASCALE, INCLUDESQL, UNIVOBJECT, UNIVCLASS, COUNTERTYPE, COUNTERPROCESS, DATAID ) values ( 'DC_E_CUDB:((3)):DC_E_CUDB_LDAP_OPS', 'LDAPOPS7', 'Number of LDAP operations being carried out by LDAP server number 7.', 'AVG', 'AVG', '', 7, 'numeric', 18, 8, 1, 'LDAPOPS7', '', 'GAUGE', 'GAUGE', 'LDAPOPS#7.actual' );
insert into Measurementcounter ( TYPEID, DATANAME, DESCRIPTION, TIMEAGGREGATION, GROUPAGGREGATION, COUNTAGGREGATION, COLNUMBER, DATATYPE, DATASIZE, DATASCALE, INCLUDESQL, UNIVOBJECT, UNIVCLASS, COUNTERTYPE, COUNTERPROCESS, DATAID ) values ( 'DC_E_CUDB:((3)):DC_E_CUDB_LDAP_OPS', 'LDAPOPS8', 'Number of LDAP operations being carried out by LDAP server number 8.', 'AVG', 'AVG', '', 8, 'numeric', 18, 8, 1, 'LDAPOPS8', '', 'GAUGE', 'GAUGE', 'LDAPOPS#8.actual' );
insert into Measurementcounter ( TYPEID, DATANAME, DESCRIPTION, TIMEAGGREGATION, GROUPAGGREGATION, COUNTAGGREGATION, COLNUMBER, DATATYPE, DATASIZE, DATASCALE, INCLUDESQL, UNIVOBJECT, UNIVCLASS, COUNTERTYPE, COUNTERPROCESS, DATAID ) values ( 'DC_E_CUDB:((3)):DC_E_CUDB_LDAP_OPS', 'LDAPOPS9', 'Number of LDAP operations being carried out by LDAP server number 9.', 'AVG', 'AVG', '', 9, 'numeric', 18, 8, 1, 'LDAPOPS9', '', 'GAUGE', 'GAUGE', 'LDAPOPS#9.actual' );
insert into Measurementtable ( MTABLEID, TABLELEVEL, TYPEID, BASETABLENAME, DEFAULT_TEMPLATE, PARTITIONPLAN ) values ( 'DC_E_CUDB:((3)):DC_E_CUDB_LDAP_OPS:RAW', 'RAW', 'DC_E_CUDB:((3)):DC_E_CUDB_LDAP_OPS', 'DC_E_CUDB_LDAP_OPS_RAW', null, 'small_raw' );
insert into Measurementcolumn ( MTABLEID, DATANAME, COLNUMBER, DATATYPE, DATASIZE, DATASCALE, UNIQUEVALUE, NULLABLE, INDEXES, DESCRIPTION, DATAID, RELEASEID, UNIQUEKEY, INCLUDESQL, COLTYPE ) values ( 'DC_E_CUDB:((3)):DC_E_CUDB_LDAP_OPS:RAW', 'BATCH_ID', 60, 'smallint', 0, 0, 255, 1, '', '', 'BATCH_ID', 'BASE_TP_090421', 0, 0, null );
insert into Measurementcolumn ( MTABLEID, DATANAME, COLNUMBER, DATATYPE, DATASIZE, DATASCALE, UNIQUEVALUE, NULLABLE, INDEXES, DESCRIPTION, DATAID, RELEASEID, UNIQUEKEY, INCLUDESQL, COLTYPE ) values ( 'DC_E_CUDB:((3)):DC_E_CUDB_LDAP_OPS:RAW', 'DATE_ID', 51, 'date', 0, 0, 255, 1, 'LF', '', 'DATE_ID', 'BASE_TP_090421', 0, 0, null );
insert into Measurementcolumn ( MTABLEID, DATANAME, COLNUMBER, DATATYPE, DATASIZE, DATASCALE, UNIQUEVALUE, NULLABLE, INDEXES, DESCRIPTION, DATAID, RELEASEID, UNIQUEKEY, INCLUDESQL, COLTYPE ) values ( 'DC_E_CUDB:((3)):DC_E_CUDB_LDAP_OPS:RAW', 'DATETIME_ID', 56, 'datetime', 0, 0, 255, 1, 'HG', '', 'DATETIME_ID', 'BASE_TP_090421', 1, 1, null );
insert into Measurementcolumn ( MTABLEID, DATANAME, COLNUMBER, DATATYPE, DATASIZE, DATASCALE, UNIQUEVALUE, NULLABLE, INDEXES, DESCRIPTION, DATAID, RELEASEID, UNIQUEKEY, INCLUDESQL, COLTYPE ) values ( 'DC_E_CUDB:((3)):DC_E_CUDB_LDAP_OPS:RAW', 'DAY_ID', 54, 'tinyint', 0, 0, 31, 1, 'LF', '', 'DAY_ID', 'BASE_TP_090421', 0, 0, null );
insert into Measurementcolumn ( MTABLEID, DATANAME, COLNUMBER, DATATYPE, DATASIZE, DATASCALE, UNIQUEVALUE, NULLABLE, INDEXES, DESCRIPTION, DATAID, RELEASEID, UNIQUEKEY, INCLUDESQL, COLTYPE ) values ( 'DC_E_CUDB:((3)):DC_E_CUDB_LDAP_OPS:RAW', 'DC_RELEASE', 63, 'varchar', 16, 0, 2, 1, 'LF', '', 'DC_RELEASE', 'BASE_TP_090421', 0, 1, null );
insert into Measurementcolumn ( MTABLEID, DATANAME, COLNUMBER, DATATYPE, DATASIZE, DATASCALE, UNIQUEVALUE, NULLABLE, INDEXES, DESCRIPTION, DATAID, RELEASEID, UNIQUEKEY, INCLUDESQL, COLTYPE ) values ( 'DC_E_CUDB:((3)):DC_E_CUDB_LDAP_OPS:RAW', 'DC_SOURCE', 64, 'varchar', 16, 0, 2, 1, 'LF', '', 'DC_SOURCE', 'BASE_TP_090421', 0, 1, null );
insert into Measurementcolumn ( MTABLEID, DATANAME, COLNUMBER, DATATYPE, DATASIZE, DATASCALE, UNIQUEVALUE, NULLABLE, INDEXES, DESCRIPTION, DATAID, RELEASEID, UNIQUEKEY, INCLUDESQL, COLTYPE ) values ( 'DC_E_CUDB:((3)):DC_E_CUDB_LDAP_OPS:RAW', 'DC_SUSPECTFLAG', 66, 'int', 0, 0, 2, 1, 'LF', '', 'DC_SUSPECTFLAG', 'BASE_TP_090421', 0, 1, null );
insert into Measurementcolumn ( MTABLEID, DATANAME, COLNUMBER, DATATYPE, DATASIZE, DATASCALE, UNIQUEVALUE, NULLABLE, INDEXES, DESCRIPTION, DATAID, RELEASEID, UNIQUEKEY, INCLUDESQL, COLTYPE ) values ( 'DC_E_CUDB:((3)):DC_E_CUDB_LDAP_OPS:RAW', 'DC_TIMEZONE', 65, 'varchar', 16, 0, 2, 1, 'LF', '', 'DC_TIMEZONE', 'BASE_TP_090421', 0, 1, null );
insert into Measurementcolumn ( MTABLEID, DATANAME, COLNUMBER, DATATYPE, DATASIZE, DATASCALE, UNIQUEVALUE, NULLABLE, INDEXES, DESCRIPTION, DATAID, RELEASEID, UNIQUEKEY, INCLUDESQL, COLTYPE ) values ( 'DC_E_CUDB:((3)):DC_E_CUDB_LDAP_OPS:RAW', 'HOUR_ID', 55, 'tinyint', 0, 0, 24, 1, 'LF', '', 'HOUR_ID', 'BASE_TP_090421', 0, 0, null );
insert into Measurementcolumn ( MTABLEID, DATANAME, COLNUMBER, DATATYPE, DATASIZE, DATASCALE, UNIQUEVALUE, NULLABLE, INDEXES, DESCRIPTION, DATAID, RELEASEID, UNIQUEKEY, INCLUDESQL, COLTYPE ) values ( 'DC_E_CUDB:((3)):DC_E_CUDB_LDAP_OPS:RAW', 'LDAPOPS1', 101, 'numeric', 18, 8, 255, 1, '', 'Number of LDAP operations being carried out by LDAP server number 1.', 'LDAPOPS1', 'DC_E_CUDB:((FINAL))', 0, 1, 'COUNTER' );
insert into Measurementcolumn ( MTABLEID, DATANAME, COLNUMBER, DATATYPE, DATASIZE, DATASCALE, UNIQUEVALUE, NULLABLE, INDEXES, DESCRIPTION, DATAID, RELEASEID, UNIQUEKEY, INCLUDESQL, COLTYPE ) values ( 'DC_E_CUDB:((3)):DC_E_CUDB_LDAP_OPS:RAW', 'LDAPOPS10', 110, 'numeric', 18, 8, 255, 1, '', 'Number of LDAP operations being carried out by LDAP server number 10.', 'LDAPOPS10', 'DC_E_CUDB:((FINAL))', 0, 1, 'COUNTER' );
insert into Measurementcolumn ( MTABLEID, DATANAME, COLNUMBER, DATATYPE, DATASIZE, DATASCALE, UNIQUEVALUE, NULLABLE, INDEXES, DESCRIPTION, DATAID, RELEASEID, UNIQUEKEY, INCLUDESQL, COLTYPE ) values ( 'DC_E_CUDB:((3)):DC_E_CUDB_LDAP_OPS:RAW', 'LDAPOPS11', 111, 'numeric', 18, 8, 255, 1, '', 'Number of LDAP operations being carried out by LDAP server number 11.', 'LDAPOPS11', 'DC_E_CUDB:((FINAL))', 0, 1, 'COUNTER' );
insert into Measurementcolumn ( MTABLEID, DATANAME, COLNUMBER, DATATYPE, DATASIZE, DATASCALE, UNIQUEVALUE, NULLABLE, INDEXES, DESCRIPTION, DATAID, RELEASEID, UNIQUEKEY, INCLUDESQL, COLTYPE ) values ( 'DC_E_CUDB:((3)):DC_E_CUDB_LDAP_OPS:RAW', 'LDAPOPS12', 112, 'numeric', 18, 8, 255, 1, '', 'Number of LDAP operations being carried out by LDAP server number 12.', 'LDAPOPS12', 'DC_E_CUDB:((FINAL))', 0, 1, 'COUNTER' );
insert into Measurementcolumn ( MTABLEID, DATANAME, COLNUMBER, DATATYPE, DATASIZE, DATASCALE, UNIQUEVALUE, NULLABLE, INDEXES, DESCRIPTION, DATAID, RELEASEID, UNIQUEKEY, INCLUDESQL, COLTYPE ) values ( 'DC_E_CUDB:((3)):DC_E_CUDB_LDAP_OPS:RAW', 'LDAPOPS13', 113, 'numeric', 18, 8, 255, 1, '', 'Number of LDAP operations being carried out by LDAP server number 13.', 'LDAPOPS13', 'DC_E_CUDB:((FINAL))', 0, 1, 'COUNTER' );
insert into Measurementcolumn ( MTABLEID, DATANAME, COLNUMBER, DATATYPE, DATASIZE, DATASCALE, UNIQUEVALUE, NULLABLE, INDEXES, DESCRIPTION, DATAID, RELEASEID, UNIQUEKEY, INCLUDESQL, COLTYPE ) values ( 'DC_E_CUDB:((3)):DC_E_CUDB_LDAP_OPS:RAW', 'LDAPOPS14', 114, 'numeric', 18, 8, 255, 1, '', 'Number of LDAP operations being carried out by LDAP server number 14.', 'LDAPOPS14', 'DC_E_CUDB:((FINAL))', 0, 1, 'COUNTER' );
insert into Measurementcolumn ( MTABLEID, DATANAME, COLNUMBER, DATATYPE, DATASIZE, DATASCALE, UNIQUEVALUE, NULLABLE, INDEXES, DESCRIPTION, DATAID, RELEASEID, UNIQUEKEY, INCLUDESQL, COLTYPE ) values ( 'DC_E_CUDB:((3)):DC_E_CUDB_LDAP_OPS:RAW', 'LDAPOPS15', 115, 'numeric', 18, 8, 255, 1, '', 'Number of LDAP operations being carried out by LDAP server number 15.', 'LDAPOPS15', 'DC_E_CUDB:((FINAL))', 0, 1, 'COUNTER' );
insert into Measurementcolumn ( MTABLEID, DATANAME, COLNUMBER, DATATYPE, DATASIZE, DATASCALE, UNIQUEVALUE, NULLABLE, INDEXES, DESCRIPTION, DATAID, RELEASEID, UNIQUEKEY, INCLUDESQL, COLTYPE ) values ( 'DC_E_CUDB:((3)):DC_E_CUDB_LDAP_OPS:RAW', 'LDAPOPS16', 116, 'numeric', 18, 8, 255, 1, '', 'Number of LDAP operations being carried out by LDAP server number 16.', 'LDAPOPS16', 'DC_E_CUDB:((FINAL))', 0, 1, 'COUNTER' );
insert into Measurementcolumn ( MTABLEID, DATANAME, COLNUMBER, DATATYPE, DATASIZE, DATASCALE, UNIQUEVALUE, NULLABLE, INDEXES, DESCRIPTION, DATAID, RELEASEID, UNIQUEKEY, INCLUDESQL, COLTYPE ) values ( 'DC_E_CUDB:((3)):DC_E_CUDB_LDAP_OPS:RAW', 'LDAPOPS17', 117, 'numeric', 18, 8, 255, 1, '', 'Number of LDAP operations being carried out by LDAP server number 17.', 'LDAPOPS17', 'DC_E_CUDB:((FINAL))', 0, 1, 'COUNTER' );
insert into Measurementcolumn ( MTABLEID, DATANAME, COLNUMBER, DATATYPE, DATASIZE, DATASCALE, UNIQUEVALUE, NULLABLE, INDEXES, DESCRIPTION, DATAID, RELEASEID, UNIQUEKEY, INCLUDESQL, COLTYPE ) values ( 'DC_E_CUDB:((3)):DC_E_CUDB_LDAP_OPS:RAW', 'LDAPOPS18', 118, 'numeric', 18, 8, 255, 1, '', 'Number of LDAP operations being carried out by LDAP server number 18.', 'LDAPOPS18', 'DC_E_CUDB:((FINAL))', 0, 1, 'COUNTER' );
insert into Measurementcolumn ( MTABLEID, DATANAME, COLNUMBER, DATATYPE, DATASIZE, DATASCALE, UNIQUEVALUE, NULLABLE, INDEXES, DESCRIPTION, DATAID, RELEASEID, UNIQUEKEY, INCLUDESQL, COLTYPE ) values ( 'DC_E_CUDB:((3)):DC_E_CUDB_LDAP_OPS:RAW', 'LDAPOPS2', 102, 'numeric', 18, 8, 255, 1, '', 'Number of LDAP operations being carried out by LDAP server number 2.', 'LDAPOPS2', 'DC_E_CUDB:((FINAL))', 0, 1, 'COUNTER' );
insert into Measurementcolumn ( MTABLEID, DATANAME, COLNUMBER, DATATYPE, DATASIZE, DATASCALE, UNIQUEVALUE, NULLABLE, INDEXES, DESCRIPTION, DATAID, RELEASEID, UNIQUEKEY, INCLUDESQL, COLTYPE ) values ( 'DC_E_CUDB:((3)):DC_E_CUDB_LDAP_OPS:RAW', 'LDAPOPS3', 103, 'numeric', 18, 8, 255, 1, '', 'Number of LDAP operations being carried out by LDAP server number 3.', 'LDAPOPS3', 'DC_E_CUDB:((FINAL))', 0, 1, 'COUNTER' );
insert into Measurementcolumn ( MTABLEID, DATANAME, COLNUMBER, DATATYPE, DATASIZE, DATASCALE, UNIQUEVALUE, NULLABLE, INDEXES, DESCRIPTION, DATAID, RELEASEID, UNIQUEKEY, INCLUDESQL, COLTYPE ) values ( 'DC_E_CUDB:((3)):DC_E_CUDB_LDAP_OPS:RAW', 'LDAPOPS4', 104, 'numeric', 18, 8, 255, 1, '', 'Number of LDAP operations being carried out by LDAP server number 4.', 'LDAPOPS4', 'DC_E_CUDB:((FINAL))', 0, 1, 'COUNTER' );
insert into Measurementcolumn ( MTABLEID, DATANAME, COLNUMBER, DATATYPE, DATASIZE, DATASCALE, UNIQUEVALUE, NULLABLE, INDEXES, DESCRIPTION, DATAID, RELEASEID, UNIQUEKEY, INCLUDESQL, COLTYPE ) values ( 'DC_E_CUDB:((3)):DC_E_CUDB_LDAP_OPS:RAW', 'LDAPOPS5', 105, 'numeric', 18, 8, 255, 1, '', 'Number of LDAP operations being carried out by LDAP server number 5.', 'LDAPOPS5', 'DC_E_CUDB:((FINAL))', 0, 1, 'COUNTER' );
insert into Measurementcolumn ( MTABLEID, DATANAME, COLNUMBER, DATATYPE, DATASIZE, DATASCALE, UNIQUEVALUE, NULLABLE, INDEXES, DESCRIPTION, DATAID, RELEASEID, UNIQUEKEY, INCLUDESQL, COLTYPE ) values ( 'DC_E_CUDB:((3)):DC_E_CUDB_LDAP_OPS:RAW', 'LDAPOPS6', 106, 'numeric', 18, 8, 255, 1, '', 'Number of LDAP operations being carried out by LDAP server number 6.', 'LDAPOPS6', 'DC_E_CUDB:((FINAL))', 0, 1, 'COUNTER' );
insert into Measurementcolumn ( MTABLEID, DATANAME, COLNUMBER, DATATYPE, DATASIZE, DATASCALE, UNIQUEVALUE, NULLABLE, INDEXES, DESCRIPTION, DATAID, RELEASEID, UNIQUEKEY, INCLUDESQL, COLTYPE ) values ( 'DC_E_CUDB:((3)):DC_E_CUDB_LDAP_OPS:RAW', 'LDAPOPS7', 107, 'numeric', 18, 8, 255, 1, '', 'Number of LDAP operations being carried out by LDAP server number 7.', 'LDAPOPS7', 'DC_E_CUDB:((FINAL))', 0, 1, 'COUNTER' );
insert into Measurementcolumn ( MTABLEID, DATANAME, COLNUMBER, DATATYPE, DATASIZE, DATASCALE, UNIQUEVALUE, NULLABLE, INDEXES, DESCRIPTION, DATAID, RELEASEID, UNIQUEKEY, INCLUDESQL, COLTYPE ) values ( 'DC_E_CUDB:((3)):DC_E_CUDB_LDAP_OPS:RAW', 'LDAPOPS8', 108, 'numeric', 18, 8, 255, 1, '', 'Number of LDAP operations being carried out by LDAP server number 8.', 'LDAPOPS8', 'DC_E_CUDB:((FINAL))', 0, 1, 'COUNTER' );
insert into Measurementcolumn ( MTABLEID, DATANAME, COLNUMBER, DATATYPE, DATASIZE, DATASCALE, UNIQUEVALUE, NULLABLE, INDEXES, DESCRIPTION, DATAID, RELEASEID, UNIQUEKEY, INCLUDESQL, COLTYPE ) values ( 'DC_E_CUDB:((3)):DC_E_CUDB_LDAP_OPS:RAW', 'LDAPOPS9', 109, 'numeric', 18, 8, 255, 1, '', 'Number of LDAP operations being carried out by LDAP server number 9.', 'LDAPOPS9', 'DC_E_CUDB:((FINAL))', 0, 1, 'COUNTER' );
insert into Measurementcolumn ( MTABLEID, DATANAME, COLNUMBER, DATATYPE, DATASIZE, DATASCALE, UNIQUEVALUE, NULLABLE, INDEXES, DESCRIPTION, DATAID, RELEASEID, UNIQUEKEY, INCLUDESQL, COLTYPE ) values ( 'DC_E_CUDB:((3)):DC_E_CUDB_LDAP_OPS:RAW', 'MIN_ID', 57, 'tinyint', 0, 0, 60, 1, 'LF', '', 'MIN_ID', 'BASE_TP_090421', 0, 0, null );
insert into Measurementcolumn ( MTABLEID, DATANAME, COLNUMBER, DATATYPE, DATASIZE, DATASCALE, UNIQUEVALUE, NULLABLE, INDEXES, DESCRIPTION, DATAID, RELEASEID, UNIQUEKEY, INCLUDESQL, COLTYPE ) values ( 'DC_E_CUDB:((3)):DC_E_CUDB_LDAP_OPS:RAW', 'MONTH_ID', 53, 'tinyint', 0, 0, 12, 1, 'LF', '', 'MONTH_ID', 'BASE_TP_090421', 0, 0, null );
insert into Measurementcolumn ( MTABLEID, DATANAME, COLNUMBER, DATATYPE, DATASIZE, DATASCALE, UNIQUEVALUE, NULLABLE, INDEXES, DESCRIPTION, DATAID, RELEASEID, UNIQUEKEY, INCLUDESQL, COLTYPE ) values ( 'DC_E_CUDB:((3)):DC_E_CUDB_LDAP_OPS:RAW', 'NE_ID', 2, 'varchar', 35, 0, 255, 0, 'HG', 'Network Element Id', 'NE_ID', 'DC_E_CUDB:((FINAL))', 1, 1, 'KEY' );
insert into Measurementcolumn ( MTABLEID, DATANAME, COLNUMBER, DATATYPE, DATASIZE, DATASCALE, UNIQUEVALUE, NULLABLE, INDEXES, DESCRIPTION, DATAID, RELEASEID, UNIQUEKEY, INCLUDESQL, COLTYPE ) values ( 'DC_E_CUDB:((3)):DC_E_CUDB_LDAP_OPS:RAW', 'OSS_ID', 1, 'varchar', 50, 0, 255, 0, 'HG', 'OSS Id', 'OSS_ID', 'DC_E_CUDB:((FINAL))', 1, 1, 'KEY' );
insert into Measurementcolumn ( MTABLEID, DATANAME, COLNUMBER, DATATYPE, DATASIZE, DATASCALE, UNIQUEVALUE, NULLABLE, INDEXES, DESCRIPTION, DATAID, RELEASEID, UNIQUEKEY, INCLUDESQL, COLTYPE ) values ( 'DC_E_CUDB:((3)):DC_E_CUDB_LDAP_OPS:RAW', 'PERIOD_DURATION', 61, 'unsigned int', 0, 0, 10, 1, '', '', 'PERIOD_DURATION', 'BASE_TP_090421', 0, 1, null );
insert into Measurementcolumn ( MTABLEID, DATANAME, COLNUMBER, DATATYPE, DATASIZE, DATASCALE, UNIQUEVALUE, NULLABLE, INDEXES, DESCRIPTION, DATAID, RELEASEID, UNIQUEKEY, INCLUDESQL, COLTYPE ) values ( 'DC_E_CUDB:((3)):DC_E_CUDB_LDAP_OPS:RAW', 'ROWSTATUS', 62, 'varchar', 16, 0, 10, 1, '', '', 'ROWSTATUS', 'BASE_TP_090421', 0, 1, null );
insert into Measurementcolumn ( MTABLEID, DATANAME, COLNUMBER, DATATYPE, DATASIZE, DATASCALE, UNIQUEVALUE, NULLABLE, INDEXES, DESCRIPTION, DATAID, RELEASEID, UNIQUEKEY, INCLUDESQL, COLTYPE ) values ( 'DC_E_CUDB:((3)):DC_E_CUDB_LDAP_OPS:RAW', 'SESSION_ID', 59, 'unsigned int', 0, 0, 255, 1, '', '', 'SESSION_ID', 'BASE_TP_090421', 0, 0, null );
insert into Measurementcolumn ( MTABLEID, DATANAME, COLNUMBER, DATATYPE, DATASIZE, DATASCALE, UNIQUEVALUE, NULLABLE, INDEXES, DESCRIPTION, DATAID, RELEASEID, UNIQUEKEY, INCLUDESQL, COLTYPE ) values ( 'DC_E_CUDB:((3)):DC_E_CUDB_LDAP_OPS:RAW', 'TIMELEVEL', 58, 'varchar', 10, 0, 10, 1, 'LF', '', 'TIMELEVEL', 'BASE_TP_090421', 0, 0, null );
insert into Measurementcolumn ( MTABLEID, DATANAME, COLNUMBER, DATATYPE, DATASIZE, DATASCALE, UNIQUEVALUE, NULLABLE, INDEXES, DESCRIPTION, DATAID, RELEASEID, UNIQUEKEY, INCLUDESQL, COLTYPE ) values ( 'DC_E_CUDB:((3)):DC_E_CUDB_LDAP_OPS:RAW', 'UTC_DATETIME_ID', 67, 'datetime', 0, 0, 255, 1, 'HG', '', 'UTC_DATETIME_ID', 'BASE_TP_090421', 1, 1, null );
insert into Measurementcolumn ( MTABLEID, DATANAME, COLNUMBER, DATATYPE, DATASIZE, DATASCALE, UNIQUEVALUE, NULLABLE, INDEXES, DESCRIPTION, DATAID, RELEASEID, UNIQUEKEY, INCLUDESQL, COLTYPE ) values ( 'DC_E_CUDB:((3)):DC_E_CUDB_LDAP_OPS:RAW', 'YEAR_ID', 52, 'smallint', 0, 0, 20, 1, 'LF', '', 'YEAR_ID', 'BASE_TP_090421', 0, 0, null );
insert into Measurementtable ( MTABLEID, TABLELEVEL, TYPEID, BASETABLENAME, DEFAULT_TEMPLATE, PARTITIONPLAN ) values ( 'DC_E_CUDB:((3)):DC_E_CUDB_LDAP_OPS:DAY', 'DAY', 'DC_E_CUDB:((3)):DC_E_CUDB_LDAP_OPS', 'DC_E_CUDB_LDAP_OPS_DAY', null, 'small_day' );
insert into Measurementcolumn ( MTABLEID, DATANAME, COLNUMBER, DATATYPE, DATASIZE, DATASCALE, UNIQUEVALUE, NULLABLE, INDEXES, DESCRIPTION, DATAID, RELEASEID, UNIQUEKEY, INCLUDESQL, COLTYPE ) values ( 'DC_E_CUDB:((3)):DC_E_CUDB_LDAP_OPS:DAY', 'AGG_COUNT', 57, 'smallint', 0, 0, 255, 1, '', '', 'AGG_COUNT', 'BASE_TP_090421', 0, 0, null );
insert into Measurementcolumn ( MTABLEID, DATANAME, COLNUMBER, DATATYPE, DATASIZE, DATASCALE, UNIQUEVALUE, NULLABLE, INDEXES, DESCRIPTION, DATAID, RELEASEID, UNIQUEKEY, INCLUDESQL, COLTYPE ) values ( 'DC_E_CUDB:((3)):DC_E_CUDB_LDAP_OPS:DAY', 'BATCH_ID', 60, 'smallint', 0, 0, 255, 1, '', '', 'BATCH_ID', 'BASE_TP_090421', 0, 0, null );
insert into Measurementcolumn ( MTABLEID, DATANAME, COLNUMBER, DATATYPE, DATASIZE, DATASCALE, UNIQUEVALUE, NULLABLE, INDEXES, DESCRIPTION, DATAID, RELEASEID, UNIQUEKEY, INCLUDESQL, COLTYPE ) values ( 'DC_E_CUDB:((3)):DC_E_CUDB_LDAP_OPS:DAY', 'DATACOVERAGE', 56, 'unsigned int', 0, 0, 255, 1, '', '', 'DATACOVERAGE', 'BASE_TP_090421', 0, 1, null );
insert into Measurementcolumn ( MTABLEID, DATANAME, COLNUMBER, DATATYPE, DATASIZE, DATASCALE, UNIQUEVALUE, NULLABLE, INDEXES, DESCRIPTION, DATAID, RELEASEID, UNIQUEKEY, INCLUDESQL, COLTYPE ) values ( 'DC_E_CUDB:((3)):DC_E_CUDB_LDAP_OPS:DAY', 'DATE_ID', 51, 'date', 0, 0, 255, 1, 'LF', '', 'DATE_ID', 'BASE_TP_090421', 1, 1, null );
insert into Measurementcolumn ( MTABLEID, DATANAME, COLNUMBER, DATATYPE, DATASIZE, DATASCALE, UNIQUEVALUE, NULLABLE, INDEXES, DESCRIPTION, DATAID, RELEASEID, UNIQUEKEY, INCLUDESQL, COLTYPE ) values ( 'DC_E_CUDB:((3)):DC_E_CUDB_LDAP_OPS:DAY', 'DAY_ID', 54, 'tinyint', 0, 0, 31, 1, 'LF', '', 'DAY_ID', 'BASE_TP_090421', 0, 0, null );
insert into Measurementcolumn ( MTABLEID, DATANAME, COLNUMBER, DATATYPE, DATASIZE, DATASCALE, UNIQUEVALUE, NULLABLE, INDEXES, DESCRIPTION, DATAID, RELEASEID, UNIQUEKEY, INCLUDESQL, COLTYPE ) values ( 'DC_E_CUDB:((3)):DC_E_CUDB_LDAP_OPS:DAY', 'DC_RELEASE', 63, 'varchar', 16, 0, 2, 1, 'LF', '', 'DC_RELEASE', 'BASE_TP_090421', 1, 1, null );
insert into Measurementcolumn ( MTABLEID, DATANAME, COLNUMBER, DATATYPE, DATASIZE, DATASCALE, UNIQUEVALUE, NULLABLE, INDEXES, DESCRIPTION, DATAID, RELEASEID, UNIQUEKEY, INCLUDESQL, COLTYPE ) values ( 'DC_E_CUDB:((3)):DC_E_CUDB_LDAP_OPS:DAY', 'DC_SOURCE', 64, 'varchar', 16, 0, 2, 1, 'LF', '', 'DC_SOURCE', 'BASE_TP_090421', 0, 1, null );
insert into Measurementcolumn ( MTABLEID, DATANAME, COLNUMBER, DATATYPE, DATASIZE, DATASCALE, UNIQUEVALUE, NULLABLE, INDEXES, DESCRIPTION, DATAID, RELEASEID, UNIQUEKEY, INCLUDESQL, COLTYPE ) values ( 'DC_E_CUDB:((3)):DC_E_CUDB_LDAP_OPS:DAY', 'DC_SUSPECTFLAG', 66, 'int', 0, 0, 2, 1, 'LF', '', 'DC_SUSPECTFLAG', 'BASE_TP_090421', 0, 1, null );
insert into Measurementcolumn ( MTABLEID, DATANAME, COLNUMBER, DATATYPE, DATASIZE, DATASCALE, UNIQUEVALUE, NULLABLE, INDEXES, DESCRIPTION, DATAID, RELEASEID, UNIQUEKEY, INCLUDESQL, COLTYPE ) values ( 'DC_E_CUDB:((3)):DC_E_CUDB_LDAP_OPS:DAY', 'DC_TIMEZONE', 65, 'varchar', 16, 0, 2, 1, 'LF', '', 'DC_TIMEZONE', 'BASE_TP_090421', 0, 1, null );
insert into Measurementcolumn ( MTABLEID, DATANAME, COLNUMBER, DATATYPE, DATASIZE, DATASCALE, UNIQUEVALUE, NULLABLE, INDEXES, DESCRIPTION, DATAID, RELEASEID, UNIQUEKEY, INCLUDESQL, COLTYPE ) values ( 'DC_E_CUDB:((3)):DC_E_CUDB_LDAP_OPS:DAY', 'LDAPOPS1', 101, 'numeric', 18, 8, 255, 1, '', 'Number of LDAP operations being carried out by LDAP server number 1.', 'LDAPOPS1', 'DC_E_CUDB:((FINAL))', 0, 1, 'COUNTER' );
insert into Measurementcolumn ( MTABLEID, DATANAME, COLNUMBER, DATATYPE, DATASIZE, DATASCALE, UNIQUEVALUE, NULLABLE, INDEXES, DESCRIPTION, DATAID, RELEASEID, UNIQUEKEY, INCLUDESQL, COLTYPE ) values ( 'DC_E_CUDB:((3)):DC_E_CUDB_LDAP_OPS:DAY', 'LDAPOPS10', 110, 'numeric', 18, 8, 255, 1, '', 'Number of LDAP operations being carried out by LDAP server number 10.', 'LDAPOPS10', 'DC_E_CUDB:((FINAL))', 0, 1, 'COUNTER' );
insert into Measurementcolumn ( MTABLEID, DATANAME, COLNUMBER, DATATYPE, DATASIZE, DATASCALE, UNIQUEVALUE, NULLABLE, INDEXES, DESCRIPTION, DATAID, RELEASEID, UNIQUEKEY, INCLUDESQL, COLTYPE ) values ( 'DC_E_CUDB:((3)):DC_E_CUDB_LDAP_OPS:DAY', 'LDAPOPS11', 111, 'numeric', 18, 8, 255, 1, '', 'Number of LDAP operations being carried out by LDAP server number 11.', 'LDAPOPS11', 'DC_E_CUDB:((FINAL))', 0, 1, 'COUNTER' );
insert into Measurementcolumn ( MTABLEID, DATANAME, COLNUMBER, DATATYPE, DATASIZE, DATASCALE, UNIQUEVALUE, NULLABLE, INDEXES, DESCRIPTION, DATAID, RELEASEID, UNIQUEKEY, INCLUDESQL, COLTYPE ) values ( 'DC_E_CUDB:((3)):DC_E_CUDB_LDAP_OPS:DAY', 'LDAPOPS12', 112, 'numeric', 18, 8, 255, 1, '', 'Number of LDAP operations being carried out by LDAP server number 12.', 'LDAPOPS12', 'DC_E_CUDB:((FINAL))', 0, 1, 'COUNTER' );
insert into Measurementcolumn ( MTABLEID, DATANAME, COLNUMBER, DATATYPE, DATASIZE, DATASCALE, UNIQUEVALUE, NULLABLE, INDEXES, DESCRIPTION, DATAID, RELEASEID, UNIQUEKEY, INCLUDESQL, COLTYPE ) values ( 'DC_E_CUDB:((3)):DC_E_CUDB_LDAP_OPS:DAY', 'LDAPOPS13', 113, 'numeric', 18, 8, 255, 1, '', 'Number of LDAP operations being carried out by LDAP server number 13.', 'LDAPOPS13', 'DC_E_CUDB:((FINAL))', 0, 1, 'COUNTER' );
insert into Measurementcolumn ( MTABLEID, DATANAME, COLNUMBER, DATATYPE, DATASIZE, DATASCALE, UNIQUEVALUE, NULLABLE, INDEXES, DESCRIPTION, DATAID, RELEASEID, UNIQUEKEY, INCLUDESQL, COLTYPE ) values ( 'DC_E_CUDB:((3)):DC_E_CUDB_LDAP_OPS:DAY', 'LDAPOPS14', 114, 'numeric', 18, 8, 255, 1, '', 'Number of LDAP operations being carried out by LDAP server number 14.', 'LDAPOPS14', 'DC_E_CUDB:((FINAL))', 0, 1, 'COUNTER' );
insert into Measurementcolumn ( MTABLEID, DATANAME, COLNUMBER, DATATYPE, DATASIZE, DATASCALE, UNIQUEVALUE, NULLABLE, INDEXES, DESCRIPTION, DATAID, RELEASEID, UNIQUEKEY, INCLUDESQL, COLTYPE ) values ( 'DC_E_CUDB:((3)):DC_E_CUDB_LDAP_OPS:DAY', 'LDAPOPS15', 115, 'numeric', 18, 8, 255, 1, '', 'Number of LDAP operations being carried out by LDAP server number 15.', 'LDAPOPS15', 'DC_E_CUDB:((FINAL))', 0, 1, 'COUNTER' );
insert into Measurementcolumn ( MTABLEID, DATANAME, COLNUMBER, DATATYPE, DATASIZE, DATASCALE, UNIQUEVALUE, NULLABLE, INDEXES, DESCRIPTION, DATAID, RELEASEID, UNIQUEKEY, INCLUDESQL, COLTYPE ) values ( 'DC_E_CUDB:((3)):DC_E_CUDB_LDAP_OPS:DAY', 'LDAPOPS16', 116, 'numeric', 18, 8, 255, 1, '', 'Number of LDAP operations being carried out by LDAP server number 16.', 'LDAPOPS16', 'DC_E_CUDB:((FINAL))', 0, 1, 'COUNTER' );
insert into Measurementcolumn ( MTABLEID, DATANAME, COLNUMBER, DATATYPE, DATASIZE, DATASCALE, UNIQUEVALUE, NULLABLE, INDEXES, DESCRIPTION, DATAID, RELEASEID, UNIQUEKEY, INCLUDESQL, COLTYPE ) values ( 'DC_E_CUDB:((3)):DC_E_CUDB_LDAP_OPS:DAY', 'LDAPOPS17', 117, 'numeric', 18, 8, 255, 1, '', 'Number of LDAP operations being carried out by LDAP server number 17.', 'LDAPOPS17', 'DC_E_CUDB:((FINAL))', 0, 1, 'COUNTER' );
insert into Measurementcolumn ( MTABLEID, DATANAME, COLNUMBER, DATATYPE, DATASIZE, DATASCALE, UNIQUEVALUE, NULLABLE, INDEXES, DESCRIPTION, DATAID, RELEASEID, UNIQUEKEY, INCLUDESQL, COLTYPE ) values ( 'DC_E_CUDB:((3)):DC_E_CUDB_LDAP_OPS:DAY', 'LDAPOPS18', 118, 'numeric', 18, 8, 255, 1, '', 'Number of LDAP operations being carried out by LDAP server number 18.', 'LDAPOPS18', 'DC_E_CUDB:((FINAL))', 0, 1, 'COUNTER' );
insert into Measurementcolumn ( MTABLEID, DATANAME, COLNUMBER, DATATYPE, DATASIZE, DATASCALE, UNIQUEVALUE, NULLABLE, INDEXES, DESCRIPTION, DATAID, RELEASEID, UNIQUEKEY, INCLUDESQL, COLTYPE ) values ( 'DC_E_CUDB:((3)):DC_E_CUDB_LDAP_OPS:DAY', 'LDAPOPS2', 102, 'numeric', 18, 8, 255, 1, '', 'Number of LDAP operations being carried out by LDAP server number 2.', 'LDAPOPS2', 'DC_E_CUDB:((FINAL))', 0, 1, 'COUNTER' );
insert into Measurementcolumn ( MTABLEID, DATANAME, COLNUMBER, DATATYPE, DATASIZE, DATASCALE, UNIQUEVALUE, NULLABLE, INDEXES, DESCRIPTION, DATAID, RELEASEID, UNIQUEKEY, INCLUDESQL, COLTYPE ) values ( 'DC_E_CUDB:((3)):DC_E_CUDB_LDAP_OPS:DAY', 'LDAPOPS3', 103, 'numeric', 18, 8, 255, 1, '', 'Number of LDAP operations being carried out by LDAP server number 3.', 'LDAPOPS3', 'DC_E_CUDB:((FINAL))', 0, 1, 'COUNTER' );
insert into Measurementcolumn ( MTABLEID, DATANAME, COLNUMBER, DATATYPE, DATASIZE, DATASCALE, UNIQUEVALUE, NULLABLE, INDEXES, DESCRIPTION, DATAID, RELEASEID, UNIQUEKEY, INCLUDESQL, COLTYPE ) values ( 'DC_E_CUDB:((3)):DC_E_CUDB_LDAP_OPS:DAY', 'LDAPOPS4', 104, 'numeric', 18, 8, 255, 1, '', 'Number of LDAP operations being carried out by LDAP server number 4.', 'LDAPOPS4', 'DC_E_CUDB:((FINAL))', 0, 1, 'COUNTER' );
insert into Measurementcolumn ( MTABLEID, DATANAME, COLNUMBER, DATATYPE, DATASIZE, DATASCALE, UNIQUEVALUE, NULLABLE, INDEXES, DESCRIPTION, DATAID, RELEASEID, UNIQUEKEY, INCLUDESQL, COLTYPE ) values ( 'DC_E_CUDB:((3)):DC_E_CUDB_LDAP_OPS:DAY', 'LDAPOPS5', 105, 'numeric', 18, 8, 255, 1, '', 'Number of LDAP operations being carried out by LDAP server number 5.', 'LDAPOPS5', 'DC_E_CUDB:((FINAL))', 0, 1, 'COUNTER' );
insert into Measurementcolumn ( MTABLEID, DATANAME, COLNUMBER, DATATYPE, DATASIZE, DATASCALE, UNIQUEVALUE, NULLABLE, INDEXES, DESCRIPTION, DATAID, RELEASEID, UNIQUEKEY, INCLUDESQL, COLTYPE ) values ( 'DC_E_CUDB:((3)):DC_E_CUDB_LDAP_OPS:DAY', 'LDAPOPS6', 106, 'numeric', 18, 8, 255, 1, '', 'Number of LDAP operations being carried out by LDAP server number 6.', 'LDAPOPS6', 'DC_E_CUDB:((FINAL))', 0, 1, 'COUNTER' );
insert into Measurementcolumn ( MTABLEID, DATANAME, COLNUMBER, DATATYPE, DATASIZE, DATASCALE, UNIQUEVALUE, NULLABLE, INDEXES, DESCRIPTION, DATAID, RELEASEID, UNIQUEKEY, INCLUDESQL, COLTYPE ) values ( 'DC_E_CUDB:((3)):DC_E_CUDB_LDAP_OPS:DAY', 'LDAPOPS7', 107, 'numeric', 18, 8, 255, 1, '', 'Number of LDAP operations being carried out by LDAP server number 7.', 'LDAPOPS7', 'DC_E_CUDB:((FINAL))', 0, 1, 'COUNTER' );
insert into Measurementcolumn ( MTABLEID, DATANAME, COLNUMBER, DATATYPE, DATASIZE, DATASCALE, UNIQUEVALUE, NULLABLE, INDEXES, DESCRIPTION, DATAID, RELEASEID, UNIQUEKEY, INCLUDESQL, COLTYPE ) values ( 'DC_E_CUDB:((3)):DC_E_CUDB_LDAP_OPS:DAY', 'LDAPOPS8', 108, 'numeric', 18, 8, 255, 1, '', 'Number of LDAP operations being carried out by LDAP server number 8.', 'LDAPOPS8', 'DC_E_CUDB:((FINAL))', 0, 1, 'COUNTER' );
insert into Measurementcolumn ( MTABLEID, DATANAME, COLNUMBER, DATATYPE, DATASIZE, DATASCALE, UNIQUEVALUE, NULLABLE, INDEXES, DESCRIPTION, DATAID, RELEASEID, UNIQUEKEY, INCLUDESQL, COLTYPE ) values ( 'DC_E_CUDB:((3)):DC_E_CUDB_LDAP_OPS:DAY', 'LDAPOPS9', 109, 'numeric', 18, 8, 255, 1, '', 'Number of LDAP operations being carried out by LDAP server number 9.', 'LDAPOPS9', 'DC_E_CUDB:((FINAL))', 0, 1, 'COUNTER' );
insert into Measurementcolumn ( MTABLEID, DATANAME, COLNUMBER, DATATYPE, DATASIZE, DATASCALE, UNIQUEVALUE, NULLABLE, INDEXES, DESCRIPTION, DATAID, RELEASEID, UNIQUEKEY, INCLUDESQL, COLTYPE ) values ( 'DC_E_CUDB:((3)):DC_E_CUDB_LDAP_OPS:DAY', 'MONTH_ID', 53, 'tinyint', 0, 0, 12, 1, 'LF', '', 'MONTH_ID', 'BASE_TP_090421', 0, 0, null );
insert into Measurementcolumn ( MTABLEID, DATANAME, COLNUMBER, DATATYPE, DATASIZE, DATASCALE, UNIQUEVALUE, NULLABLE, INDEXES, DESCRIPTION, DATAID, RELEASEID, UNIQUEKEY, INCLUDESQL, COLTYPE ) values ( 'DC_E_CUDB:((3)):DC_E_CUDB_LDAP_OPS:DAY', 'NE_ID', 2, 'varchar', 35, 0, 255, 0, 'HG', 'Network Element Id', 'NE_ID', 'DC_E_CUDB:((FINAL))', 1, 1, 'KEY' );
insert into Measurementcolumn ( MTABLEID, DATANAME, COLNUMBER, DATATYPE, DATASIZE, DATASCALE, UNIQUEVALUE, NULLABLE, INDEXES, DESCRIPTION, DATAID, RELEASEID, UNIQUEKEY, INCLUDESQL, COLTYPE ) values ( 'DC_E_CUDB:((3)):DC_E_CUDB_LDAP_OPS:DAY', 'OSS_ID', 1, 'varchar', 50, 0, 255, 0, 'HG', 'OSS Id', 'OSS_ID', 'DC_E_CUDB:((FINAL))', 1, 1, 'KEY' );
insert into Measurementcolumn ( MTABLEID, DATANAME, COLNUMBER, DATATYPE, DATASIZE, DATASCALE, UNIQUEVALUE, NULLABLE, INDEXES, DESCRIPTION, DATAID, RELEASEID, UNIQUEKEY, INCLUDESQL, COLTYPE ) values ( 'DC_E_CUDB:((3)):DC_E_CUDB_LDAP_OPS:DAY', 'PERIOD_DURATION', 61, 'unsigned int', 0, 0, 10, 1, '', '', 'PERIOD_DURATION', 'BASE_TP_090421', 0, 1, null );
insert into Measurementcolumn ( MTABLEID, DATANAME, COLNUMBER, DATATYPE, DATASIZE, DATASCALE, UNIQUEVALUE, NULLABLE, INDEXES, DESCRIPTION, DATAID, RELEASEID, UNIQUEKEY, INCLUDESQL, COLTYPE ) values ( 'DC_E_CUDB:((3)):DC_E_CUDB_LDAP_OPS:DAY', 'ROWSTATUS', 62, 'varchar', 16, 0, 10, 1, '', '', 'ROWSTATUS', 'BASE_TP_090421', 0, 1, null );
insert into Measurementcolumn ( MTABLEID, DATANAME, COLNUMBER, DATATYPE, DATASIZE, DATASCALE, UNIQUEVALUE, NULLABLE, INDEXES, DESCRIPTION, DATAID, RELEASEID, UNIQUEKEY, INCLUDESQL, COLTYPE ) values ( 'DC_E_CUDB:((3)):DC_E_CUDB_LDAP_OPS:DAY', 'SESSION_ID', 59, 'unsigned int', 0, 0, 255, 1, '', '', 'SESSION_ID', 'BASE_TP_090421', 0, 0, null );
insert into Measurementcolumn ( MTABLEID, DATANAME, COLNUMBER, DATATYPE, DATASIZE, DATASCALE, UNIQUEVALUE, NULLABLE, INDEXES, DESCRIPTION, DATAID, RELEASEID, UNIQUEKEY, INCLUDESQL, COLTYPE ) values ( 'DC_E_CUDB:((3)):DC_E_CUDB_LDAP_OPS:DAY', 'TIMELEVEL', 58, 'varchar', 10, 0, 10, 1, 'LF', '', 'TIMELEVEL', 'BASE_TP_090421', 0, 0, null );
insert into Measurementcolumn ( MTABLEID, DATANAME, COLNUMBER, DATATYPE, DATASIZE, DATASCALE, UNIQUEVALUE, NULLABLE, INDEXES, DESCRIPTION, DATAID, RELEASEID, UNIQUEKEY, INCLUDESQL, COLTYPE ) values ( 'DC_E_CUDB:((3)):DC_E_CUDB_LDAP_OPS:DAY', 'WEEK_ID', 55, 'tinyint', 0, 0, 53, 1, 'LF', '', 'WEEK_ID', 'BASE_TP_090421', 0, 0, null );
insert into Measurementcolumn ( MTABLEID, DATANAME, COLNUMBER, DATATYPE, DATASIZE, DATASCALE, UNIQUEVALUE, NULLABLE, INDEXES, DESCRIPTION, DATAID, RELEASEID, UNIQUEKEY, INCLUDESQL, COLTYPE ) values ( 'DC_E_CUDB:((3)):DC_E_CUDB_LDAP_OPS:DAY', 'YEAR_ID', 52, 'smallint', 0, 0, 20, 1, 'LF', '', 'YEAR_ID', 'BASE_TP_090421', 0, 0, null );
insert into Techpackdependency ( VERSIONID, TECHPACKNAME, VERSION ) values ( 'DC_E_CUDB:((3))', 'DWH_BASE', 'R2E' );
insert into Techpackdependency ( VERSIONID, TECHPACKNAME, VERSION ) values ( 'DC_E_CUDB:((3))', 'DWH_MONITOR', 'R2D' );
insert into Techpackdependency ( VERSIONID, TECHPACKNAME, VERSION ) values ( 'DC_E_CUDB:((3))', 'DIM_E_CN', 'R20A' );
insert into Universeclass ( VERSIONID, CLASSNAME, UNIVERSEEXTENSION, DESCRIPTION, PARENT, OBJ_BH_REL, ELEM_BH_REL, INHERITANCE, ORDERNRO ) values ( 'DC_E_CUDB:((3))', 'CUDB', 'ALL', 'CUDB Topology', 'Topology', null, null, null, 0 );
insert into Universeclass ( VERSIONID, CLASSNAME, UNIVERSEEXTENSION, DESCRIPTION, PARENT, OBJ_BH_REL, ELEM_BH_REL, INHERITANCE, ORDERNRO ) values ( 'DC_E_CUDB:((3))', 'DC_E_CUDB_ACTCONN_Keys', 'ALL', 'Keys for DC_E_CUDB_ACTCONN', 'DC_E_CUDB_ACTCONN', 0, 0, 0, 9223372036854775807 );
insert into Universeclass ( VERSIONID, CLASSNAME, UNIVERSEEXTENSION, DESCRIPTION, PARENT, OBJ_BH_REL, ELEM_BH_REL, INHERITANCE, ORDERNRO ) values ( 'DC_E_CUDB:((3))', 'DC_E_CUDB_ALLBSG_Keys', 'ALL', 'Keys for DC_E_CUDB_ALLBSG', 'DC_E_CUDB_ALLBSG', 0, 0, 0, 9223372036854775807 );
insert into Universeclass ( VERSIONID, CLASSNAME, UNIVERSEEXTENSION, DESCRIPTION, PARENT, OBJ_BH_REL, ELEM_BH_REL, INHERITANCE, ORDERNRO ) values ( 'DC_E_CUDB:((3))', 'DC_E_CUDB_ASYNCR_Keys', 'ALL', 'Keys for DC_E_CUDB_ASYNCR', 'DC_E_CUDB_ASYNCR', 0, 0, 0, 9223372036854775807 );
insert into Universeclass ( VERSIONID, CLASSNAME, UNIVERSEEXTENSION, DESCRIPTION, PARENT, OBJ_BH_REL, ELEM_BH_REL, INHERITANCE, ORDERNRO ) values ( 'DC_E_CUDB:((3))', 'DC_E_CUDB_AUCSUBS_Keys', 'ALL', 'Keys for DC_E_CUDB_AUCSUBS', 'DC_E_CUDB_AUCSUBS', 0, 0, 0, 9223372036854775807 );
insert into Universeclass ( VERSIONID, CLASSNAME, UNIVERSEEXTENSION, DESCRIPTION, PARENT, OBJ_BH_REL, ELEM_BH_REL, INHERITANCE, ORDERNRO ) values ( 'DC_E_CUDB:((3))', 'DC_E_CUDB_AUXSPEE_Keys', 'ALL', 'Keys for DC_E_CUDB_AUXSPEE', 'DC_E_CUDB_AUXSPEE', 0, 0, 0, 9223372036854775807 );
insert into Universeclass ( VERSIONID, CLASSNAME, UNIVERSEEXTENSION, DESCRIPTION, PARENT, OBJ_BH_REL, ELEM_BH_REL, INHERITANCE, ORDERNRO ) values ( 'DC_E_CUDB:((3))', 'DC_E_CUDB_CLUSTER_Keys', 'ALL', 'Keys for DC_E_CUDB_CLUSTER', 'DC_E_CUDB_CLUSTER', 0, 0, 0, 9223372036854775807 );
insert into Universeclass ( VERSIONID, CLASSNAME, UNIVERSEEXTENSION, DESCRIPTION, PARENT, OBJ_BH_REL, ELEM_BH_REL, INHERITANCE, ORDERNRO ) values ( 'DC_E_CUDB:((3))', 'DC_E_CUDB_CUGBSG_Keys', 'ALL', 'Keys for DC_E_CUDB_CUGBSG', 'DC_E_CUDB_CUGBSG', 0, 0, 0, 9223372036854775807 );
insert into Universeclass ( VERSIONID, CLASSNAME, UNIVERSEEXTENSION, DESCRIPTION, PARENT, OBJ_BH_REL, ELEM_BH_REL, INHERITANCE, ORDERNRO ) values ( 'DC_E_CUDB:((3))', 'DC_E_CUDB_ELEMBH_Keys', 'ALL', 'Keys for DC_E_CUDB_ELEMBH', 'DC_E_CUDB_ELEMBH', 0, 0, 0, 9223372036854775807 );
insert into Universeclass ( VERSIONID, CLASSNAME, UNIVERSEEXTENSION, DESCRIPTION, PARENT, OBJ_BH_REL, ELEM_BH_REL, INHERITANCE, ORDERNRO ) values ( 'DC_E_CUDB:((3))', 'DC_E_CUDB_FACSIM_Keys', 'ALL', 'Keys for DC_E_CUDB_FACSIM', 'DC_E_CUDB_FACSIM', 0, 0, 0, 9223372036854775807 );
insert into Universeclass ( VERSIONID, CLASSNAME, UNIVERSEEXTENSION, DESCRIPTION, PARENT, OBJ_BH_REL, ELEM_BH_REL, INHERITANCE, ORDERNRO ) values ( 'DC_E_CUDB:((3))', 'DC_E_CUDB_HLRSUBS_Keys', 'ALL', 'Keys for DC_E_CUDB_HLRSUBS', 'DC_E_CUDB_HLRSUBS', 0, 0, 0, 9223372036854775807 );
insert into Universeclass ( VERSIONID, CLASSNAME, UNIVERSEEXTENSION, DESCRIPTION, PARENT, OBJ_BH_REL, ELEM_BH_REL, INHERITANCE, ORDERNRO ) values ( 'DC_E_CUDB:((3))', 'DC_E_CUDB_LDAP_OPS_Keys', 'ALL', 'Keys for DC_E_CUDB_LDAP_OPS', 'DC_E_CUDB_LDAP_OPS', 0, 0, 0, 9223372036854775807 );
insert into Universeclass ( VERSIONID, CLASSNAME, UNIVERSEEXTENSION, DESCRIPTION, PARENT, OBJ_BH_REL, ELEM_BH_REL, INHERITANCE, ORDERNRO ) values ( 'DC_E_CUDB:((3))', 'DC_E_CUDB_LOCSUBS_Keys', 'ALL', 'Keys for DC_E_CUDB_LOCSUBS', 'DC_E_CUDB_LOCSUBS', 0, 0, 0, 9223372036854775807 );
insert into Universeclass ( VERSIONID, CLASSNAME, UNIVERSEEXTENSION, DESCRIPTION, PARENT, OBJ_BH_REL, ELEM_BH_REL, INHERITANCE, ORDERNRO ) values ( 'DC_E_CUDB:((3))', 'DC_E_CUDB_MEMORYUSE_Keys', 'ALL', 'Keys for DC_E_CUDB_MEMORYUSE', 'DC_E_CUDB_MEMORYUSE', 0, 0, 0, 9223372036854775807 );
insert into Universeclass ( VERSIONID, CLASSNAME, UNIVERSEEXTENSION, DESCRIPTION, PARENT, OBJ_BH_REL, ELEM_BH_REL, INHERITANCE, ORDERNRO ) values ( 'DC_E_CUDB:((3))', 'DC_E_CUDB_NAMSUBS_Keys', 'ALL', 'Keys for DC_E_CUDB_NAMSUBS', 'DC_E_CUDB_NAMSUBS', 0, 0, 0, 9223372036854775807 );
insert into Universeclass ( VERSIONID, CLASSNAME, UNIVERSEEXTENSION, DESCRIPTION, PARENT, OBJ_BH_REL, ELEM_BH_REL, INHERITANCE, ORDERNRO ) values ( 'DC_E_CUDB:((3))', 'DC_E_CUDB_NEWCONN_Keys', 'ALL', 'Keys for DC_E_CUDB_NEWCONN', 'DC_E_CUDB_NEWCONN', 0, 0, 0, 9223372036854775807 );
insert into Universeclass ( VERSIONID, CLASSNAME, UNIVERSEEXTENSION, DESCRIPTION, PARENT, OBJ_BH_REL, ELEM_BH_REL, INHERITANCE, ORDERNRO ) values ( 'DC_E_CUDB:((3))', 'DC_E_CUDB_PDPDEF_Keys', 'ALL', 'Keys for DC_E_CUDB_PDPDEF', 'DC_E_CUDB_PDPDEF', 0, 0, 0, 9223372036854775807 );
insert into Universeclass ( VERSIONID, CLASSNAME, UNIVERSEEXTENSION, DESCRIPTION, PARENT, OBJ_BH_REL, ELEM_BH_REL, INHERITANCE, ORDERNRO ) values ( 'DC_E_CUDB:((3))', 'DC_E_CUDB_PLMNSUB_Keys', 'ALL', 'Keys for DC_E_CUDB_PLMNSUB', 'DC_E_CUDB_PLMNSUB', 0, 0, 0, 9223372036854775807 );
insert into Universeclass ( VERSIONID, CLASSNAME, UNIVERSEEXTENSION, DESCRIPTION, PARENT, OBJ_BH_REL, ELEM_BH_REL, INHERITANCE, ORDERNRO ) values ( 'DC_E_CUDB:((3))', 'DC_E_CUDB_RSASUBS_Keys', 'ALL', 'Keys for DC_E_CUDB_RSASUBS', 'DC_E_CUDB_RSASUBS', 0, 0, 0, 9223372036854775807 );
insert into Universeclass ( VERSIONID, CLASSNAME, UNIVERSEEXTENSION, DESCRIPTION, PARENT, OBJ_BH_REL, ELEM_BH_REL, INHERITANCE, ORDERNRO ) values ( 'DC_E_CUDB:((3))', 'DC_E_CUDB_SERVFEAT_Keys', 'ALL', 'Keys for DC_E_CUDB_SERVFEAT', 'DC_E_CUDB_SERVFEAT', 0, 0, 0, 9223372036854775807 );
insert into Universeclass ( VERSIONID, CLASSNAME, UNIVERSEEXTENSION, DESCRIPTION, PARENT, OBJ_BH_REL, ELEM_BH_REL, INHERITANCE, ORDERNRO ) values ( 'DC_E_CUDB:((3))', 'DC_E_CUDB_SMS_Keys', 'ALL', 'Keys for DC_E_CUDB_SMS', 'DC_E_CUDB_SMS', 0, 0, 0, 9223372036854775807 );
insert into Universeclass ( VERSIONID, CLASSNAME, UNIVERSEEXTENSION, DESCRIPTION, PARENT, OBJ_BH_REL, ELEM_BH_REL, INHERITANCE, ORDERNRO ) values ( 'DC_E_CUDB:((3))', 'DC_E_CUDB_SPEECH_Keys', 'ALL', 'Keys for DC_E_CUDB_SPEECH', 'DC_E_CUDB_SPEECH', 0, 0, 0, 9223372036854775807 );
insert into Universeclass ( VERSIONID, CLASSNAME, UNIVERSEEXTENSION, DESCRIPTION, PARENT, OBJ_BH_REL, ELEM_BH_REL, INHERITANCE, ORDERNRO ) values ( 'DC_E_CUDB:((3))', 'DC_E_CUDB_SYNCRO_Keys', 'ALL', 'Keys for DC_E_CUDB_SYNCRO', 'DC_E_CUDB_SYNCRO', 0, 0, 0, 9223372036854775807 );
insert into Universeclass ( VERSIONID, CLASSNAME, UNIVERSEEXTENSION, DESCRIPTION, PARENT, OBJ_BH_REL, ELEM_BH_REL, INHERITANCE, ORDERNRO ) values ( 'DC_E_CUDB:((3))', 'SITE', 'ALL', 'Site topology', 'Topology', null, null, null, 1 );
insert into Verificationobject ( VERSIONID, MEASTYPE, MEASLEVEL, OBJECTCLASS, OBJECTNAME ) values ( 'DC_E_CUDB:((3))', 'All', 'DAYBH_DAY', 'Busy Hour', 'Busy Hour' );
insert into Verificationobject ( VERSIONID, MEASTYPE, MEASLEVEL, OBJECTCLASS, OBJECTNAME ) values ( 'DC_E_CUDB:((3))', 'All', 'DAYBH_DAY', 'Time', 'Date' );
insert into Verificationobject ( VERSIONID, MEASTYPE, MEASLEVEL, OBJECTCLASS, OBJECTNAME ) values ( 'DC_E_CUDB:((3))', 'All', 'DAYBH_RAW', 'Time', 'Date' );
insert into Verificationobject ( VERSIONID, MEASTYPE, MEASLEVEL, OBJECTCLASS, OBJECTNAME ) values ( 'DC_E_CUDB:((3))', 'All', 'DAYBH_RAW', 'Time', 'Hour' );
insert into Verificationobject ( VERSIONID, MEASTYPE, MEASLEVEL, OBJECTCLASS, OBJECTNAME ) values ( 'DC_E_CUDB:((3))', 'All', 'ELEM_DAY', 'Busy Hour', 'Busy Hour' );
insert into Verificationobject ( VERSIONID, MEASTYPE, MEASLEVEL, OBJECTCLASS, OBJECTNAME ) values ( 'DC_E_CUDB:((3))', 'All', 'ELEM_DAY', 'Element (Busy Hour)', 'Element Name' );
insert into Verificationobject ( VERSIONID, MEASTYPE, MEASLEVEL, OBJECTCLASS, OBJECTNAME ) values ( 'DC_E_CUDB:((3))', 'All', 'ELEM_DAY', 'Time', 'Date' );
insert into Verificationobject ( VERSIONID, MEASTYPE, MEASLEVEL, OBJECTCLASS, OBJECTNAME ) values ( 'DC_E_CUDB:((3))', 'All', 'ELEM_RAW', 'CUDB', 'NE Id' );
insert into Verificationobject ( VERSIONID, MEASTYPE, MEASLEVEL, OBJECTCLASS, OBJECTNAME ) values ( 'DC_E_CUDB:((3))', 'All', 'ELEM_RAW', 'Time', 'Date' );
insert into Verificationobject ( VERSIONID, MEASTYPE, MEASLEVEL, OBJECTCLASS, OBJECTNAME ) values ( 'DC_E_CUDB:((3))', 'All', 'ELEM_RAW', 'Time', 'Hour' );
insert into Verificationobject ( VERSIONID, MEASTYPE, MEASLEVEL, OBJECTCLASS, OBJECTNAME ) values ( 'DC_E_CUDB:((3))', 'All', 'TOTAL_DAY', 'Time', 'Date' );
insert into Verificationobject ( VERSIONID, MEASTYPE, MEASLEVEL, OBJECTCLASS, OBJECTNAME ) values ( 'DC_E_CUDB:((3))', 'All', 'TOTAL_RAW', 'Time', 'Date' );
insert into Verificationobject ( VERSIONID, MEASTYPE, MEASLEVEL, OBJECTCLASS, OBJECTNAME ) values ( 'DC_E_CUDB:((3))', 'All', 'TOTAL_RAW', 'Time', 'Hour' );
insert into Verificationobject ( VERSIONID, MEASTYPE, MEASLEVEL, OBJECTCLASS, OBJECTNAME ) values ( 'DC_E_CUDB:((3))', 'All', 'TOTAL_RAW', 'Time', 'Min' );
insert into Verificationcondition ( VERSIONID, FACTTABLE, VERLEVEL, CONDITIONCLASS, VERCONDITION, PROMPTNAME1, PROMPTVALUE1, PROMPTNAME2, PROMPTVALUE2, OBJECTCONDITION, PROMPTNAME3, PROMPTVALUE3 ) values ( 'DC_E_CUDB:((3))', 'All', 'DAYBH', 'Aggregation Selection', 'Select First Date', 'Date', '38991', 'Date', '38991', '', '', '' );
insert into Verificationcondition ( VERSIONID, FACTTABLE, VERLEVEL, CONDITIONCLASS, VERCONDITION, PROMPTNAME1, PROMPTVALUE1, PROMPTNAME2, PROMPTVALUE2, OBJECTCONDITION, PROMPTNAME3, PROMPTVALUE3 ) values ( 'DC_E_CUDB:((3))', 'All', 'DAYBH', 'Aggregation Selection', 'Select Summary Level', 'Summary Level', 'DAY', '', '', '', '', '' );
insert into Verificationcondition ( VERSIONID, FACTTABLE, VERLEVEL, CONDITIONCLASS, VERCONDITION, PROMPTNAME1, PROMPTVALUE1, PROMPTNAME2, PROMPTVALUE2, OBJECTCONDITION, PROMPTNAME3, PROMPTVALUE3 ) values ( 'DC_E_CUDB:((3))', 'All', 'DAYBH', 'Aggregation Selection', 'Select Summary Level BH', 'Summary Level', 'DAY', '', '', '', '', '' );
insert into Verificationcondition ( VERSIONID, FACTTABLE, VERLEVEL, CONDITIONCLASS, VERCONDITION, PROMPTNAME1, PROMPTVALUE1, PROMPTNAME2, PROMPTVALUE2, OBJECTCONDITION, PROMPTNAME3, PROMPTVALUE3 ) values ( 'DC_E_CUDB:((3))', 'All', 'DAYBH_RAW', 'General', 'Select Filter', 'Select Filter(s)', 'DUPLICATE;SUSPECTED', '', '', '', '', '' );
insert into Verificationcondition ( VERSIONID, FACTTABLE, VERLEVEL, CONDITIONCLASS, VERCONDITION, PROMPTNAME1, PROMPTVALUE1, PROMPTNAME2, PROMPTVALUE2, OBJECTCONDITION, PROMPTNAME3, PROMPTVALUE3 ) values ( 'DC_E_CUDB:((3))', 'All', 'DAYBH_RAW', 'Selection', 'Date Between Date1 and Date2', 'First Date', '38991', 'Last Date', '38991', '', '', '' );
insert into Verificationcondition ( VERSIONID, FACTTABLE, VERLEVEL, CONDITIONCLASS, VERCONDITION, PROMPTNAME1, PROMPTVALUE1, PROMPTNAME2, PROMPTVALUE2, OBJECTCONDITION, PROMPTNAME3, PROMPTVALUE3 ) values ( 'DC_E_CUDB:((3))', 'All', 'ELEMBH_DAY', 'Busy Hour', 'Select Element Busy Hour Type', 'Element Busy Hour Type', '-', '', '', '', '', '' );
insert into Verificationcondition ( VERSIONID, FACTTABLE, VERLEVEL, CONDITIONCLASS, VERCONDITION, PROMPTNAME1, PROMPTVALUE1, PROMPTNAME2, PROMPTVALUE2, OBJECTCONDITION, PROMPTNAME3, PROMPTVALUE3 ) values ( 'DC_E_CUDB:((3))', 'All', 'ELEMBH_DAY', 'Element (Busy Hour)', 'Select Element Name', 'Select Element Name', '-', '', '', '', '', '' );
insert into Verificationcondition ( VERSIONID, FACTTABLE, VERLEVEL, CONDITIONCLASS, VERCONDITION, PROMPTNAME1, PROMPTVALUE1, PROMPTNAME2, PROMPTVALUE2, OBJECTCONDITION, PROMPTNAME3, PROMPTVALUE3 ) values ( 'DC_E_CUDB:((3))', 'All', 'ELEMBH_RAW', 'CUDB', 'Select NE Id', 'Select NE Id', '-', '', '', '', '', '' );
insert into Verificationcondition ( VERSIONID, FACTTABLE, VERLEVEL, CONDITIONCLASS, VERCONDITION, PROMPTNAME1, PROMPTVALUE1, PROMPTNAME2, PROMPTVALUE2, OBJECTCONDITION, PROMPTNAME3, PROMPTVALUE3 ) values ( 'DC_E_CUDB:((3))', 'All', 'ELEMBH_RAW', 'General', 'Select Filter', 'Select Filter(s)', 'DUPLICATE;SUSPECTED', '', '', '', '', '' );
insert into Verificationcondition ( VERSIONID, FACTTABLE, VERLEVEL, CONDITIONCLASS, VERCONDITION, PROMPTNAME1, PROMPTVALUE1, PROMPTNAME2, PROMPTVALUE2, OBJECTCONDITION, PROMPTNAME3, PROMPTVALUE3 ) values ( 'DC_E_CUDB:((3))', 'All', 'TOPOLOGY', 'CUDB', 'Select NE Id', 'Select NE Id', '-', '', '', '', '', '' );
insert into Verificationcondition ( VERSIONID, FACTTABLE, VERLEVEL, CONDITIONCLASS, VERCONDITION, PROMPTNAME1, PROMPTVALUE1, PROMPTNAME2, PROMPTVALUE2, OBJECTCONDITION, PROMPTNAME3, PROMPTVALUE3 ) values ( 'DC_E_CUDB:((3))', 'All', 'TOTAL_DAY', 'Selection', 'Select Date', 'Date', '38991', '', '', '', '', '' );
insert into Verificationcondition ( VERSIONID, FACTTABLE, VERLEVEL, CONDITIONCLASS, VERCONDITION, PROMPTNAME1, PROMPTVALUE1, PROMPTNAME2, PROMPTVALUE2, OBJECTCONDITION, PROMPTNAME3, PROMPTVALUE3 ) values ( 'DC_E_CUDB:((3))', 'All', 'TOTAL_RAW', 'General', 'Select Filter', 'Select Filter(s)', 'DUPLICATE;SUSPECTED', '', '', '', '', '' );
insert into Verificationcondition ( VERSIONID, FACTTABLE, VERLEVEL, CONDITIONCLASS, VERCONDITION, PROMPTNAME1, PROMPTVALUE1, PROMPTNAME2, PROMPTVALUE2, OBJECTCONDITION, PROMPTNAME3, PROMPTVALUE3 ) values ( 'DC_E_CUDB:((3))', 'All', 'TOTAL_RAW', 'Selection', 'Select Date', 'Date', '38991', '', '', '', '', '' );
insert into Universetable ( VERSIONID, TABLENAME, UNIVERSEEXTENSION, OWNER, ALIAS, OBJ_BH_REL, ELEM_BH_REL, INHERITANCE, ORDERNRO ) values ( 'DC_E_CUDB:((3))', 'DIM_E_CN_CUDB', 'ALL', 'DC', '', null, null, null, null );
insert into Universetable ( VERSIONID, TABLENAME, UNIVERSEEXTENSION, OWNER, ALIAS, OBJ_BH_REL, ELEM_BH_REL, INHERITANCE, ORDERNRO ) values ( 'DC_E_CUDB:((3))', 'DIM_E_CN_SITE', 'ALL', 'DC', '', null, null, null, null );
insert into Universejoin ( VERSIONID, SOURCETABLE, SOURCELEVEL, SOURCECOLUMN, TARGETTABLE, TARGETLEVEL, TARGETCOLUMN, EXPRESSION, CARDINALITY, CONTEXT, EXCLUDEDCONTEXTS, TMPCOUNTER, ORDERNRO ) values ( 'DC_E_CUDB:((3))', 'All', 'All', 'NE_ID', 'DC.DIM_E_CN_CUDB', '', 'NE_ID', '', 'n_to_1', '', '', 1367, null );
insert into Universejoin ( VERSIONID, SOURCETABLE, SOURCELEVEL, SOURCECOLUMN, TARGETTABLE, TARGETLEVEL, TARGETCOLUMN, EXPRESSION, CARDINALITY, CONTEXT, EXCLUDEDCONTEXTS, TMPCOUNTER, ORDERNRO ) values ( 'DC_E_CUDB:((3))', 'All', 'All', 'OSS_ID', 'DC.DIM_E_CN_CUDB', '', 'OSS_ID', '', 'n_to_1', '', '', 1368, null );
insert into Universejoin ( VERSIONID, SOURCETABLE, SOURCELEVEL, SOURCECOLUMN, TARGETTABLE, TARGETLEVEL, TARGETCOLUMN, EXPRESSION, CARDINALITY, CONTEXT, EXCLUDEDCONTEXTS, TMPCOUNTER, ORDERNRO ) values ( 'DC_E_CUDB:((3))', 'DC.DIM_E_CN_CUDB', '', 'OSS_ID', 'DC.DIM_E_CN_SITE', '', 'OSS_ID', '', '1_to_1', 'All', '', 1369, null );
insert into Universejoin ( VERSIONID, SOURCETABLE, SOURCELEVEL, SOURCECOLUMN, TARGETTABLE, TARGETLEVEL, TARGETCOLUMN, EXPRESSION, CARDINALITY, CONTEXT, EXCLUDEDCONTEXTS, TMPCOUNTER, ORDERNRO ) values ( 'DC_E_CUDB:((3))', 'DC.DIM_E_CN_CUDB', '', 'SITE', 'DC.DIM_E_CN_SITE', '', 'SITE', '', '1_to_1', 'All', '', 1370, null );
insert into Universeobject ( VERSIONID, CLASSNAME, UNIVERSEEXTENSION, OBJECTNAME, DESCRIPTION, OBJECTTYPE, QUALIFICATION, AGGREGATION, OBJSELECT, OBJWHERE, PROMPTHIERARCHY, OBJ_BH_REL, ELEM_BH_REL, INHERITANCE, ORDERNRO ) values ( 'DC_E_CUDB:((3))', 'CUDB', 'ALL', 'NE Id', 'NE Id', 'Character', 'Dimension', 'None', 'DC.DIM_E_CN_CUDB.NE_ID', '', '', null, null, null, null );
insert into Universeobject ( VERSIONID, CLASSNAME, UNIVERSEEXTENSION, OBJECTNAME, DESCRIPTION, OBJECTTYPE, QUALIFICATION, AGGREGATION, OBJSELECT, OBJWHERE, PROMPTHIERARCHY, OBJ_BH_REL, ELEM_BH_REL, INHERITANCE, ORDERNRO ) values ( 'DC_E_CUDB:((3))', 'CUDB', 'ALL', 'NE Name', 'NE Name', 'Character', 'Dimension', 'None', 'DC.DIM_E_CN_CUDB.NE_NAME', '', '', null, null, null, null );
insert into Universeobject ( VERSIONID, CLASSNAME, UNIVERSEEXTENSION, OBJECTNAME, DESCRIPTION, OBJECTTYPE, QUALIFICATION, AGGREGATION, OBJSELECT, OBJWHERE, PROMPTHIERARCHY, OBJ_BH_REL, ELEM_BH_REL, INHERITANCE, ORDERNRO ) values ( 'DC_E_CUDB:((3))', 'CUDB', 'ALL', 'NE Type', 'NE Type', 'Character', 'Dimension', 'None', 'DC.DIM_E_CN_CUDB.NE_TYPE', '', '', null, null, null, null );
insert into Universeobject ( VERSIONID, CLASSNAME, UNIVERSEEXTENSION, OBJECTNAME, DESCRIPTION, OBJECTTYPE, QUALIFICATION, AGGREGATION, OBJSELECT, OBJWHERE, PROMPTHIERARCHY, OBJ_BH_REL, ELEM_BH_REL, INHERITANCE, ORDERNRO ) values ( 'DC_E_CUDB:((3))', 'CUDB', 'ALL', 'NE Version', 'NE Version', 'Character', 'Dimension', 'None', 'DC.DIM_E_CN_CUDB.NE_VERSION', '', '', null, null, null, null );
insert into Universeobject ( VERSIONID, CLASSNAME, UNIVERSEEXTENSION, OBJECTNAME, DESCRIPTION, OBJECTTYPE, QUALIFICATION, AGGREGATION, OBJSELECT, OBJWHERE, PROMPTHIERARCHY, OBJ_BH_REL, ELEM_BH_REL, INHERITANCE, ORDERNRO ) values ( 'DC_E_CUDB:((3))', 'CUDB', 'ALL', 'NEDN', 'NEDN', 'Character', 'Dimension', 'None', 'DC.DIM_E_CN_CUDB.NE_FDN', '', '', null, null, null, null );
insert into Universeobject ( VERSIONID, CLASSNAME, UNIVERSEEXTENSION, OBJECTNAME, DESCRIPTION, OBJECTTYPE, QUALIFICATION, AGGREGATION, OBJSELECT, OBJWHERE, PROMPTHIERARCHY, OBJ_BH_REL, ELEM_BH_REL, INHERITANCE, ORDERNRO ) values ( 'DC_E_CUDB:((3))', 'CUDB', 'ALL', 'OSS Id', 'OSS Id', 'Character', 'Dimension', 'None', 'DC.DIM_E_CN_CUDB.OSS_ID', '', '', null, null, null, null );
insert into Universeobject ( VERSIONID, CLASSNAME, UNIVERSEEXTENSION, OBJECTNAME, DESCRIPTION, OBJECTTYPE, QUALIFICATION, AGGREGATION, OBJSELECT, OBJWHERE, PROMPTHIERARCHY, OBJ_BH_REL, ELEM_BH_REL, INHERITANCE, ORDERNRO ) values ( 'DC_E_CUDB:((3))', 'CUDB', 'ALL', 'Site', 'Site', 'Character', 'Dimension', 'None', 'DC.DIM_E_CN_CUDB.SITE', '', '', null, null, null, null );
insert into Universeobject ( VERSIONID, CLASSNAME, UNIVERSEEXTENSION, OBJECTNAME, DESCRIPTION, OBJECTTYPE, QUALIFICATION, AGGREGATION, OBJSELECT, OBJWHERE, PROMPTHIERARCHY, OBJ_BH_REL, ELEM_BH_REL, INHERITANCE, ORDERNRO ) values ( 'DC_E_CUDB:((3))', 'SITE', 'ALL', 'DST', 'Daylight Setting Time. 0 = Not in use 1 = 1 hour added', 'Number', 'Dimension', '', 'DC.DIM_E_CN_SITE.DST', '', '', null, null, null, null );
insert into Universeobject ( VERSIONID, CLASSNAME, UNIVERSEEXTENSION, OBJECTNAME, DESCRIPTION, OBJECTTYPE, QUALIFICATION, AGGREGATION, OBJSELECT, OBJWHERE, PROMPTHIERARCHY, OBJ_BH_REL, ELEM_BH_REL, INHERITANCE, ORDERNRO ) values ( 'DC_E_CUDB:((3))', 'SITE', 'ALL', 'OSS Id', 'OSS Id', 'Character', 'Dimension', 'None', 'DC.DIM_E_CN_SITE.OSS_ID', '', '', null, null, null, null );
insert into Universeobject ( VERSIONID, CLASSNAME, UNIVERSEEXTENSION, OBJECTNAME, DESCRIPTION, OBJECTTYPE, QUALIFICATION, AGGREGATION, OBJSELECT, OBJWHERE, PROMPTHIERARCHY, OBJ_BH_REL, ELEM_BH_REL, INHERITANCE, ORDERNRO ) values ( 'DC_E_CUDB:((3))', 'SITE', 'ALL', 'Site', 'Site', 'Character', 'Dimension', 'None', 'DC.DIM_E_CN_SITE.SITE', '', '', null, null, null, null );
insert into Universeobject ( VERSIONID, CLASSNAME, UNIVERSEEXTENSION, OBJECTNAME, DESCRIPTION, OBJECTTYPE, QUALIFICATION, AGGREGATION, OBJSELECT, OBJWHERE, PROMPTHIERARCHY, OBJ_BH_REL, ELEM_BH_REL, INHERITANCE, ORDERNRO ) values ( 'DC_E_CUDB:((3))', 'SITE', 'ALL', 'Site FDN', 'Site FDN', 'Character', 'Dimension', 'None', 'DC.DIM_E_CN_SITE.SITE_FDN', '', '', null, null, null, null );
insert into Universeobject ( VERSIONID, CLASSNAME, UNIVERSEEXTENSION, OBJECTNAME, DESCRIPTION, OBJECTTYPE, QUALIFICATION, AGGREGATION, OBJSELECT, OBJWHERE, PROMPTHIERARCHY, OBJ_BH_REL, ELEM_BH_REL, INHERITANCE, ORDERNRO ) values ( 'DC_E_CUDB:((3))', 'SITE', 'ALL', 'Site Id', 'Site Id', 'Character', 'Dimension', 'None', 'DC.DIM_E_CN_SITE.SITE_ID', '', '', null, null, null, null );
insert into Universeobject ( VERSIONID, CLASSNAME, UNIVERSEEXTENSION, OBJECTNAME, DESCRIPTION, OBJECTTYPE, QUALIFICATION, AGGREGATION, OBJSELECT, OBJWHERE, PROMPTHIERARCHY, OBJ_BH_REL, ELEM_BH_REL, INHERITANCE, ORDERNRO ) values ( 'DC_E_CUDB:((3))', 'SITE', 'ALL', 'Time Zone', 'Time Zone', 'Character', 'Dimension', 'None', 'DC.DIM_E_CN_SITE.TIMEZONE', '', '', null, null, null, null );
insert into Universeobject ( VERSIONID, CLASSNAME, UNIVERSEEXTENSION, OBJECTNAME, DESCRIPTION, OBJECTTYPE, QUALIFICATION, AGGREGATION, OBJSELECT, OBJWHERE, PROMPTHIERARCHY, OBJ_BH_REL, ELEM_BH_REL, INHERITANCE, ORDERNRO ) values ( 'DC_E_CUDB:((3))', 'SITE', 'ALL', 'Time Zone with DST', 'Time Zone with DST taken account', 'Character', 'Dimension', 'None', 'DC.DIM_E_CN_SITE.TIMEZONE_VALUE', '', '', null, null, null, null );
insert into Universeobject ( VERSIONID, CLASSNAME, UNIVERSEEXTENSION, OBJECTNAME, DESCRIPTION, OBJECTTYPE, QUALIFICATION, AGGREGATION, OBJSELECT, OBJWHERE, PROMPTHIERARCHY, OBJ_BH_REL, ELEM_BH_REL, INHERITANCE, ORDERNRO ) values ( 'DC_E_CUDB:((3))', 'SITE', 'ALL', 'UserLabel', 'UserLabel', 'Character', 'Dimension', 'None', 'DC.DIM_E_CN_SITE.SITE_NAME', '', '', null, null, null, null );
insert into Universecondition ( VERSIONID, CLASSNAME, UNIVERSEEXTENSION, UNIVERSECONDITION, DESCRIPTION, CONDWHERE, AUTOGENERATE, CONDOBJCLASS, CONDOBJECT, PROMPTTEXT, MULTISELECTION, FREETEXT, OBJ_BH_REL, ELEM_BH_REL, INHERITANCE, ORDERNRO ) values ( 'DC_E_CUDB:((3))', 'CUDB', 'ALL', 'Select NE Id', 'Select NE Id', '', 1, 'CUDB', 'NE Id', 'Select NE Id', 1, 1, null, null, null, null );
insert into Universecondition ( VERSIONID, CLASSNAME, UNIVERSEEXTENSION, UNIVERSECONDITION, DESCRIPTION, CONDWHERE, AUTOGENERATE, CONDOBJCLASS, CONDOBJECT, PROMPTTEXT, MULTISELECTION, FREETEXT, OBJ_BH_REL, ELEM_BH_REL, INHERITANCE, ORDERNRO ) values ( 'DC_E_CUDB:((3))', 'CUDB', 'ALL', 'Select NE Name', 'Select NE Name', '', 1, 'CUDB', 'NE Name', 'Select NE Name', 1, 1, null, null, null, null );
insert into Universecondition ( VERSIONID, CLASSNAME, UNIVERSEEXTENSION, UNIVERSECONDITION, DESCRIPTION, CONDWHERE, AUTOGENERATE, CONDOBJCLASS, CONDOBJECT, PROMPTTEXT, MULTISELECTION, FREETEXT, OBJ_BH_REL, ELEM_BH_REL, INHERITANCE, ORDERNRO ) values ( 'DC_E_CUDB:((3))', 'CUDB', 'ALL', 'Select NE Type', 'Select NE Type', '', 1, 'CUDB', 'NE Type', 'Select NE Type', 1, 1, null, null, null, null );
insert into Universecondition ( VERSIONID, CLASSNAME, UNIVERSEEXTENSION, UNIVERSECONDITION, DESCRIPTION, CONDWHERE, AUTOGENERATE, CONDOBJCLASS, CONDOBJECT, PROMPTTEXT, MULTISELECTION, FREETEXT, OBJ_BH_REL, ELEM_BH_REL, INHERITANCE, ORDERNRO ) values ( 'DC_E_CUDB:((3))', 'CUDB', 'ALL', 'Select NE Version', 'Select NE Version', '', 1, 'CUDB', 'NE Version', 'Select NE Version', 1, 1, null, null, null, null );
insert into Universecondition ( VERSIONID, CLASSNAME, UNIVERSEEXTENSION, UNIVERSECONDITION, DESCRIPTION, CONDWHERE, AUTOGENERATE, CONDOBJCLASS, CONDOBJECT, PROMPTTEXT, MULTISELECTION, FREETEXT, OBJ_BH_REL, ELEM_BH_REL, INHERITANCE, ORDERNRO ) values ( 'DC_E_CUDB:((3))', 'CUDB', 'ALL', 'Select OSS Id', 'Select OSS Id', '', 1, 'CUDB', 'OSS Id', 'Select OSS Id', 1, 1, null, null, null, null );
insert into Universecondition ( VERSIONID, CLASSNAME, UNIVERSEEXTENSION, UNIVERSECONDITION, DESCRIPTION, CONDWHERE, AUTOGENERATE, CONDOBJCLASS, CONDOBJECT, PROMPTTEXT, MULTISELECTION, FREETEXT, OBJ_BH_REL, ELEM_BH_REL, INHERITANCE, ORDERNRO ) values ( 'DC_E_CUDB:((3))', 'SITE', 'ALL', 'Select OSS Id', 'Select OSS Id', '', 1, 'SITE', 'OSS Id', 'Select OSS Id', 1, 1, null, null, null, null );
insert into Universecondition ( VERSIONID, CLASSNAME, UNIVERSEEXTENSION, UNIVERSECONDITION, DESCRIPTION, CONDWHERE, AUTOGENERATE, CONDOBJCLASS, CONDOBJECT, PROMPTTEXT, MULTISELECTION, FREETEXT, OBJ_BH_REL, ELEM_BH_REL, INHERITANCE, ORDERNRO ) values ( 'DC_E_CUDB:((3))', 'SITE', 'ALL', 'Select Site', 'Select Site', '', 1, 'SITE', 'Site', 'Select Site', 1, 1, null, null, null, null );
insert into Transformer ( TRANSFORMERID, VERSIONID, DESCRIPTION, TYPE ) values ( 'DC_E_CUDB:((3)):DC_E_CUDB_ACTCONN:3gpp32435', 'DC_E_CUDB:((3))', null, 'SPECIFIC' );
insert into Transformer ( TRANSFORMERID, VERSIONID, DESCRIPTION, TYPE ) values ( 'DC_E_CUDB:((3)):DC_E_CUDB_ALLBSG:3gpp32435', 'DC_E_CUDB:((3))', null, 'SPECIFIC' );
insert into Transformer ( TRANSFORMERID, VERSIONID, DESCRIPTION, TYPE ) values ( 'DC_E_CUDB:((3)):DC_E_CUDB_ASYNCR:3gpp32435', 'DC_E_CUDB:((3))', null, 'SPECIFIC' );
insert into Transformer ( TRANSFORMERID, VERSIONID, DESCRIPTION, TYPE ) values ( 'DC_E_CUDB:((3)):DC_E_CUDB_AUCSUBS:3gpp32435', 'DC_E_CUDB:((3))', null, 'SPECIFIC' );
insert into Transformer ( TRANSFORMERID, VERSIONID, DESCRIPTION, TYPE ) values ( 'DC_E_CUDB:((3)):DC_E_CUDB_AUXSPEE:3gpp32435', 'DC_E_CUDB:((3))', null, 'SPECIFIC' );
insert into Transformer ( TRANSFORMERID, VERSIONID, DESCRIPTION, TYPE ) values ( 'DC_E_CUDB:((3)):DC_E_CUDB_CLUSTER:3gpp32435', 'DC_E_CUDB:((3))', null, 'SPECIFIC' );
insert into Transformer ( TRANSFORMERID, VERSIONID, DESCRIPTION, TYPE ) values ( 'DC_E_CUDB:((3)):DC_E_CUDB_CUGBSG:3gpp32435', 'DC_E_CUDB:((3))', null, 'SPECIFIC' );
insert into Transformer ( TRANSFORMERID, VERSIONID, DESCRIPTION, TYPE ) values ( 'DC_E_CUDB:((3)):DC_E_CUDB_FACSIM:3gpp32435', 'DC_E_CUDB:((3))', null, 'SPECIFIC' );
insert into Transformer ( TRANSFORMERID, VERSIONID, DESCRIPTION, TYPE ) values ( 'DC_E_CUDB:((3)):DC_E_CUDB_HLRSUBS:3gpp32435', 'DC_E_CUDB:((3))', null, 'SPECIFIC' );
insert into Transformer ( TRANSFORMERID, VERSIONID, DESCRIPTION, TYPE ) values ( 'DC_E_CUDB:((3)):DC_E_CUDB_LOCSUBS:3gpp32435', 'DC_E_CUDB:((3))', null, 'SPECIFIC' );
insert into Transformer ( TRANSFORMERID, VERSIONID, DESCRIPTION, TYPE ) values ( 'DC_E_CUDB:((3)):DC_E_CUDB_MEMORYUSE:3gpp32435', 'DC_E_CUDB:((3))', null, 'SPECIFIC' );
insert into Transformer ( TRANSFORMERID, VERSIONID, DESCRIPTION, TYPE ) values ( 'DC_E_CUDB:((3)):DC_E_CUDB_NAMSUBS:3gpp32435', 'DC_E_CUDB:((3))', null, 'SPECIFIC' );
insert into Transformer ( TRANSFORMERID, VERSIONID, DESCRIPTION, TYPE ) values ( 'DC_E_CUDB:((3)):DC_E_CUDB_NEWCONN:3gpp32435', 'DC_E_CUDB:((3))', null, 'SPECIFIC' );
insert into Transformer ( TRANSFORMERID, VERSIONID, DESCRIPTION, TYPE ) values ( 'DC_E_CUDB:((3)):DC_E_CUDB_PDPDEF:3gpp32435', 'DC_E_CUDB:((3))', null, 'SPECIFIC' );
insert into Transformer ( TRANSFORMERID, VERSIONID, DESCRIPTION, TYPE ) values ( 'DC_E_CUDB:((3)):DC_E_CUDB_PLMNSUB:3gpp32435', 'DC_E_CUDB:((3))', null, 'SPECIFIC' );
insert into Transformer ( TRANSFORMERID, VERSIONID, DESCRIPTION, TYPE ) values ( 'DC_E_CUDB:((3)):DC_E_CUDB_RSASUBS:3gpp32435', 'DC_E_CUDB:((3))', null, 'SPECIFIC' );
insert into Transformer ( TRANSFORMERID, VERSIONID, DESCRIPTION, TYPE ) values ( 'DC_E_CUDB:((3)):DC_E_CUDB_SERVFEAT:3gpp32435', 'DC_E_CUDB:((3))', null, 'SPECIFIC' );
insert into Transformer ( TRANSFORMERID, VERSIONID, DESCRIPTION, TYPE ) values ( 'DC_E_CUDB:((3)):DC_E_CUDB_SMS:3gpp32435', 'DC_E_CUDB:((3))', null, 'SPECIFIC' );
insert into Transformer ( TRANSFORMERID, VERSIONID, DESCRIPTION, TYPE ) values ( 'DC_E_CUDB:((3)):DC_E_CUDB_SPEECH:3gpp32435', 'DC_E_CUDB:((3))', null, 'SPECIFIC' );
insert into Transformer ( TRANSFORMERID, VERSIONID, DESCRIPTION, TYPE ) values ( 'DC_E_CUDB:((3)):DC_E_CUDB_SYNCRO:3gpp32435', 'DC_E_CUDB:((3))', null, 'SPECIFIC' );
insert into Transformer ( TRANSFORMERID, VERSIONID, DESCRIPTION, TYPE ) values ( 'DC_E_CUDB:((3)):ALL:3gpp32435', 'DC_E_CUDB:((3))', 'Autogenerated by TPIDE in migration', 'ALL' );
insert into Transformation ( TRANSFORMERID, ORDERNO, TYPE, SOURCE, TARGET, CONFIG, DESCRIPTION ) values ( 'DC_E_CUDB:((3)):ALL:3gpp32435', 1, 'lookup', 'DIRNAME', 'OSS_ID', 'pattern=.+/(.+)/.+?/.+?', null );
insert into Transformation ( TRANSFORMERID, ORDERNO, TYPE, SOURCE, TARGET, CONFIG, DESCRIPTION ) values ( 'DC_E_CUDB:((3)):ALL:3gpp32435', 21, 'copy', 'OSS_ID', 'DC_SOURCE', '', null );
insert into Transformation ( TRANSFORMERID, ORDERNO, TYPE, SOURCE, TARGET, CONFIG, DESCRIPTION ) values ( 'DC_E_CUDB:((3)):ALL:3gpp32435', 41, 'copy', 'PERIOD_DURATION', 'PERIOD_DURATION_SEC', '', null );
insert into Transformation ( TRANSFORMERID, ORDERNO, TYPE, SOURCE, TARGET, CONFIG, DESCRIPTION ) values ( 'DC_E_CUDB:((3)):ALL:3gpp32435', 61, 'calculation', 'PERIOD_DURATION', 'PERIOD_DURATION', 'formula=/60', null );
insert into Transformation ( TRANSFORMERID, ORDERNO, TYPE, SOURCE, TARGET, CONFIG, DESCRIPTION ) values ( 'DC_E_CUDB:((3)):ALL:3gpp32435', 81, 'lookup', 'filename', 'NEID', 'pattern=.+_(.+?)(?:\\..*|$)', null );
insert into Transformation ( TRANSFORMERID, ORDERNO, TYPE, SOURCE, TARGET, CONFIG, DESCRIPTION ) values ( 'DC_E_CUDB:((3)):ALL:3gpp32435', 101, 'Fixed', '', 'TempRelease_CUDB', 'value=null', null );
insert into Transformation ( TRANSFORMERID, ORDERNO, TYPE, SOURCE, TARGET, CONFIG, DESCRIPTION ) values ( 'DC_E_CUDB:((3)):ALL:3gpp32435', 121, 'copy', 'NEID', 'TempRelease_CUDB', '', null );
insert into Transformation ( TRANSFORMERID, ORDERNO, TYPE, SOURCE, TARGET, CONFIG, DESCRIPTION ) values ( 'DC_E_CUDB:((3)):ALL:3gpp32435', 141, 'preappender', 'TempRelease_CUDB', 'TempRelease_CUDB', 'fixed=:', null );
insert into Transformation ( TRANSFORMERID, ORDERNO, TYPE, SOURCE, TARGET, CONFIG, DESCRIPTION ) values ( 'DC_E_CUDB:((3)):ALL:3gpp32435', 161, 'preappender', 'TempRelease_CUDB', 'TempRelease_CUDB', 'field=OSS_ID', null );
insert into Transformation ( TRANSFORMERID, ORDERNO, TYPE, SOURCE, TARGET, CONFIG, DESCRIPTION ) values ( 'DC_E_CUDB:((3)):ALL:3gpp32435', 181, 'databaseLookup', 'TempRelease_CUDB', 'DC_RELEASE', 'sql=select OSS_ID||'':''||NE_ID, NE_VERSION from DIM_E_CN_CUDB
basetable=DIM_E_CN_CUDB', null );
insert into Transformation ( TRANSFORMERID, ORDERNO, TYPE, SOURCE, TARGET, CONFIG, DESCRIPTION ) values ( 'DC_E_CUDB:((3)):ALL:3gpp32435', 201, 'condition', 'DC_SUSPECTFLAG', 'ROWSTATUS', 'factor=true
result1=SUSPECTED
result2field=ROWSTATUS', null );
insert into Transformation ( TRANSFORMERID, ORDERNO, TYPE, SOURCE, TARGET, CONFIG, DESCRIPTION ) values ( 'DC_E_CUDB:((3)):ALL:3gpp32435', 221, 'condition', 'DC_SUSPECTFLAG', 'ROWSTATUS', 'factor=1
result1=SUSPECTED
result2field=ROWSTATUS', null );
insert into Transformation ( TRANSFORMERID, ORDERNO, TYPE, SOURCE, TARGET, CONFIG, DESCRIPTION ) values ( 'DC_E_CUDB:((3)):ALL:3gpp32435', 241, 'condition', 'DC_SUSPECTFLAG', 'DC_SUSPECTFLAG', 'factor=true
result1=1
result2field=DC_SUSPECTFLAG', null );
insert into Transformation ( TRANSFORMERID, ORDERNO, TYPE, SOURCE, TARGET, CONFIG, DESCRIPTION ) values ( 'DC_E_CUDB:((3)):ALL:3gpp32435', 261, 'condition', 'DC_SUSPECTFLAG', 'DC_SUSPECTFLAG', 'factor=false
result1=0
result2field=DC_SUSPECTFLAG', null );
insert into Transformation ( TRANSFORMERID, ORDERNO, TYPE, SOURCE, TARGET, CONFIG, DESCRIPTION ) values ( 'DC_E_CUDB:((3)):ALL:3gpp32435', 281, 'databaseLookup', 'TempRelease_CUDB', 'SITE_FDN_CUDB', 'sql=select OSS_ID||'':''||NE_ID, SITE_FDN from DIM_E_CN_CUDB
basetable=DIM_E_CN_CUDB', null );
insert into Transformation ( TRANSFORMERID, ORDERNO, TYPE, SOURCE, TARGET, CONFIG, DESCRIPTION ) values ( 'DC_E_CUDB:((3)):ALL:3gpp32435', 301, 'copy', 'SITE_FDN_CUDB', 'TempRelease_SITE_CUDB', '', null );
insert into Transformation ( TRANSFORMERID, ORDERNO, TYPE, SOURCE, TARGET, CONFIG, DESCRIPTION ) values ( 'DC_E_CUDB:((3)):ALL:3gpp32435', 321, 'preappender', 'TempRelease_SITE_CUDB', 'TempRelease_SITE_CUDB', 'fixed=:', null );
insert into Transformation ( TRANSFORMERID, ORDERNO, TYPE, SOURCE, TARGET, CONFIG, DESCRIPTION ) values ( 'DC_E_CUDB:((3)):ALL:3gpp32435', 341, 'preappender', 'TempRelease_SITE_CUDB', 'TempRelease_SITE_CUDB', 'field=OSS_ID', null );
insert into Transformation ( TRANSFORMERID, ORDERNO, TYPE, SOURCE, TARGET, CONFIG, DESCRIPTION ) values ( 'DC_E_CUDB:((3)):ALL:3gpp32435', 361, 'Fixed', '', 'DC_TIMEZONE', 'value=null', null );
insert into Transformation ( TRANSFORMERID, ORDERNO, TYPE, SOURCE, TARGET, CONFIG, DESCRIPTION ) values ( 'DC_E_CUDB:((3)):ALL:3gpp32435', 381, 'databaseLookup', 'TempRelease_SITE_CUDB', 'DC_TIMEZONE', 'sql=select OSS_ID||'':''||SITE_FDN, TIMEZONE_VALUE from DIM_E_CN_SITE
basetable=DIM_E_CN_SITE', null );
insert into Transformation ( TRANSFORMERID, ORDERNO, TYPE, SOURCE, TARGET, CONFIG, DESCRIPTION ) values ( 'DC_E_CUDB:((3)):ALL:3gpp32435', 401, 'condition', 'DC_TIMEZONE', 'TIMEZONE_VALUE', 'factor=null
result1field=JVM_TIMEZONE
result2field=DC_TIMEZONE', null );
insert into Transformation ( TRANSFORMERID, ORDERNO, TYPE, SOURCE, TARGET, CONFIG, DESCRIPTION ) values ( 'DC_E_CUDB:((3)):ALL:3gpp32435', 421, 'copy', 'TIMEZONE_VALUE', 'DC_TIMEZONE', '', null );
insert into Transformation ( TRANSFORMERID, ORDERNO, TYPE, SOURCE, TARGET, CONFIG, DESCRIPTION ) values ( 'DC_E_CUDB:((3)):ALL:3gpp32435', 441, 'lookup', 'endTime', 'endTime_new', 'pattern=(.{19}).*', null );
insert into Transformation ( TRANSFORMERID, ORDERNO, TYPE, SOURCE, TARGET, CONFIG, DESCRIPTION ) values ( 'DC_E_CUDB:((3)):ALL:3gpp32435', 461, 'ReduceDate', 'endTime_new', 'DATETIME_ID', 'format=yyyy-MM-dd''T''HH:mm:ss
secondsfield=PERIOD_DURATION_SEC', null );
insert into Transformation ( TRANSFORMERID, ORDERNO, TYPE, SOURCE, TARGET, CONFIG, DESCRIPTION ) values ( 'DC_E_CUDB:((3)):ALL:3gpp32435', 481, 'databaseLookUp', 'PERIOD_DURATION', 'TIMELEVEL', 'sql=select DURATIONMIN, TIMELEVEL from DIM_TIMELEVEL where TABLELEVEL = ''RAW''
basetable=DIM_TIMELEVEL', null );
insert into Transformation ( TRANSFORMERID, ORDERNO, TYPE, SOURCE, TARGET, CONFIG, DESCRIPTION ) values ( 'DC_E_CUDB:((3)):ALL:3gpp32435', 501, 'DateFormat', 'DATETIME_ID', 'UTC_DATETIME_ID', 'oldformat=yyyy-MM-dd''T''HH:mm:ss
oldtimezonefield=DC_TIMEZONE
newformat=yyyy-MM-dd HH:mm
newtimezone=+0000', null );
insert into Transformation ( TRANSFORMERID, ORDERNO, TYPE, SOURCE, TARGET, CONFIG, DESCRIPTION ) values ( 'DC_E_CUDB:((3)):ALL:3gpp32435', 521, 'defaulttimehandler', 'DATETIME_ID', '', 'oldformat=yyyy-MM-dd''T''HH:mm:ss', null );
insert into Transformer ( TRANSFORMERID, VERSIONID, DESCRIPTION, TYPE ) values ( 'DC_E_CUDB:((3)):DC_E_CUDB_LDAP_OPS:3gpp32435', 'DC_E_CUDB:((3))', '', 'SPECIFIC' );
insert into Referencetable ( TYPEID, VERSIONID, TYPENAME, OBJECTID, OBJECTNAME, OBJECTVERSION, OBJECTTYPE, DESCRIPTION, STATUS, UPDATE_POLICY, TABLE_TYPE, DATAFORMATSUPPORT, BASEDEF ) values ( 'DC_E_CUDB:((3)):SELECT_E_CUDB_AGGLEVEL', 'DC_E_CUDB:((3))', 'SELECT_E_CUDB_AGGLEVEL', 'DC_E_CUDB:((3)):SELECT_E_CUDB_AGGLEVEL', 'SELECT_E_CUDB_AGGLEVEL', '', '', '', 0, 0, '', 0, 1 );
insert into Referencetable ( TYPEID, VERSIONID, TYPENAME, OBJECTID, OBJECTNAME, OBJECTVERSION, OBJECTTYPE, DESCRIPTION, STATUS, UPDATE_POLICY, TABLE_TYPE, DATAFORMATSUPPORT, BASEDEF ) values ( 'DC_E_CUDB:((3)):DIM_E_CUDB_ELEMBH_BHTYPE', 'DC_E_CUDB:((3))', 'DIM_E_CUDB_ELEMBH_BHTYPE', 'DC_E_CUDB:((3)):DIM_E_CUDB_ELEMBH_BHTYPE', 'DIM_E_CUDB_ELEMBH_BHTYPE', '', '', '', 0, 0, '', 0, 1 );
insert into Referencecolumn ( TYPEID, DATANAME, COLNUMBER, DATATYPE, DATASIZE, DATASCALE, UNIQUEVALUE, NULLABLE, INDEXES, UNIQUEKEY, INCLUDESQL, INCLUDEUPD, COLTYPE, DESCRIPTION, UNIVERSECLASS, UNIVERSEOBJECT, UNIVERSECONDITION, DATAID, BASEDEF ) values ( 'DC_E_CUDB:((3)):DIM_E_CUDB_ELEMBH_BHTYPE', 'BHTYPE', 1, 'varchar', 50, 0, 255, 1, 'HG', 0, 1, 1, 'PUBLICCOL', null, null, null, null, null, 1 );
insert into Referencecolumn ( TYPEID, DATANAME, COLNUMBER, DATATYPE, DATASIZE, DATASCALE, UNIQUEVALUE, NULLABLE, INDEXES, UNIQUEKEY, INCLUDESQL, INCLUDEUPD, COLTYPE, DESCRIPTION, UNIVERSECLASS, UNIVERSEOBJECT, UNIVERSECONDITION, DATAID, BASEDEF ) values ( 'DC_E_CUDB:((3)):DIM_E_CUDB_ELEMBH_BHTYPE', 'DESCRIPTION', 2, 'varchar', 80, 0, 255, 1, 'HG', 0, 1, 1, 'PUBLICCOL', null, null, null, null, null, 1 );
insert into Dataformat ( DATAFORMATID, TYPEID, VERSIONID, OBJECTTYPE, FOLDERNAME, DATAFORMATTYPE ) values ( 'DC_E_CUDB:((3)):DC_E_CUDB_MEMORYUSE:3gpp32435', 'DC_E_CUDB:((3)):DC_E_CUDB_MEMORYUSE', 'DC_E_CUDB:((3))', 'Measurement', 'DC_E_CUDB_MEMORYUSE', '3gpp32435' );
insert into Defaulttags ( TAGID, DATAFORMATID, DESCRIPTION ) values ( 'Memoryuse', 'DC_E_CUDB:((3)):DC_E_CUDB_MEMORYUSE:3gpp32435', 'Default tags for DC_E_CUDB_MEMORYUSE in DC_E_CUDB:((3)) with format 3GPP32435.' );
insert into Dataitem ( DATAFORMATID, DATANAME, COLNUMBER, DATAID, PROCESS_INSTRUCTION ) values ( 'DC_E_CUDB:((3)):DC_E_CUDB_MEMORYUSE:3gpp32435', 'BATCH_ID', 60, 'BATCH_ID', '' );
insert into Dataitem ( DATAFORMATID, DATANAME, COLNUMBER, DATAID, PROCESS_INSTRUCTION ) values ( 'DC_E_CUDB:((3)):DC_E_CUDB_MEMORYUSE:3gpp32435', 'DATE_ID', 51, 'DATE_ID', '' );
insert into Dataitem ( DATAFORMATID, DATANAME, COLNUMBER, DATAID, PROCESS_INSTRUCTION ) values ( 'DC_E_CUDB:((3)):DC_E_CUDB_MEMORYUSE:3gpp32435', 'DATETIME_ID', 56, 'DATETIME_ID', '' );
insert into Dataitem ( DATAFORMATID, DATANAME, COLNUMBER, DATAID, PROCESS_INSTRUCTION ) values ( 'DC_E_CUDB:((3)):DC_E_CUDB_MEMORYUSE:3gpp32435', 'DAY_ID', 54, 'DAY_ID', '' );
insert into Dataitem ( DATAFORMATID, DATANAME, COLNUMBER, DATAID, PROCESS_INSTRUCTION ) values ( 'DC_E_CUDB:((3)):DC_E_CUDB_MEMORYUSE:3gpp32435', 'DC_RELEASE', 63, 'DC_RELEASE', '' );
insert into Dataitem ( DATAFORMATID, DATANAME, COLNUMBER, DATAID, PROCESS_INSTRUCTION ) values ( 'DC_E_CUDB:((3)):DC_E_CUDB_MEMORYUSE:3gpp32435', 'DC_SOURCE', 64, 'DC_SOURCE', '' );
insert into Dataitem ( DATAFORMATID, DATANAME, COLNUMBER, DATAID, PROCESS_INSTRUCTION ) values ( 'DC_E_CUDB:((3)):DC_E_CUDB_MEMORYUSE:3gpp32435', 'DC_SUSPECTFLAG', 66, 'DC_SUSPECTFLAG', '' );
insert into Dataitem ( DATAFORMATID, DATANAME, COLNUMBER, DATAID, PROCESS_INSTRUCTION ) values ( 'DC_E_CUDB:((3)):DC_E_CUDB_MEMORYUSE:3gpp32435', 'DC_TIMEZONE', 65, 'DC_TIMEZONE', '' );
insert into Dataitem ( DATAFORMATID, DATANAME, COLNUMBER, DATAID, PROCESS_INSTRUCTION ) values ( 'DC_E_CUDB:((3)):DC_E_CUDB_MEMORYUSE:3gpp32435', 'HOSTMEM', 102, 'HOSTMEM.actual', '' );
insert into Dataitem ( DATAFORMATID, DATANAME, COLNUMBER, DATAID, PROCESS_INSTRUCTION ) values ( 'DC_E_CUDB:((3)):DC_E_CUDB_MEMORYUSE:3gpp32435', 'HOUR_ID', 55, 'HOUR_ID', '' );
insert into Dataitem ( DATAFORMATID, DATANAME, COLNUMBER, DATAID, PROCESS_INSTRUCTION ) values ( 'DC_E_CUDB:((3)):DC_E_CUDB_MEMORYUSE:3gpp32435', 'MIN_ID', 57, 'MIN_ID', '' );
insert into Dataitem ( DATAFORMATID, DATANAME, COLNUMBER, DATAID, PROCESS_INSTRUCTION ) values ( 'DC_E_CUDB:((3)):DC_E_CUDB_MEMORYUSE:3gpp32435', 'MONTH_ID', 53, 'MONTH_ID', '' );
insert into Dataitem ( DATAFORMATID, DATANAME, COLNUMBER, DATAID, PROCESS_INSTRUCTION ) values ( 'DC_E_CUDB:((3)):DC_E_CUDB_MEMORYUSE:3gpp32435', 'NE_ID', 2, 'NEID', '' );
insert into Dataitem ( DATAFORMATID, DATANAME, COLNUMBER, DATAID, PROCESS_INSTRUCTION ) values ( 'DC_E_CUDB:((3)):DC_E_CUDB_MEMORYUSE:3gpp32435', 'OSS_ID', 1, 'OSS_ID', '' );
insert into Dataitem ( DATAFORMATID, DATANAME, COLNUMBER, DATAID, PROCESS_INSTRUCTION ) values ( 'DC_E_CUDB:((3)):DC_E_CUDB_MEMORYUSE:3gpp32435', 'PERIOD_DURATION', 61, 'PERIOD_DURATION', '' );
insert into Dataitem ( DATAFORMATID, DATANAME, COLNUMBER, DATAID, PROCESS_INSTRUCTION ) values ( 'DC_E_CUDB:((3)):DC_E_CUDB_MEMORYUSE:3gpp32435', 'ROWSTATUS', 62, 'ROWSTATUS', '' );
insert into Dataitem ( DATAFORMATID, DATANAME, COLNUMBER, DATAID, PROCESS_INSTRUCTION ) values ( 'DC_E_CUDB:((3)):DC_E_CUDB_MEMORYUSE:3gpp32435', 'SESSION_ID', 59, 'SESSION_ID', '' );
insert into Dataitem ( DATAFORMATID, DATANAME, COLNUMBER, DATAID, PROCESS_INSTRUCTION ) values ( 'DC_E_CUDB:((3)):DC_E_CUDB_MEMORYUSE:3gpp32435', 'TIMELEVEL', 58, 'TIMELEVEL', '' );
insert into Dataitem ( DATAFORMATID, DATANAME, COLNUMBER, DATAID, PROCESS_INSTRUCTION ) values ( 'DC_E_CUDB:((3)):DC_E_CUDB_MEMORYUSE:3gpp32435', 'TMMMEM', 101, 'TMMMEM.actual', '' );
insert into Dataitem ( DATAFORMATID, DATANAME, COLNUMBER, DATAID, PROCESS_INSTRUCTION ) values ( 'DC_E_CUDB:((3)):DC_E_CUDB_MEMORYUSE:3gpp32435', 'UTC_DATETIME_ID', 67, 'UTC_DATETIME_ID', '' );
insert into Dataitem ( DATAFORMATID, DATANAME, COLNUMBER, DATAID, PROCESS_INSTRUCTION ) values ( 'DC_E_CUDB:((3)):DC_E_CUDB_MEMORYUSE:3gpp32435', 'YEAR_ID', 52, 'YEAR_ID', '' );
insert into Dataformat ( DATAFORMATID, TYPEID, VERSIONID, OBJECTTYPE, FOLDERNAME, DATAFORMATTYPE ) values ( 'DC_E_CUDB:((3)):DC_E_CUDB_ACTCONN:3gpp32435', 'DC_E_CUDB:((3)):DC_E_CUDB_ACTCONN', 'DC_E_CUDB:((3))', 'Measurement', 'DC_E_CUDB_ACTCONN', '3gpp32435' );
insert into Defaulttags ( TAGID, DATAFORMATID, DESCRIPTION ) values ( 'Activeconnections', 'DC_E_CUDB:((3)):DC_E_CUDB_ACTCONN:3gpp32435', 'Default tags for DC_E_CUDB_ACTCONN in DC_E_CUDB:((3)) with format 3GPP32435.' );
insert into Dataitem ( DATAFORMATID, DATANAME, COLNUMBER, DATAID, PROCESS_INSTRUCTION ) values ( 'DC_E_CUDB:((3)):DC_E_CUDB_ACTCONN:3gpp32435', 'ACTCONN', 101, 'ACTCONN.actual', '' );
insert into Dataitem ( DATAFORMATID, DATANAME, COLNUMBER, DATAID, PROCESS_INSTRUCTION ) values ( 'DC_E_CUDB:((3)):DC_E_CUDB_ACTCONN:3gpp32435', 'BATCH_ID', 60, 'BATCH_ID', '' );
insert into Dataitem ( DATAFORMATID, DATANAME, COLNUMBER, DATAID, PROCESS_INSTRUCTION ) values ( 'DC_E_CUDB:((3)):DC_E_CUDB_ACTCONN:3gpp32435', 'DATE_ID', 51, 'DATE_ID', '' );
insert into Dataitem ( DATAFORMATID, DATANAME, COLNUMBER, DATAID, PROCESS_INSTRUCTION ) values ( 'DC_E_CUDB:((3)):DC_E_CUDB_ACTCONN:3gpp32435', 'DATETIME_ID', 56, 'DATETIME_ID', '' );
insert into Dataitem ( DATAFORMATID, DATANAME, COLNUMBER, DATAID, PROCESS_INSTRUCTION ) values ( 'DC_E_CUDB:((3)):DC_E_CUDB_ACTCONN:3gpp32435', 'DAY_ID', 54, 'DAY_ID', '' );
insert into Dataitem ( DATAFORMATID, DATANAME, COLNUMBER, DATAID, PROCESS_INSTRUCTION ) values ( 'DC_E_CUDB:((3)):DC_E_CUDB_ACTCONN:3gpp32435', 'DC_RELEASE', 63, 'DC_RELEASE', '' );
insert into Dataitem ( DATAFORMATID, DATANAME, COLNUMBER, DATAID, PROCESS_INSTRUCTION ) values ( 'DC_E_CUDB:((3)):DC_E_CUDB_ACTCONN:3gpp32435', 'DC_SOURCE', 64, 'DC_SOURCE', '' );
insert into Dataitem ( DATAFORMATID, DATANAME, COLNUMBER, DATAID, PROCESS_INSTRUCTION ) values ( 'DC_E_CUDB:((3)):DC_E_CUDB_ACTCONN:3gpp32435', 'DC_SUSPECTFLAG', 66, 'DC_SUSPECTFLAG', '' );
insert into Dataitem ( DATAFORMATID, DATANAME, COLNUMBER, DATAID, PROCESS_INSTRUCTION ) values ( 'DC_E_CUDB:((3)):DC_E_CUDB_ACTCONN:3gpp32435', 'DC_TIMEZONE', 65, 'DC_TIMEZONE', '' );
insert into Dataitem ( DATAFORMATID, DATANAME, COLNUMBER, DATAID, PROCESS_INSTRUCTION ) values ( 'DC_E_CUDB:((3)):DC_E_CUDB_ACTCONN:3gpp32435', 'HOUR_ID', 55, 'HOUR_ID', '' );
insert into Dataitem ( DATAFORMATID, DATANAME, COLNUMBER, DATAID, PROCESS_INSTRUCTION ) values ( 'DC_E_CUDB:((3)):DC_E_CUDB_ACTCONN:3gpp32435', 'MIN_ID', 57, 'MIN_ID', '' );
insert into Dataitem ( DATAFORMATID, DATANAME, COLNUMBER, DATAID, PROCESS_INSTRUCTION ) values ( 'DC_E_CUDB:((3)):DC_E_CUDB_ACTCONN:3gpp32435', 'MONTH_ID', 53, 'MONTH_ID', '' );
insert into Dataitem ( DATAFORMATID, DATANAME, COLNUMBER, DATAID, PROCESS_INSTRUCTION ) values ( 'DC_E_CUDB:((3)):DC_E_CUDB_ACTCONN:3gpp32435', 'NE_ID', 2, 'NEID', '' );
insert into Dataitem ( DATAFORMATID, DATANAME, COLNUMBER, DATAID, PROCESS_INSTRUCTION ) values ( 'DC_E_CUDB:((3)):DC_E_CUDB_ACTCONN:3gpp32435', 'OSS_ID', 1, 'OSS_ID', '' );
insert into Dataitem ( DATAFORMATID, DATANAME, COLNUMBER, DATAID, PROCESS_INSTRUCTION ) values ( 'DC_E_CUDB:((3)):DC_E_CUDB_ACTCONN:3gpp32435', 'PERIOD_DURATION', 61, 'PERIOD_DURATION', '' );
insert into Dataitem ( DATAFORMATID, DATANAME, COLNUMBER, DATAID, PROCESS_INSTRUCTION ) values ( 'DC_E_CUDB:((3)):DC_E_CUDB_ACTCONN:3gpp32435', 'ROWSTATUS', 62, 'ROWSTATUS', '' );
insert into Dataitem ( DATAFORMATID, DATANAME, COLNUMBER, DATAID, PROCESS_INSTRUCTION ) values ( 'DC_E_CUDB:((3)):DC_E_CUDB_ACTCONN:3gpp32435', 'SESSION_ID', 59, 'SESSION_ID', '' );
insert into Dataitem ( DATAFORMATID, DATANAME, COLNUMBER, DATAID, PROCESS_INSTRUCTION ) values ( 'DC_E_CUDB:((3)):DC_E_CUDB_ACTCONN:3gpp32435', 'TIMELEVEL', 58, 'TIMELEVEL', '' );
insert into Dataitem ( DATAFORMATID, DATANAME, COLNUMBER, DATAID, PROCESS_INSTRUCTION ) values ( 'DC_E_CUDB:((3)):DC_E_CUDB_ACTCONN:3gpp32435', 'UTC_DATETIME_ID', 67, 'UTC_DATETIME_ID', '' );
insert into Dataitem ( DATAFORMATID, DATANAME, COLNUMBER, DATAID, PROCESS_INSTRUCTION ) values ( 'DC_E_CUDB:((3)):DC_E_CUDB_ACTCONN:3gpp32435', 'YEAR_ID', 52, 'YEAR_ID', '' );
insert into Dataformat ( DATAFORMATID, TYPEID, VERSIONID, OBJECTTYPE, FOLDERNAME, DATAFORMATTYPE ) values ( 'DC_E_CUDB:((3)):DC_E_CUDB_NEWCONN:3gpp32435', 'DC_E_CUDB:((3)):DC_E_CUDB_NEWCONN', 'DC_E_CUDB:((3))', 'Measurement', 'DC_E_CUDB_NEWCONN', '3gpp32435' );
insert into Defaulttags ( TAGID, DATAFORMATID, DESCRIPTION ) values ( 'Newconnections', 'DC_E_CUDB:((3)):DC_E_CUDB_NEWCONN:3gpp32435', 'Default tags for DC_E_CUDB_NEWCONN in DC_E_CUDB:((3)) with format 3GPP32435.' );
insert into Dataitem ( DATAFORMATID, DATANAME, COLNUMBER, DATAID, PROCESS_INSTRUCTION ) values ( 'DC_E_CUDB:((3)):DC_E_CUDB_NEWCONN:3gpp32435', 'BATCH_ID', 60, 'BATCH_ID', '' );
insert into Dataitem ( DATAFORMATID, DATANAME, COLNUMBER, DATAID, PROCESS_INSTRUCTION ) values ( 'DC_E_CUDB:((3)):DC_E_CUDB_NEWCONN:3gpp32435', 'DATE_ID', 51, 'DATE_ID', '' );
insert into Dataitem ( DATAFORMATID, DATANAME, COLNUMBER, DATAID, PROCESS_INSTRUCTION ) values ( 'DC_E_CUDB:((3)):DC_E_CUDB_NEWCONN:3gpp32435', 'DATETIME_ID', 56, 'DATETIME_ID', '' );
insert into Dataitem ( DATAFORMATID, DATANAME, COLNUMBER, DATAID, PROCESS_INSTRUCTION ) values ( 'DC_E_CUDB:((3)):DC_E_CUDB_NEWCONN:3gpp32435', 'DAY_ID', 54, 'DAY_ID', '' );
insert into Dataitem ( DATAFORMATID, DATANAME, COLNUMBER, DATAID, PROCESS_INSTRUCTION ) values ( 'DC_E_CUDB:((3)):DC_E_CUDB_NEWCONN:3gpp32435', 'DC_RELEASE', 63, 'DC_RELEASE', '' );
insert into Dataitem ( DATAFORMATID, DATANAME, COLNUMBER, DATAID, PROCESS_INSTRUCTION ) values ( 'DC_E_CUDB:((3)):DC_E_CUDB_NEWCONN:3gpp32435', 'DC_SOURCE', 64, 'DC_SOURCE', '' );
insert into Dataitem ( DATAFORMATID, DATANAME, COLNUMBER, DATAID, PROCESS_INSTRUCTION ) values ( 'DC_E_CUDB:((3)):DC_E_CUDB_NEWCONN:3gpp32435', 'DC_SUSPECTFLAG', 66, 'DC_SUSPECTFLAG', '' );
insert into Dataitem ( DATAFORMATID, DATANAME, COLNUMBER, DATAID, PROCESS_INSTRUCTION ) values ( 'DC_E_CUDB:((3)):DC_E_CUDB_NEWCONN:3gpp32435', 'DC_TIMEZONE', 65, 'DC_TIMEZONE', '' );
insert into Dataitem ( DATAFORMATID, DATANAME, COLNUMBER, DATAID, PROCESS_INSTRUCTION ) values ( 'DC_E_CUDB:((3)):DC_E_CUDB_NEWCONN:3gpp32435', 'HOUR_ID', 55, 'HOUR_ID', '' );
insert into Dataitem ( DATAFORMATID, DATANAME, COLNUMBER, DATAID, PROCESS_INSTRUCTION ) values ( 'DC_E_CUDB:((3)):DC_E_CUDB_NEWCONN:3gpp32435', 'MIN_ID', 57, 'MIN_ID', '' );
insert into Dataitem ( DATAFORMATID, DATANAME, COLNUMBER, DATAID, PROCESS_INSTRUCTION ) values ( 'DC_E_CUDB:((3)):DC_E_CUDB_NEWCONN:3gpp32435', 'MONTH_ID', 53, 'MONTH_ID', '' );
insert into Dataitem ( DATAFORMATID, DATANAME, COLNUMBER, DATAID, PROCESS_INSTRUCTION ) values ( 'DC_E_CUDB:((3)):DC_E_CUDB_NEWCONN:3gpp32435', 'NE_ID', 2, 'NEID', '' );
insert into Dataitem ( DATAFORMATID, DATANAME, COLNUMBER, DATAID, PROCESS_INSTRUCTION ) values ( 'DC_E_CUDB:((3)):DC_E_CUDB_NEWCONN:3gpp32435', 'NEWCLCONN', 101, 'NEWCLCONN.delta', '' );
insert into Dataitem ( DATAFORMATID, DATANAME, COLNUMBER, DATAID, PROCESS_INSTRUCTION ) values ( 'DC_E_CUDB:((3)):DC_E_CUDB_NEWCONN:3gpp32435', 'NEWSVRCONN', 102, 'NEWSVRCONN.delta', '' );
insert into Dataitem ( DATAFORMATID, DATANAME, COLNUMBER, DATAID, PROCESS_INSTRUCTION ) values ( 'DC_E_CUDB:((3)):DC_E_CUDB_NEWCONN:3gpp32435', 'OSS_ID', 1, 'OSS_ID', '' );
insert into Dataitem ( DATAFORMATID, DATANAME, COLNUMBER, DATAID, PROCESS_INSTRUCTION ) values ( 'DC_E_CUDB:((3)):DC_E_CUDB_NEWCONN:3gpp32435', 'PERIOD_DURATION', 61, 'PERIOD_DURATION', '' );
insert into Dataitem ( DATAFORMATID, DATANAME, COLNUMBER, DATAID, PROCESS_INSTRUCTION ) values ( 'DC_E_CUDB:((3)):DC_E_CUDB_NEWCONN:3gpp32435', 'ROWSTATUS', 62, 'ROWSTATUS', '' );
insert into Dataitem ( DATAFORMATID, DATANAME, COLNUMBER, DATAID, PROCESS_INSTRUCTION ) values ( 'DC_E_CUDB:((3)):DC_E_CUDB_NEWCONN:3gpp32435', 'SESSION_ID', 59, 'SESSION_ID', '' );
insert into Dataitem ( DATAFORMATID, DATANAME, COLNUMBER, DATAID, PROCESS_INSTRUCTION ) values ( 'DC_E_CUDB:((3)):DC_E_CUDB_NEWCONN:3gpp32435', 'TIMELEVEL', 58, 'TIMELEVEL', '' );
insert into Dataitem ( DATAFORMATID, DATANAME, COLNUMBER, DATAID, PROCESS_INSTRUCTION ) values ( 'DC_E_CUDB:((3)):DC_E_CUDB_NEWCONN:3gpp32435', 'UTC_DATETIME_ID', 67, 'UTC_DATETIME_ID', '' );
insert into Dataitem ( DATAFORMATID, DATANAME, COLNUMBER, DATAID, PROCESS_INSTRUCTION ) values ( 'DC_E_CUDB:((3)):DC_E_CUDB_NEWCONN:3gpp32435', 'YEAR_ID', 52, 'YEAR_ID', '' );
insert into Dataformat ( DATAFORMATID, TYPEID, VERSIONID, OBJECTTYPE, FOLDERNAME, DATAFORMATTYPE ) values ( 'DC_E_CUDB:((3)):DC_E_CUDB_CLUSTER:3gpp32435', 'DC_E_CUDB:((3)):DC_E_CUDB_CLUSTER', 'DC_E_CUDB:((3))', 'Measurement', 'DC_E_CUDB_CLUSTER', '3gpp32435' );
insert into Defaulttags ( TAGID, DATAFORMATID, DESCRIPTION ) values ( 'General1', 'DC_E_CUDB:((3)):DC_E_CUDB_CLUSTER:3gpp32435', 'Default tags for DC_E_CUDB_CLUSTER in DC_E_CUDB:((3)) with format 3GPP32435.' );
insert into Defaulttags ( TAGID, DATAFORMATID, DESCRIPTION ) values ( 'General2', 'DC_E_CUDB:((3)):DC_E_CUDB_CLUSTER:3gpp32435', 'Default tags for DC_E_CUDB_CLUSTER in DC_E_CUDB:((3)) with format 3GPP32435.' );
insert into Defaulttags ( TAGID, DATAFORMATID, DESCRIPTION ) values ( 'General3', 'DC_E_CUDB:((3)):DC_E_CUDB_CLUSTER:3gpp32435', 'Default tags for DC_E_CUDB_CLUSTER in DC_E_CUDB:((3)) with format 3GPP32435.' );
insert into Defaulttags ( TAGID, DATAFORMATID, DESCRIPTION ) values ( 'General4', 'DC_E_CUDB:((3)):DC_E_CUDB_CLUSTER:3gpp32435', 'Default tags for DC_E_CUDB_CLUSTER in DC_E_CUDB:((3)) with format 3GPP32435.' );
insert into Defaulttags ( TAGID, DATAFORMATID, DESCRIPTION ) values ( 'General5', 'DC_E_CUDB:((3)):DC_E_CUDB_CLUSTER:3gpp32435', 'Default tags for DC_E_CUDB_CLUSTER in DC_E_CUDB:((3)) with format 3GPP32435.' );
insert into Defaulttags ( TAGID, DATAFORMATID, DESCRIPTION ) values ( 'General6', 'DC_E_CUDB:((3)):DC_E_CUDB_CLUSTER:3gpp32435', 'Default tags for DC_E_CUDB_CLUSTER in DC_E_CUDB:((3)) with format 3GPP32435.' );
insert into Defaulttags ( TAGID, DATAFORMATID, DESCRIPTION ) values ( 'General7', 'DC_E_CUDB:((3)):DC_E_CUDB_CLUSTER:3gpp32435', 'Default tags for DC_E_CUDB_CLUSTER in DC_E_CUDB:((3)) with format 3GPP32435.' );
insert into Defaulttags ( TAGID, DATAFORMATID, DESCRIPTION ) values ( 'General8', 'DC_E_CUDB:((3)):DC_E_CUDB_CLUSTER:3gpp32435', 'Default tags for DC_E_CUDB_CLUSTER in DC_E_CUDB:((3)) with format 3GPP32435.' );
insert into Dataitem ( DATAFORMATID, DATANAME, COLNUMBER, DATAID, PROCESS_INSTRUCTION ) values ( 'DC_E_CUDB:((3)):DC_E_CUDB_CLUSTER:3gpp32435', 'BATCH_ID', 60, 'BATCH_ID', '' );
insert into Dataitem ( DATAFORMATID, DATANAME, COLNUMBER, DATAID, PROCESS_INSTRUCTION ) values ( 'DC_E_CUDB:((3)):DC_E_CUDB_CLUSTER:3gpp32435', 'Cluster_id', 3, 'clusterId', '' );
insert into Dataitem ( DATAFORMATID, DATANAME, COLNUMBER, DATAID, PROCESS_INSTRUCTION ) values ( 'DC_E_CUDB:((3)):DC_E_CUDB_CLUSTER:3gpp32435', 'DATE_ID', 51, 'DATE_ID', '' );
insert into Dataitem ( DATAFORMATID, DATANAME, COLNUMBER, DATAID, PROCESS_INSTRUCTION ) values ( 'DC_E_CUDB:((3)):DC_E_CUDB_CLUSTER:3gpp32435', 'DATETIME_ID', 56, 'DATETIME_ID', '' );
insert into Dataitem ( DATAFORMATID, DATANAME, COLNUMBER, DATAID, PROCESS_INSTRUCTION ) values ( 'DC_E_CUDB:((3)):DC_E_CUDB_CLUSTER:3gpp32435', 'DAY_ID', 54, 'DAY_ID', '' );
insert into Dataitem ( DATAFORMATID, DATANAME, COLNUMBER, DATAID, PROCESS_INSTRUCTION ) values ( 'DC_E_CUDB:((3)):DC_E_CUDB_CLUSTER:3gpp32435', 'DC_RELEASE', 63, 'DC_RELEASE', '' );
insert into Dataitem ( DATAFORMATID, DATANAME, COLNUMBER, DATAID, PROCESS_INSTRUCTION ) values ( 'DC_E_CUDB:((3)):DC_E_CUDB_CLUSTER:3gpp32435', 'DC_SOURCE', 64, 'DC_SOURCE', '' );
insert into Dataitem ( DATAFORMATID, DATANAME, COLNUMBER, DATAID, PROCESS_INSTRUCTION ) values ( 'DC_E_CUDB:((3)):DC_E_CUDB_CLUSTER:3gpp32435', 'DC_SUSPECTFLAG', 66, 'DC_SUSPECTFLAG', '' );
insert into Dataitem ( DATAFORMATID, DATANAME, COLNUMBER, DATAID, PROCESS_INSTRUCTION ) values ( 'DC_E_CUDB:((3)):DC_E_CUDB_CLUSTER:3gpp32435', 'DC_TIMEZONE', 65, 'DC_TIMEZONE', '' );
insert into Dataitem ( DATAFORMATID, DATANAME, COLNUMBER, DATAID, PROCESS_INSTRUCTION ) values ( 'DC_E_CUDB:((3)):DC_E_CUDB_CLUSTER:3gpp32435', 'HOUR_ID', 55, 'HOUR_ID', '' );
insert into Dataitem ( DATAFORMATID, DATANAME, COLNUMBER, DATAID, PROCESS_INSTRUCTION ) values ( 'DC_E_CUDB:((3)):DC_E_CUDB_CLUSTER:3gpp32435', 'MEM', 101, 'MEM.actual', '' );
insert into Dataitem ( DATAFORMATID, DATANAME, COLNUMBER, DATAID, PROCESS_INSTRUCTION ) values ( 'DC_E_CUDB:((3)):DC_E_CUDB_CLUSTER:3gpp32435', 'MIN_ID', 57, 'MIN_ID', '' );
insert into Dataitem ( DATAFORMATID, DATANAME, COLNUMBER, DATAID, PROCESS_INSTRUCTION ) values ( 'DC_E_CUDB:((3)):DC_E_CUDB_CLUSTER:3gpp32435', 'MONTH_ID', 53, 'MONTH_ID', '' );
insert into Dataitem ( DATAFORMATID, DATANAME, COLNUMBER, DATAID, PROCESS_INSTRUCTION ) values ( 'DC_E_CUDB:((3)):DC_E_CUDB_CLUSTER:3gpp32435', 'NE_ID', 2, 'NEID', '' );
insert into Dataitem ( DATAFORMATID, DATANAME, COLNUMBER, DATAID, PROCESS_INSTRUCTION ) values ( 'DC_E_CUDB:((3)):DC_E_CUDB_CLUSTER:3gpp32435', 'OSS_ID', 1, 'OSS_ID', '' );
insert into Dataitem ( DATAFORMATID, DATANAME, COLNUMBER, DATAID, PROCESS_INSTRUCTION ) values ( 'DC_E_CUDB:((3)):DC_E_CUDB_CLUSTER:3gpp32435', 'PERIOD_DURATION', 61, 'PERIOD_DURATION', '' );
insert into Dataitem ( DATAFORMATID, DATANAME, COLNUMBER, DATAID, PROCESS_INSTRUCTION ) values ( 'DC_E_CUDB:((3)):DC_E_CUDB_CLUSTER:3gpp32435', 'ROWSTATUS', 62, 'ROWSTATUS', '' );
insert into Dataitem ( DATAFORMATID, DATANAME, COLNUMBER, DATAID, PROCESS_INSTRUCTION ) values ( 'DC_E_CUDB:((3)):DC_E_CUDB_CLUSTER:3gpp32435', 'SESSION_ID', 59, 'SESSION_ID', '' );
insert into Dataitem ( DATAFORMATID, DATANAME, COLNUMBER, DATAID, PROCESS_INSTRUCTION ) values ( 'DC_E_CUDB:((3)):DC_E_CUDB_CLUSTER:3gpp32435', 'TIMELEVEL', 58, 'TIMELEVEL', '' );
insert into Dataitem ( DATAFORMATID, DATANAME, COLNUMBER, DATAID, PROCESS_INSTRUCTION ) values ( 'DC_E_CUDB:((3)):DC_E_CUDB_CLUSTER:3gpp32435', 'UTC_DATETIME_ID', 67, 'UTC_DATETIME_ID', '' );
insert into Dataitem ( DATAFORMATID, DATANAME, COLNUMBER, DATAID, PROCESS_INSTRUCTION ) values ( 'DC_E_CUDB:((3)):DC_E_CUDB_CLUSTER:3gpp32435', 'YEAR_ID', 52, 'YEAR_ID', '' );
insert into Dataformat ( DATAFORMATID, TYPEID, VERSIONID, OBJECTTYPE, FOLDERNAME, DATAFORMATTYPE ) values ( 'DC_E_CUDB:((3)):DC_E_CUDB_HLRSUBS:3gpp32435', 'DC_E_CUDB:((3)):DC_E_CUDB_HLRSUBS', 'DC_E_CUDB:((3))', 'Measurement', 'DC_E_CUDB_HLRSUBS', '3gpp32435' );
insert into Defaulttags ( TAGID, DATAFORMATID, DESCRIPTION ) values ( 'HLRSUBS', 'DC_E_CUDB:((3)):DC_E_CUDB_HLRSUBS:3gpp32435', 'Default tags for DC_E_CUDB_HLRSUBS in DC_E_CUDB:((3)) with format 3GPP32435.' );
insert into Dataitem ( DATAFORMATID, DATANAME, COLNUMBER, DATAID, PROCESS_INSTRUCTION ) values ( 'DC_E_CUDB:((3)):DC_E_CUDB_HLRSUBS:3gpp32435', 'BATCH_ID', 60, 'BATCH_ID', '' );
insert into Dataitem ( DATAFORMATID, DATANAME, COLNUMBER, DATAID, PROCESS_INSTRUCTION ) values ( 'DC_E_CUDB:((3)):DC_E_CUDB_HLRSUBS:3gpp32435', 'DATE_ID', 51, 'DATE_ID', '' );
insert into Dataitem ( DATAFORMATID, DATANAME, COLNUMBER, DATAID, PROCESS_INSTRUCTION ) values ( 'DC_E_CUDB:((3)):DC_E_CUDB_HLRSUBS:3gpp32435', 'DATETIME_ID', 56, 'DATETIME_ID', '' );
insert into Dataitem ( DATAFORMATID, DATANAME, COLNUMBER, DATAID, PROCESS_INSTRUCTION ) values ( 'DC_E_CUDB:((3)):DC_E_CUDB_HLRSUBS:3gpp32435', 'DAY_ID', 54, 'DAY_ID', '' );
insert into Dataitem ( DATAFORMATID, DATANAME, COLNUMBER, DATAID, PROCESS_INSTRUCTION ) values ( 'DC_E_CUDB:((3)):DC_E_CUDB_HLRSUBS:3gpp32435', 'DC_RELEASE', 63, 'DC_RELEASE', '' );
insert into Dataitem ( DATAFORMATID, DATANAME, COLNUMBER, DATAID, PROCESS_INSTRUCTION ) values ( 'DC_E_CUDB:((3)):DC_E_CUDB_HLRSUBS:3gpp32435', 'DC_SOURCE', 64, 'DC_SOURCE', '' );
insert into Dataitem ( DATAFORMATID, DATANAME, COLNUMBER, DATAID, PROCESS_INSTRUCTION ) values ( 'DC_E_CUDB:((3)):DC_E_CUDB_HLRSUBS:3gpp32435', 'DC_SUSPECTFLAG', 66, 'DC_SUSPECTFLAG', '' );
insert into Dataitem ( DATAFORMATID, DATANAME, COLNUMBER, DATAID, PROCESS_INSTRUCTION ) values ( 'DC_E_CUDB:((3)):DC_E_CUDB_HLRSUBS:3gpp32435', 'DC_TIMEZONE', 65, 'DC_TIMEZONE', '' );
insert into Dataitem ( DATAFORMATID, DATANAME, COLNUMBER, DATAID, PROCESS_INSTRUCTION ) values ( 'DC_E_CUDB:((3)):DC_E_CUDB_HLRSUBS:3gpp32435', 'HOUR_ID', 55, 'HOUR_ID', '' );
insert into Dataitem ( DATAFORMATID, DATANAME, COLNUMBER, DATAID, PROCESS_INSTRUCTION ) values ( 'DC_E_CUDB:((3)):DC_E_CUDB_HLRSUBS:3gpp32435', 'MIN_ID', 57, 'MIN_ID', '' );
insert into Dataitem ( DATAFORMATID, DATANAME, COLNUMBER, DATAID, PROCESS_INSTRUCTION ) values ( 'DC_E_CUDB:((3)):DC_E_CUDB_HLRSUBS:3gpp32435', 'MONTH_ID', 53, 'MONTH_ID', '' );
insert into Dataitem ( DATAFORMATID, DATANAME, COLNUMBER, DATAID, PROCESS_INSTRUCTION ) values ( 'DC_E_CUDB:((3)):DC_E_CUDB_HLRSUBS:3gpp32435', 'NACTSUBSCNT', 104, 'NACTSUBSCNT.actual', '' );
insert into Dataitem ( DATAFORMATID, DATANAME, COLNUMBER, DATAID, PROCESS_INSTRUCTION ) values ( 'DC_E_CUDB:((3)):DC_E_CUDB_HLRSUBS:3gpp32435', 'NE_ID', 2, 'NEID', '' );
insert into Dataitem ( DATAFORMATID, DATANAME, COLNUMBER, DATAID, PROCESS_INSTRUCTION ) values ( 'DC_E_CUDB:((3)):DC_E_CUDB_HLRSUBS:3gpp32435', 'NLMUSUBSCNT', 102, 'NLMUSUBSCNT.actual', '' );
insert into Dataitem ( DATAFORMATID, DATANAME, COLNUMBER, DATAID, PROCESS_INSTRUCTION ) values ( 'DC_E_CUDB:((3)):DC_E_CUDB_HLRSUBS:3gpp32435', 'NMOBSUBSCNT', 103, 'NMOBSUBSCNT.actual', '' );
insert into Dataitem ( DATAFORMATID, DATANAME, COLNUMBER, DATAID, PROCESS_INSTRUCTION ) values ( 'DC_E_CUDB:((3)):DC_E_CUDB_HLRSUBS:3gpp32435', 'NSUBSCNT', 101, 'NSUBSCNT.actual', '' );
insert into Dataitem ( DATAFORMATID, DATANAME, COLNUMBER, DATAID, PROCESS_INSTRUCTION ) values ( 'DC_E_CUDB:((3)):DC_E_CUDB_HLRSUBS:3gpp32435', 'OSS_ID', 1, 'OSS_ID', '' );
insert into Dataitem ( DATAFORMATID, DATANAME, COLNUMBER, DATAID, PROCESS_INSTRUCTION ) values ( 'DC_E_CUDB:((3)):DC_E_CUDB_HLRSUBS:3gpp32435', 'PERIOD_DURATION', 61, 'PERIOD_DURATION', '' );
insert into Dataitem ( DATAFORMATID, DATANAME, COLNUMBER, DATAID, PROCESS_INSTRUCTION ) values ( 'DC_E_CUDB:((3)):DC_E_CUDB_HLRSUBS:3gpp32435', 'ROWSTATUS', 62, 'ROWSTATUS', '' );
insert into Dataitem ( DATAFORMATID, DATANAME, COLNUMBER, DATAID, PROCESS_INSTRUCTION ) values ( 'DC_E_CUDB:((3)):DC_E_CUDB_HLRSUBS:3gpp32435', 'SESSION_ID', 59, 'SESSION_ID', '' );
insert into Dataitem ( DATAFORMATID, DATANAME, COLNUMBER, DATAID, PROCESS_INSTRUCTION ) values ( 'DC_E_CUDB:((3)):DC_E_CUDB_HLRSUBS:3gpp32435', 'TIMELEVEL', 58, 'TIMELEVEL', '' );
insert into Dataitem ( DATAFORMATID, DATANAME, COLNUMBER, DATAID, PROCESS_INSTRUCTION ) values ( 'DC_E_CUDB:((3)):DC_E_CUDB_HLRSUBS:3gpp32435', 'UTC_DATETIME_ID', 67, 'UTC_DATETIME_ID', '' );
insert into Dataitem ( DATAFORMATID, DATANAME, COLNUMBER, DATAID, PROCESS_INSTRUCTION ) values ( 'DC_E_CUDB:((3)):DC_E_CUDB_HLRSUBS:3gpp32435', 'YEAR_ID', 52, 'YEAR_ID', '' );
insert into Dataformat ( DATAFORMATID, TYPEID, VERSIONID, OBJECTTYPE, FOLDERNAME, DATAFORMATTYPE ) values ( 'DC_E_CUDB:((3)):DC_E_CUDB_NAMSUBS:3gpp32435', 'DC_E_CUDB:((3)):DC_E_CUDB_NAMSUBS', 'DC_E_CUDB:((3))', 'Measurement', 'DC_E_CUDB_NAMSUBS', '3gpp32435' );
insert into Defaulttags ( TAGID, DATAFORMATID, DESCRIPTION ) values ( 'NAMSUBS', 'DC_E_CUDB:((3)):DC_E_CUDB_NAMSUBS:3gpp32435', 'Default tags for DC_E_CUDB_NAMSUBS in DC_E_CUDB:((3)) with format 3GPP32435.' );
insert into Dataitem ( DATAFORMATID, DATANAME, COLNUMBER, DATAID, PROCESS_INSTRUCTION ) values ( 'DC_E_CUDB:((3)):DC_E_CUDB_NAMSUBS:3gpp32435', 'BATCH_ID', 60, 'BATCH_ID', '' );
insert into Dataitem ( DATAFORMATID, DATANAME, COLNUMBER, DATAID, PROCESS_INSTRUCTION ) values ( 'DC_E_CUDB:((3)):DC_E_CUDB_NAMSUBS:3gpp32435', 'BOTHGPRSCNT', 103, 'BOTHGPRSCNT.actual', '' );
insert into Dataitem ( DATAFORMATID, DATANAME, COLNUMBER, DATAID, PROCESS_INSTRUCTION ) values ( 'DC_E_CUDB:((3)):DC_E_CUDB_NAMSUBS:3gpp32435', 'DATE_ID', 51, 'DATE_ID', '' );
insert into Dataitem ( DATAFORMATID, DATANAME, COLNUMBER, DATAID, PROCESS_INSTRUCTION ) values ( 'DC_E_CUDB:((3)):DC_E_CUDB_NAMSUBS:3gpp32435', 'DATETIME_ID', 56, 'DATETIME_ID', '' );
insert into Dataitem ( DATAFORMATID, DATANAME, COLNUMBER, DATAID, PROCESS_INSTRUCTION ) values ( 'DC_E_CUDB:((3)):DC_E_CUDB_NAMSUBS:3gpp32435', 'DAY_ID', 54, 'DAY_ID', '' );
insert into Dataitem ( DATAFORMATID, DATANAME, COLNUMBER, DATAID, PROCESS_INSTRUCTION ) values ( 'DC_E_CUDB:((3)):DC_E_CUDB_NAMSUBS:3gpp32435', 'DC_RELEASE', 63, 'DC_RELEASE', '' );
insert into Dataitem ( DATAFORMATID, DATANAME, COLNUMBER, DATAID, PROCESS_INSTRUCTION ) values ( 'DC_E_CUDB:((3)):DC_E_CUDB_NAMSUBS:3gpp32435', 'DC_SOURCE', 64, 'DC_SOURCE', '' );
insert into Dataitem ( DATAFORMATID, DATANAME, COLNUMBER, DATAID, PROCESS_INSTRUCTION ) values ( 'DC_E_CUDB:((3)):DC_E_CUDB_NAMSUBS:3gpp32435', 'DC_SUSPECTFLAG', 66, 'DC_SUSPECTFLAG', '' );
insert into Dataitem ( DATAFORMATID, DATANAME, COLNUMBER, DATAID, PROCESS_INSTRUCTION ) values ( 'DC_E_CUDB:((3)):DC_E_CUDB_NAMSUBS:3gpp32435', 'DC_TIMEZONE', 65, 'DC_TIMEZONE', '' );
insert into Dataitem ( DATAFORMATID, DATANAME, COLNUMBER, DATAID, PROCESS_INSTRUCTION ) values ( 'DC_E_CUDB:((3)):DC_E_CUDB_NAMSUBS:3gpp32435', 'GPRSCNT', 102, 'GPRSCNT.actual', '' );
insert into Dataitem ( DATAFORMATID, DATANAME, COLNUMBER, DATAID, PROCESS_INSTRUCTION ) values ( 'DC_E_CUDB:((3)):DC_E_CUDB_NAMSUBS:3gpp32435', 'HOUR_ID', 55, 'HOUR_ID', '' );
insert into Dataitem ( DATAFORMATID, DATANAME, COLNUMBER, DATAID, PROCESS_INSTRUCTION ) values ( 'DC_E_CUDB:((3)):DC_E_CUDB_NAMSUBS:3gpp32435', 'MIN_ID', 57, 'MIN_ID', '' );
insert into Dataitem ( DATAFORMATID, DATANAME, COLNUMBER, DATAID, PROCESS_INSTRUCTION ) values ( 'DC_E_CUDB:((3)):DC_E_CUDB_NAMSUBS:3gpp32435', 'MONTH_ID', 53, 'MONTH_ID', '' );
insert into Dataitem ( DATAFORMATID, DATANAME, COLNUMBER, DATAID, PROCESS_INSTRUCTION ) values ( 'DC_E_CUDB:((3)):DC_E_CUDB_NAMSUBS:3gpp32435', 'NE_ID', 2, 'NEID', '' );
insert into Dataitem ( DATAFORMATID, DATANAME, COLNUMBER, DATAID, PROCESS_INSTRUCTION ) values ( 'DC_E_CUDB:((3)):DC_E_CUDB_NAMSUBS:3gpp32435', 'NONGPRSCNT', 101, 'NONGPRSCNT.actual', '' );
insert into Dataitem ( DATAFORMATID, DATANAME, COLNUMBER, DATAID, PROCESS_INSTRUCTION ) values ( 'DC_E_CUDB:((3)):DC_E_CUDB_NAMSUBS:3gpp32435', 'OSS_ID', 1, 'OSS_ID', '' );
insert into Dataitem ( DATAFORMATID, DATANAME, COLNUMBER, DATAID, PROCESS_INSTRUCTION ) values ( 'DC_E_CUDB:((3)):DC_E_CUDB_NAMSUBS:3gpp32435', 'PERIOD_DURATION', 61, 'PERIOD_DURATION', '' );
insert into Dataitem ( DATAFORMATID, DATANAME, COLNUMBER, DATAID, PROCESS_INSTRUCTION ) values ( 'DC_E_CUDB:((3)):DC_E_CUDB_NAMSUBS:3gpp32435', 'ROWSTATUS', 62, 'ROWSTATUS', '' );
insert into Dataitem ( DATAFORMATID, DATANAME, COLNUMBER, DATAID, PROCESS_INSTRUCTION ) values ( 'DC_E_CUDB:((3)):DC_E_CUDB_NAMSUBS:3gpp32435', 'SESSION_ID', 59, 'SESSION_ID', '' );
insert into Dataitem ( DATAFORMATID, DATANAME, COLNUMBER, DATAID, PROCESS_INSTRUCTION ) values ( 'DC_E_CUDB:((3)):DC_E_CUDB_NAMSUBS:3gpp32435', 'TIMELEVEL', 58, 'TIMELEVEL', '' );
insert into Dataitem ( DATAFORMATID, DATANAME, COLNUMBER, DATAID, PROCESS_INSTRUCTION ) values ( 'DC_E_CUDB:((3)):DC_E_CUDB_NAMSUBS:3gpp32435', 'UTC_DATETIME_ID', 67, 'UTC_DATETIME_ID', '' );
insert into Dataitem ( DATAFORMATID, DATANAME, COLNUMBER, DATAID, PROCESS_INSTRUCTION ) values ( 'DC_E_CUDB:((3)):DC_E_CUDB_NAMSUBS:3gpp32435', 'YEAR_ID', 52, 'YEAR_ID', '' );
insert into Dataformat ( DATAFORMATID, TYPEID, VERSIONID, OBJECTTYPE, FOLDERNAME, DATAFORMATTYPE ) values ( 'DC_E_CUDB:((3)):DC_E_CUDB_PDPDEF:3gpp32435', 'DC_E_CUDB:((3)):DC_E_CUDB_PDPDEF', 'DC_E_CUDB:((3))', 'Measurement', 'DC_E_CUDB_PDPDEF', '3gpp32435' );
insert into Defaulttags ( TAGID, DATAFORMATID, DESCRIPTION ) values ( 'PDPDEF', 'DC_E_CUDB:((3)):DC_E_CUDB_PDPDEF:3gpp32435', 'Default tags for DC_E_CUDB_PDPDEF in DC_E_CUDB:((3)) with format 3GPP32435.' );
insert into Dataitem ( DATAFORMATID, DATANAME, COLNUMBER, DATAID, PROCESS_INSTRUCTION ) values ( 'DC_E_CUDB:((3)):DC_E_CUDB_PDPDEF:3gpp32435', 'BATCH_ID', 60, 'BATCH_ID', '' );
insert into Dataitem ( DATAFORMATID, DATANAME, COLNUMBER, DATAID, PROCESS_INSTRUCTION ) values ( 'DC_E_CUDB:((3)):DC_E_CUDB_PDPDEF:3gpp32435', 'DATE_ID', 51, 'DATE_ID', '' );
insert into Dataitem ( DATAFORMATID, DATANAME, COLNUMBER, DATAID, PROCESS_INSTRUCTION ) values ( 'DC_E_CUDB:((3)):DC_E_CUDB_PDPDEF:3gpp32435', 'DATETIME_ID', 56, 'DATETIME_ID', '' );
insert into Dataitem ( DATAFORMATID, DATANAME, COLNUMBER, DATAID, PROCESS_INSTRUCTION ) values ( 'DC_E_CUDB:((3)):DC_E_CUDB_PDPDEF:3gpp32435', 'DAY_ID', 54, 'DAY_ID', '' );
insert into Dataitem ( DATAFORMATID, DATANAME, COLNUMBER, DATAID, PROCESS_INSTRUCTION ) values ( 'DC_E_CUDB:((3)):DC_E_CUDB_PDPDEF:3gpp32435', 'DC_RELEASE', 63, 'DC_RELEASE', '' );
insert into Dataitem ( DATAFORMATID, DATANAME, COLNUMBER, DATAID, PROCESS_INSTRUCTION ) values ( 'DC_E_CUDB:((3)):DC_E_CUDB_PDPDEF:3gpp32435', 'DC_SOURCE', 64, 'DC_SOURCE', '' );
insert into Dataitem ( DATAFORMATID, DATANAME, COLNUMBER, DATAID, PROCESS_INSTRUCTION ) values ( 'DC_E_CUDB:((3)):DC_E_CUDB_PDPDEF:3gpp32435', 'DC_SUSPECTFLAG', 66, 'DC_SUSPECTFLAG', '' );
insert into Dataitem ( DATAFORMATID, DATANAME, COLNUMBER, DATAID, PROCESS_INSTRUCTION ) values ( 'DC_E_CUDB:((3)):DC_E_CUDB_PDPDEF:3gpp32435', 'DC_TIMEZONE', 65, 'DC_TIMEZONE', '' );
insert into Dataitem ( DATAFORMATID, DATANAME, COLNUMBER, DATAID, PROCESS_INSTRUCTION ) values ( 'DC_E_CUDB:((3)):DC_E_CUDB_PDPDEF:3gpp32435', 'HOUR_ID', 55, 'HOUR_ID', '' );
insert into Dataitem ( DATAFORMATID, DATANAME, COLNUMBER, DATAID, PROCESS_INSTRUCTION ) values ( 'DC_E_CUDB:((3)):DC_E_CUDB_PDPDEF:3gpp32435', 'MIN_ID', 57, 'MIN_ID', '' );
insert into Dataitem ( DATAFORMATID, DATANAME, COLNUMBER, DATAID, PROCESS_INSTRUCTION ) values ( 'DC_E_CUDB:((3)):DC_E_CUDB_PDPDEF:3gpp32435', 'MONTH_ID', 53, 'MONTH_ID', '' );
insert into Dataitem ( DATAFORMATID, DATANAME, COLNUMBER, DATAID, PROCESS_INSTRUCTION ) values ( 'DC_E_CUDB:((3)):DC_E_CUDB_PDPDEF:3gpp32435', 'NE_ID', 2, 'NEID', '' );
insert into Dataitem ( DATAFORMATID, DATANAME, COLNUMBER, DATAID, PROCESS_INSTRUCTION ) values ( 'DC_E_CUDB:((3)):DC_E_CUDB_PDPDEF:3gpp32435', 'ONEPCNT', 101, 'ONEPCNT.actual', '' );
insert into Dataitem ( DATAFORMATID, DATANAME, COLNUMBER, DATAID, PROCESS_INSTRUCTION ) values ( 'DC_E_CUDB:((3)):DC_E_CUDB_PDPDEF:3gpp32435', 'OSS_ID', 1, 'OSS_ID', '' );
insert into Dataitem ( DATAFORMATID, DATANAME, COLNUMBER, DATAID, PROCESS_INSTRUCTION ) values ( 'DC_E_CUDB:((3)):DC_E_CUDB_PDPDEF:3gpp32435', 'PERIOD_DURATION', 61, 'PERIOD_DURATION', '' );
insert into Dataitem ( DATAFORMATID, DATANAME, COLNUMBER, DATAID, PROCESS_INSTRUCTION ) values ( 'DC_E_CUDB:((3)):DC_E_CUDB_PDPDEF:3gpp32435', 'ROWSTATUS', 62, 'ROWSTATUS', '' );
insert into Dataitem ( DATAFORMATID, DATANAME, COLNUMBER, DATAID, PROCESS_INSTRUCTION ) values ( 'DC_E_CUDB:((3)):DC_E_CUDB_PDPDEF:3gpp32435', 'SESSION_ID', 59, 'SESSION_ID', '' );
insert into Dataitem ( DATAFORMATID, DATANAME, COLNUMBER, DATAID, PROCESS_INSTRUCTION ) values ( 'DC_E_CUDB:((3)):DC_E_CUDB_PDPDEF:3gpp32435', 'TIMELEVEL', 58, 'TIMELEVEL', '' );
insert into Dataitem ( DATAFORMATID, DATANAME, COLNUMBER, DATAID, PROCESS_INSTRUCTION ) values ( 'DC_E_CUDB:((3)):DC_E_CUDB_PDPDEF:3gpp32435', 'UTC_DATETIME_ID', 67, 'UTC_DATETIME_ID', '' );
insert into Dataitem ( DATAFORMATID, DATANAME, COLNUMBER, DATAID, PROCESS_INSTRUCTION ) values ( 'DC_E_CUDB:((3)):DC_E_CUDB_PDPDEF:3gpp32435', 'YEAR_ID', 52, 'YEAR_ID', '' );
insert into Dataformat ( DATAFORMATID, TYPEID, VERSIONID, OBJECTTYPE, FOLDERNAME, DATAFORMATTYPE ) values ( 'DC_E_CUDB:((3)):DC_E_CUDB_PLMNSUB:3gpp32435', 'DC_E_CUDB:((3)):DC_E_CUDB_PLMNSUB', 'DC_E_CUDB:((3))', 'Measurement', 'DC_E_CUDB_PLMNSUB', '3gpp32435' );
insert into Defaulttags ( TAGID, DATAFORMATID, DESCRIPTION ) values ( 'PLMNSUB', 'DC_E_CUDB:((3)):DC_E_CUDB_PLMNSUB:3gpp32435', 'Default tags for DC_E_CUDB_PLMNSUB in DC_E_CUDB:((3)) with format 3GPP32435.' );
insert into Dataitem ( DATAFORMATID, DATANAME, COLNUMBER, DATAID, PROCESS_INSTRUCTION ) values ( 'DC_E_CUDB:((3)):DC_E_CUDB_PLMNSUB:3gpp32435', 'BATCH_ID', 60, 'BATCH_ID', '' );
insert into Dataitem ( DATAFORMATID, DATANAME, COLNUMBER, DATAID, PROCESS_INSTRUCTION ) values ( 'DC_E_CUDB:((3)):DC_E_CUDB_PLMNSUB:3gpp32435', 'DATE_ID', 51, 'DATE_ID', '' );
insert into Dataitem ( DATAFORMATID, DATANAME, COLNUMBER, DATAID, PROCESS_INSTRUCTION ) values ( 'DC_E_CUDB:((3)):DC_E_CUDB_PLMNSUB:3gpp32435', 'DATETIME_ID', 56, 'DATETIME_ID', '' );
insert into Dataitem ( DATAFORMATID, DATANAME, COLNUMBER, DATAID, PROCESS_INSTRUCTION ) values ( 'DC_E_CUDB:((3)):DC_E_CUDB_PLMNSUB:3gpp32435', 'DAY_ID', 54, 'DAY_ID', '' );
insert into Dataitem ( DATAFORMATID, DATANAME, COLNUMBER, DATAID, PROCESS_INSTRUCTION ) values ( 'DC_E_CUDB:((3)):DC_E_CUDB_PLMNSUB:3gpp32435', 'DC_RELEASE', 63, 'DC_RELEASE', '' );
insert into Dataitem ( DATAFORMATID, DATANAME, COLNUMBER, DATAID, PROCESS_INSTRUCTION ) values ( 'DC_E_CUDB:((3)):DC_E_CUDB_PLMNSUB:3gpp32435', 'DC_SOURCE', 64, 'DC_SOURCE', '' );
insert into Dataitem ( DATAFORMATID, DATANAME, COLNUMBER, DATAID, PROCESS_INSTRUCTION ) values ( 'DC_E_CUDB:((3)):DC_E_CUDB_PLMNSUB:3gpp32435', 'DC_SUSPECTFLAG', 66, 'DC_SUSPECTFLAG', '' );
insert into Dataitem ( DATAFORMATID, DATANAME, COLNUMBER, DATAID, PROCESS_INSTRUCTION ) values ( 'DC_E_CUDB:((3)):DC_E_CUDB_PLMNSUB:3gpp32435', 'DC_TIMEZONE', 65, 'DC_TIMEZONE', '' );
insert into Dataitem ( DATAFORMATID, DATANAME, COLNUMBER, DATAID, PROCESS_INSTRUCTION ) values ( 'DC_E_CUDB:((3)):DC_E_CUDB_PLMNSUB:3gpp32435', 'GPPLMNCNT', 102, 'GPPLMNCNT.actual', '' );
insert into Dataitem ( DATAFORMATID, DATANAME, COLNUMBER, DATAID, PROCESS_INSTRUCTION ) values ( 'DC_E_CUDB:((3)):DC_E_CUDB_PLMNSUB:3gpp32435', 'HOUR_ID', 55, 'HOUR_ID', '' );
insert into Dataitem ( DATAFORMATID, DATANAME, COLNUMBER, DATAID, PROCESS_INSTRUCTION ) values ( 'DC_E_CUDB:((3)):DC_E_CUDB_PLMNSUB:3gpp32435', 'MIN_ID', 57, 'MIN_ID', '' );
insert into Dataitem ( DATAFORMATID, DATANAME, COLNUMBER, DATAID, PROCESS_INSTRUCTION ) values ( 'DC_E_CUDB:((3)):DC_E_CUDB_PLMNSUB:3gpp32435', 'MONTH_ID', 53, 'MONTH_ID', '' );
insert into Dataitem ( DATAFORMATID, DATANAME, COLNUMBER, DATAID, PROCESS_INSTRUCTION ) values ( 'DC_E_CUDB:((3)):DC_E_CUDB_PLMNSUB:3gpp32435', 'NE_ID', 2, 'NEID', '' );
insert into Dataitem ( DATAFORMATID, DATANAME, COLNUMBER, DATAID, PROCESS_INSTRUCTION ) values ( 'DC_E_CUDB:((3)):DC_E_CUDB_PLMNSUB:3gpp32435', 'OSS_ID', 1, 'OSS_ID', '' );
insert into Dataitem ( DATAFORMATID, DATANAME, COLNUMBER, DATAID, PROCESS_INSTRUCTION ) values ( 'DC_E_CUDB:((3)):DC_E_CUDB_PLMNSUB:3gpp32435', 'PERIOD_DURATION', 61, 'PERIOD_DURATION', '' );
insert into Dataitem ( DATAFORMATID, DATANAME, COLNUMBER, DATAID, PROCESS_INSTRUCTION ) values ( 'DC_E_CUDB:((3)):DC_E_CUDB_PLMNSUB:3gpp32435', 'PLMNCNT', 101, 'PLMNCNT.actual', '' );
insert into Dataitem ( DATAFORMATID, DATANAME, COLNUMBER, DATAID, PROCESS_INSTRUCTION ) values ( 'DC_E_CUDB:((3)):DC_E_CUDB_PLMNSUB:3gpp32435', 'ROWSTATUS', 62, 'ROWSTATUS', '' );
insert into Dataitem ( DATAFORMATID, DATANAME, COLNUMBER, DATAID, PROCESS_INSTRUCTION ) values ( 'DC_E_CUDB:((3)):DC_E_CUDB_PLMNSUB:3gpp32435', 'SESSION_ID', 59, 'SESSION_ID', '' );
insert into Dataitem ( DATAFORMATID, DATANAME, COLNUMBER, DATAID, PROCESS_INSTRUCTION ) values ( 'DC_E_CUDB:((3)):DC_E_CUDB_PLMNSUB:3gpp32435', 'TIMELEVEL', 58, 'TIMELEVEL', '' );
insert into Dataitem ( DATAFORMATID, DATANAME, COLNUMBER, DATAID, PROCESS_INSTRUCTION ) values ( 'DC_E_CUDB:((3)):DC_E_CUDB_PLMNSUB:3gpp32435', 'UTC_DATETIME_ID', 67, 'UTC_DATETIME_ID', '' );
insert into Dataitem ( DATAFORMATID, DATANAME, COLNUMBER, DATAID, PROCESS_INSTRUCTION ) values ( 'DC_E_CUDB:((3)):DC_E_CUDB_PLMNSUB:3gpp32435', 'YEAR_ID', 52, 'YEAR_ID', '' );
insert into Dataformat ( DATAFORMATID, TYPEID, VERSIONID, OBJECTTYPE, FOLDERNAME, DATAFORMATTYPE ) values ( 'DC_E_CUDB:((3)):DC_E_CUDB_ALLBSG:3gpp32435', 'DC_E_CUDB:((3)):DC_E_CUDB_ALLBSG', 'DC_E_CUDB:((3))', 'Measurement', 'DC_E_CUDB_ALLBSG', '3gpp32435' );
insert into Defaulttags ( TAGID, DATAFORMATID, DESCRIPTION ) values ( 'ALLBSG', 'DC_E_CUDB:((3)):DC_E_CUDB_ALLBSG:3gpp32435', 'Default tags for DC_E_CUDB_ALLBSG in DC_E_CUDB:((3)) with format 3GPP32435.' );
insert into Dataitem ( DATAFORMATID, DATANAME, COLNUMBER, DATAID, PROCESS_INSTRUCTION ) values ( 'DC_E_CUDB:((3)):DC_E_CUDB_ALLBSG:3gpp32435', 'BATCH_ID', 60, 'BATCH_ID', '' );
insert into Dataitem ( DATAFORMATID, DATANAME, COLNUMBER, DATAID, PROCESS_INSTRUCTION ) values ( 'DC_E_CUDB:((3)):DC_E_CUDB_ALLBSG:3gpp32435', 'DATE_ID', 51, 'DATE_ID', '' );
insert into Dataitem ( DATAFORMATID, DATANAME, COLNUMBER, DATAID, PROCESS_INSTRUCTION ) values ( 'DC_E_CUDB:((3)):DC_E_CUDB_ALLBSG:3gpp32435', 'DATETIME_ID', 56, 'DATETIME_ID', '' );
insert into Dataitem ( DATAFORMATID, DATANAME, COLNUMBER, DATAID, PROCESS_INSTRUCTION ) values ( 'DC_E_CUDB:((3)):DC_E_CUDB_ALLBSG:3gpp32435', 'DAY_ID', 54, 'DAY_ID', '' );
insert into Dataitem ( DATAFORMATID, DATANAME, COLNUMBER, DATAID, PROCESS_INSTRUCTION ) values ( 'DC_E_CUDB:((3)):DC_E_CUDB_ALLBSG:3gpp32435', 'DC_RELEASE', 63, 'DC_RELEASE', '' );
insert into Dataitem ( DATAFORMATID, DATANAME, COLNUMBER, DATAID, PROCESS_INSTRUCTION ) values ( 'DC_E_CUDB:((3)):DC_E_CUDB_ALLBSG:3gpp32435', 'DC_SOURCE', 64, 'DC_SOURCE', '' );
insert into Dataitem ( DATAFORMATID, DATANAME, COLNUMBER, DATAID, PROCESS_INSTRUCTION ) values ( 'DC_E_CUDB:((3)):DC_E_CUDB_ALLBSG:3gpp32435', 'DC_SUSPECTFLAG', 66, 'DC_SUSPECTFLAG', '' );
insert into Dataitem ( DATAFORMATID, DATANAME, COLNUMBER, DATAID, PROCESS_INSTRUCTION ) values ( 'DC_E_CUDB:((3)):DC_E_CUDB_ALLBSG:3gpp32435', 'DC_TIMEZONE', 65, 'DC_TIMEZONE', '' );
insert into Dataitem ( DATAFORMATID, DATANAME, COLNUMBER, DATAID, PROCESS_INSTRUCTION ) values ( 'DC_E_CUDB:((3)):DC_E_CUDB_ALLBSG:3gpp32435', 'HOUR_ID', 55, 'HOUR_ID', '' );
insert into Dataitem ( DATAFORMATID, DATANAME, COLNUMBER, DATAID, PROCESS_INSTRUCTION ) values ( 'DC_E_CUDB:((3)):DC_E_CUDB_ALLBSG:3gpp32435', 'MIN_ID', 57, 'MIN_ID', '' );
insert into Dataitem ( DATAFORMATID, DATANAME, COLNUMBER, DATAID, PROCESS_INSTRUCTION ) values ( 'DC_E_CUDB:((3)):DC_E_CUDB_ALLBSG:3gpp32435', 'MONTH_ID', 53, 'MONTH_ID', '' );
insert into Dataitem ( DATAFORMATID, DATANAME, COLNUMBER, DATAID, PROCESS_INSTRUCTION ) values ( 'DC_E_CUDB:((3)):DC_E_CUDB_ALLBSG:3gpp32435', 'NALLBSGACR', 124, 'NALLBSGACR.actual', '' );
insert into Dataitem ( DATAFORMATID, DATANAME, COLNUMBER, DATAID, PROCESS_INSTRUCTION ) values ( 'DC_E_CUDB:((3)):DC_E_CUDB_ALLBSG:3gpp32435', 'NALLBSGAOCC', 102, 'NALLBSGAOCC.actual', '' );
insert into Dataitem ( DATAFORMATID, DATANAME, COLNUMBER, DATAID, PROCESS_INSTRUCTION ) values ( 'DC_E_CUDB:((3)):DC_E_CUDB_ALLBSG:3gpp32435', 'NALLBSGAOCI', 101, 'NALLBSGAOCI.actual', '' );
insert into Dataitem ( DATAFORMATID, DATANAME, COLNUMBER, DATAID, PROCESS_INSTRUCTION ) values ( 'DC_E_CUDB:((3)):DC_E_CUDB_ALLBSG:3gpp32435', 'NALLBSGASL', 120, 'NALLBSGASL.actual', '' );
insert into Dataitem ( DATAFORMATID, DATANAME, COLNUMBER, DATAID, PROCESS_INSTRUCTION ) values ( 'DC_E_CUDB:((3)):DC_E_CUDB_ALLBSG:3gpp32435', 'NALLBSGBSL', 119, 'NALLBSGBSL.actual', '' );
insert into Dataitem ( DATAFORMATID, DATANAME, COLNUMBER, DATAID, PROCESS_INSTRUCTION ) values ( 'DC_E_CUDB:((3)):DC_E_CUDB_ALLBSG:3gpp32435', 'NALLBSGCLIP', 108, 'NALLBSGCLIP.actual', '' );
insert into Dataitem ( DATAFORMATID, DATANAME, COLNUMBER, DATAID, PROCESS_INSTRUCTION ) values ( 'DC_E_CUDB:((3)):DC_E_CUDB_ALLBSG:3gpp32435', 'NALLBSGCLIR', 109, 'NALLBSGCLIR.actual', '' );
insert into Dataitem ( DATAFORMATID, DATANAME, COLNUMBER, DATAID, PROCESS_INSTRUCTION ) values ( 'DC_E_CUDB:((3)):DC_E_CUDB_ALLBSG:3gpp32435', 'NALLBSGCOLP', 110, 'NALLBSGCOLP.actual', '' );
insert into Dataitem ( DATAFORMATID, DATANAME, COLNUMBER, DATAID, PROCESS_INSTRUCTION ) values ( 'DC_E_CUDB:((3)):DC_E_CUDB_ALLBSG:3gpp32435', 'NALLBSGCOLR', 111, 'NALLBSGCOLR.actual', '' );
insert into Dataitem ( DATAFORMATID, DATANAME, COLNUMBER, DATAID, PROCESS_INSTRUCTION ) values ( 'DC_E_CUDB:((3)):DC_E_CUDB_ALLBSG:3gpp32435', 'NALLBSGCREL', 116, 'NALLBSGCREL.actual', '' );
insert into Dataitem ( DATAFORMATID, DATANAME, COLNUMBER, DATAID, PROCESS_INSTRUCTION ) values ( 'DC_E_CUDB:((3)):DC_E_CUDB_ALLBSG:3gpp32435', 'NALLBSGCUNRL', 117, 'NALLBSGCUNRL.actual', '' );
insert into Dataitem ( DATAFORMATID, DATANAME, COLNUMBER, DATAID, PROCESS_INSTRUCTION ) values ( 'DC_E_CUDB:((3)):DC_E_CUDB_ALLBSG:3gpp32435', 'NALLBSGECT', 122, 'NALLBSGECT.actual', '' );
insert into Dataitem ( DATAFORMATID, DATANAME, COLNUMBER, DATAID, PROCESS_INSTRUCTION ) values ( 'DC_E_CUDB:((3)):DC_E_CUDB_ALLBSG:3gpp32435', 'NALLBSGEMLPP', 114, 'NALLBSGEMLPP.actual', '' );
insert into Dataitem ( DATAFORMATID, DATANAME, COLNUMBER, DATAID, PROCESS_INSTRUCTION ) values ( 'DC_E_CUDB:((3)):DC_E_CUDB_ALLBSG:3gpp32435', 'NALLBSGHOLD', 103, 'NALLBSGHOLD.actual', '' );
insert into Dataitem ( DATAFORMATID, DATANAME, COLNUMBER, DATAID, PROCESS_INSTRUCTION ) values ( 'DC_E_CUDB:((3)):DC_E_CUDB_ALLBSG:3gpp32435', 'NALLBSGICI', 104, 'NALLBSGICI.actual', '' );
insert into Dataitem ( DATAFORMATID, DATANAME, COLNUMBER, DATAID, PROCESS_INSTRUCTION ) values ( 'DC_E_CUDB:((3)):DC_E_CUDB_ALLBSG:3gpp32435', 'NALLBSGMCA', 126, 'NALLBSGMCA.actual', '' );
insert into Dataitem ( DATAFORMATID, DATANAME, COLNUMBER, DATAID, PROCESS_INSTRUCTION ) values ( 'DC_E_CUDB:((3)):DC_E_CUDB_ALLBSG:3gpp32435', 'NALLBSGMPTY', 107, 'NALLBSGMPTY.actual', '' );
insert into Dataitem ( DATAFORMATID, DATANAME, COLNUMBER, DATAID, PROCESS_INSTRUCTION ) values ( 'DC_E_CUDB:((3)):DC_E_CUDB_ALLBSG:3gpp32435', 'NALLBSGOICK', 112, 'NALLBSGOICK.actual', '' );
insert into Dataitem ( DATAFORMATID, DATANAME, COLNUMBER, DATAID, PROCESS_INSTRUCTION ) values ( 'DC_E_CUDB:((3)):DC_E_CUDB_ALLBSG:3gpp32435', 'NALLBSGOIN', 105, 'NALLBSGOIN.actual', '' );
insert into Dataitem ( DATAFORMATID, DATANAME, COLNUMBER, DATAID, PROCESS_INSTRUCTION ) values ( 'DC_E_CUDB:((3)):DC_E_CUDB_ALLBSG:3gpp32435', 'NALLBSGPLMNO', 118, 'NALLBSGPLMNO.actual', '' );
insert into Dataitem ( DATAFORMATID, DATANAME, COLNUMBER, DATAID, PROCESS_INSTRUCTION ) values ( 'DC_E_CUDB:((3)):DC_E_CUDB_ALLBSG:3gpp32435', 'NALLBSGRTCA', 125, 'NALLBSGRTCA.actual', '' );
insert into Dataitem ( DATAFORMATID, DATANAME, COLNUMBER, DATAID, PROCESS_INSTRUCTION ) values ( 'DC_E_CUDB:((3)):DC_E_CUDB_ALLBSG:3gpp32435', 'NALLBSGSERVTL', 123, 'NALLBSGSERVTL.actual', '' );
insert into Dataitem ( DATAFORMATID, DATANAME, COLNUMBER, DATAID, PROCESS_INSTRUCTION ) values ( 'DC_E_CUDB:((3)):DC_E_CUDB_ALLBSG:3gpp32435', 'NALLBSGTICK', 113, 'NALLBSGTICK.actual', '' );
insert into Dataitem ( DATAFORMATID, DATANAME, COLNUMBER, DATAID, PROCESS_INSTRUCTION ) values ( 'DC_E_CUDB:((3)):DC_E_CUDB_ALLBSG:3gpp32435', 'NALLBSGTIN', 106, 'NALLBSGTIN.actual', '' );
insert into Dataitem ( DATAFORMATID, DATANAME, COLNUMBER, DATAID, PROCESS_INSTRUCTION ) values ( 'DC_E_CUDB:((3)):DC_E_CUDB_ALLBSG:3gpp32435', 'NALLBSGTTP', 121, 'NALLBSGTTP.actual', '' );
insert into Dataitem ( DATAFORMATID, DATANAME, COLNUMBER, DATAID, PROCESS_INSTRUCTION ) values ( 'DC_E_CUDB:((3)):DC_E_CUDB_ALLBSG:3gpp32435', 'NALLBSGUNIV', 115, 'NALLBSGUNIV.actual', '' );
insert into Dataitem ( DATAFORMATID, DATANAME, COLNUMBER, DATAID, PROCESS_INSTRUCTION ) values ( 'DC_E_CUDB:((3)):DC_E_CUDB_ALLBSG:3gpp32435', 'NE_ID', 2, 'NEID', '' );
insert into Dataitem ( DATAFORMATID, DATANAME, COLNUMBER, DATAID, PROCESS_INSTRUCTION ) values ( 'DC_E_CUDB:((3)):DC_E_CUDB_ALLBSG:3gpp32435', 'OSS_ID', 1, 'OSS_ID', '' );
insert into Dataitem ( DATAFORMATID, DATANAME, COLNUMBER, DATAID, PROCESS_INSTRUCTION ) values ( 'DC_E_CUDB:((3)):DC_E_CUDB_ALLBSG:3gpp32435', 'PERIOD_DURATION', 61, 'PERIOD_DURATION', '' );
insert into Dataitem ( DATAFORMATID, DATANAME, COLNUMBER, DATAID, PROCESS_INSTRUCTION ) values ( 'DC_E_CUDB:((3)):DC_E_CUDB_ALLBSG:3gpp32435', 'ROWSTATUS', 62, 'ROWSTATUS', '' );
insert into Dataitem ( DATAFORMATID, DATANAME, COLNUMBER, DATAID, PROCESS_INSTRUCTION ) values ( 'DC_E_CUDB:((3)):DC_E_CUDB_ALLBSG:3gpp32435', 'SESSION_ID', 59, 'SESSION_ID', '' );
insert into Dataitem ( DATAFORMATID, DATANAME, COLNUMBER, DATAID, PROCESS_INSTRUCTION ) values ( 'DC_E_CUDB:((3)):DC_E_CUDB_ALLBSG:3gpp32435', 'TIMELEVEL', 58, 'TIMELEVEL', '' );
insert into Dataitem ( DATAFORMATID, DATANAME, COLNUMBER, DATAID, PROCESS_INSTRUCTION ) values ( 'DC_E_CUDB:((3)):DC_E_CUDB_ALLBSG:3gpp32435', 'UTC_DATETIME_ID', 67, 'UTC_DATETIME_ID', '' );
insert into Dataitem ( DATAFORMATID, DATANAME, COLNUMBER, DATAID, PROCESS_INSTRUCTION ) values ( 'DC_E_CUDB:((3)):DC_E_CUDB_ALLBSG:3gpp32435', 'YEAR_ID', 52, 'YEAR_ID', '' );
insert into Dataformat ( DATAFORMATID, TYPEID, VERSIONID, OBJECTTYPE, FOLDERNAME, DATAFORMATTYPE ) values ( 'DC_E_CUDB:((3)):DC_E_CUDB_SPEECH:3gpp32435', 'DC_E_CUDB:((3)):DC_E_CUDB_SPEECH', 'DC_E_CUDB:((3))', 'Measurement', 'DC_E_CUDB_SPEECH', '3gpp32435' );
insert into Defaulttags ( TAGID, DATAFORMATID, DESCRIPTION ) values ( 'SPEECH', 'DC_E_CUDB:((3)):DC_E_CUDB_SPEECH:3gpp32435', 'Default tags for DC_E_CUDB_SPEECH in DC_E_CUDB:((3)) with format 3GPP32435.' );
insert into Dataitem ( DATAFORMATID, DATANAME, COLNUMBER, DATAID, PROCESS_INSTRUCTION ) values ( 'DC_E_CUDB:((3)):DC_E_CUDB_SPEECH:3gpp32435', 'BATCH_ID', 60, 'BATCH_ID', '' );
insert into Dataitem ( DATAFORMATID, DATANAME, COLNUMBER, DATAID, PROCESS_INSTRUCTION ) values ( 'DC_E_CUDB:((3)):DC_E_CUDB_SPEECH:3gpp32435', 'DATE_ID', 51, 'DATE_ID', '' );
insert into Dataitem ( DATAFORMATID, DATANAME, COLNUMBER, DATAID, PROCESS_INSTRUCTION ) values ( 'DC_E_CUDB:((3)):DC_E_CUDB_SPEECH:3gpp32435', 'DATETIME_ID', 56, 'DATETIME_ID', '' );
insert into Dataitem ( DATAFORMATID, DATANAME, COLNUMBER, DATAID, PROCESS_INSTRUCTION ) values ( 'DC_E_CUDB:((3)):DC_E_CUDB_SPEECH:3gpp32435', 'DAY_ID', 54, 'DAY_ID', '' );
insert into Dataitem ( DATAFORMATID, DATANAME, COLNUMBER, DATAID, PROCESS_INSTRUCTION ) values ( 'DC_E_CUDB:((3)):DC_E_CUDB_SPEECH:3gpp32435', 'DC_RELEASE', 63, 'DC_RELEASE', '' );
insert into Dataitem ( DATAFORMATID, DATANAME, COLNUMBER, DATAID, PROCESS_INSTRUCTION ) values ( 'DC_E_CUDB:((3)):DC_E_CUDB_SPEECH:3gpp32435', 'DC_SOURCE', 64, 'DC_SOURCE', '' );
insert into Dataitem ( DATAFORMATID, DATANAME, COLNUMBER, DATAID, PROCESS_INSTRUCTION ) values ( 'DC_E_CUDB:((3)):DC_E_CUDB_SPEECH:3gpp32435', 'DC_SUSPECTFLAG', 66, 'DC_SUSPECTFLAG', '' );
insert into Dataitem ( DATAFORMATID, DATANAME, COLNUMBER, DATAID, PROCESS_INSTRUCTION ) values ( 'DC_E_CUDB:((3)):DC_E_CUDB_SPEECH:3gpp32435', 'DC_TIMEZONE', 65, 'DC_TIMEZONE', '' );
insert into Dataitem ( DATAFORMATID, DATANAME, COLNUMBER, DATAID, PROCESS_INSTRUCTION ) values ( 'DC_E_CUDB:((3)):DC_E_CUDB_SPEECH:3gpp32435', 'HOUR_ID', 55, 'HOUR_ID', '' );
insert into Dataitem ( DATAFORMATID, DATANAME, COLNUMBER, DATAID, PROCESS_INSTRUCTION ) values ( 'DC_E_CUDB:((3)):DC_E_CUDB_SPEECH:3gpp32435', 'MIN_ID', 57, 'MIN_ID', '' );
insert into Dataitem ( DATAFORMATID, DATANAME, COLNUMBER, DATAID, PROCESS_INSTRUCTION ) values ( 'DC_E_CUDB:((3)):DC_E_CUDB_SPEECH:3gpp32435', 'MONTH_ID', 53, 'MONTH_ID', '' );
insert into Dataitem ( DATAFORMATID, DATANAME, COLNUMBER, DATAID, PROCESS_INSTRUCTION ) values ( 'DC_E_CUDB:((3)):DC_E_CUDB_SPEECH:3gpp32435', 'NE_ID', 2, 'NEID', '' );
insert into Dataitem ( DATAFORMATID, DATANAME, COLNUMBER, DATAID, PROCESS_INSTRUCTION ) values ( 'DC_E_CUDB:((3)):DC_E_CUDB_SPEECH:3gpp32435', 'NSPEECHBAIC', 108, 'NSPEECHBAIC.actual', '' );
insert into Dataitem ( DATAFORMATID, DATANAME, COLNUMBER, DATAID, PROCESS_INSTRUCTION ) values ( 'DC_E_CUDB:((3)):DC_E_CUDB_SPEECH:3gpp32435', 'NSPEECHBAOC', 105, 'NSPEECHBAOC.actual', '' );
insert into Dataitem ( DATAFORMATID, DATANAME, COLNUMBER, DATAID, PROCESS_INSTRUCTION ) values ( 'DC_E_CUDB:((3)):DC_E_CUDB_SPEECH:3gpp32435', 'NSPEECHBICRO', 109, 'NSPEECHBICRO.actual', '' );
insert into Dataitem ( DATAFORMATID, DATANAME, COLNUMBER, DATAID, PROCESS_INSTRUCTION ) values ( 'DC_E_CUDB:((3)):DC_E_CUDB_SPEECH:3gpp32435', 'NSPEECHBOIC', 106, 'NSPEECHBOIC.actual', '' );
insert into Dataitem ( DATAFORMATID, DATANAME, COLNUMBER, DATAID, PROCESS_INSTRUCTION ) values ( 'DC_E_CUDB:((3)):DC_E_CUDB_SPEECH:3gpp32435', 'NSPEECHBOIEXH', 107, 'NSPEECHBOIEXH.actual', '' );
insert into Dataitem ( DATAFORMATID, DATANAME, COLNUMBER, DATAID, PROCESS_INSTRUCTION ) values ( 'DC_E_CUDB:((3)):DC_E_CUDB_SPEECH:3gpp32435', 'NSPEECHCAW', 110, 'NSPEECHCAW.actual', '' );
insert into Dataitem ( DATAFORMATID, DATANAME, COLNUMBER, DATAID, PROCESS_INSTRUCTION ) values ( 'DC_E_CUDB:((3)):DC_E_CUDB_SPEECH:3gpp32435', 'NSPEECHCFB', 102, 'NSPEECHCFB.actual', '' );
insert into Dataitem ( DATAFORMATID, DATANAME, COLNUMBER, DATAID, PROCESS_INSTRUCTION ) values ( 'DC_E_CUDB:((3)):DC_E_CUDB_SPEECH:3gpp32435', 'NSPEECHCFNRC', 104, 'NSPEECHCFNRC.actual', '' );
insert into Dataitem ( DATAFORMATID, DATANAME, COLNUMBER, DATAID, PROCESS_INSTRUCTION ) values ( 'DC_E_CUDB:((3)):DC_E_CUDB_SPEECH:3gpp32435', 'NSPEECHCFNRY', 103, 'NSPEECHCFNRY.actual', '' );
insert into Dataitem ( DATAFORMATID, DATANAME, COLNUMBER, DATAID, PROCESS_INSTRUCTION ) values ( 'DC_E_CUDB:((3)):DC_E_CUDB_SPEECH:3gpp32435', 'NSPEECHCFU', 101, 'NSPEECHCFU.actual', '' );
insert into Dataitem ( DATAFORMATID, DATANAME, COLNUMBER, DATAID, PROCESS_INSTRUCTION ) values ( 'DC_E_CUDB:((3)):DC_E_CUDB_SPEECH:3gpp32435', 'NSPEECHDCF', 112, 'NSPEECHDCF.actual', '' );
insert into Dataitem ( DATAFORMATID, DATANAME, COLNUMBER, DATAID, PROCESS_INSTRUCTION ) values ( 'DC_E_CUDB:((3)):DC_E_CUDB_SPEECH:3gpp32435', 'NSPEECHSPN', 111, 'NSPEECHSPN.actual', '' );
insert into Dataitem ( DATAFORMATID, DATANAME, COLNUMBER, DATAID, PROCESS_INSTRUCTION ) values ( 'DC_E_CUDB:((3)):DC_E_CUDB_SPEECH:3gpp32435', 'OSS_ID', 1, 'OSS_ID', '' );
insert into Dataitem ( DATAFORMATID, DATANAME, COLNUMBER, DATAID, PROCESS_INSTRUCTION ) values ( 'DC_E_CUDB:((3)):DC_E_CUDB_SPEECH:3gpp32435', 'PERIOD_DURATION', 61, 'PERIOD_DURATION', '' );
insert into Dataitem ( DATAFORMATID, DATANAME, COLNUMBER, DATAID, PROCESS_INSTRUCTION ) values ( 'DC_E_CUDB:((3)):DC_E_CUDB_SPEECH:3gpp32435', 'ROWSTATUS', 62, 'ROWSTATUS', '' );
insert into Dataitem ( DATAFORMATID, DATANAME, COLNUMBER, DATAID, PROCESS_INSTRUCTION ) values ( 'DC_E_CUDB:((3)):DC_E_CUDB_SPEECH:3gpp32435', 'SESSION_ID', 59, 'SESSION_ID', '' );
insert into Dataitem ( DATAFORMATID, DATANAME, COLNUMBER, DATAID, PROCESS_INSTRUCTION ) values ( 'DC_E_CUDB:((3)):DC_E_CUDB_SPEECH:3gpp32435', 'TIMELEVEL', 58, 'TIMELEVEL', '' );
insert into Dataitem ( DATAFORMATID, DATANAME, COLNUMBER, DATAID, PROCESS_INSTRUCTION ) values ( 'DC_E_CUDB:((3)):DC_E_CUDB_SPEECH:3gpp32435', 'UTC_DATETIME_ID', 67, 'UTC_DATETIME_ID', '' );
insert into Dataitem ( DATAFORMATID, DATANAME, COLNUMBER, DATAID, PROCESS_INSTRUCTION ) values ( 'DC_E_CUDB:((3)):DC_E_CUDB_SPEECH:3gpp32435', 'YEAR_ID', 52, 'YEAR_ID', '' );
insert into Dataformat ( DATAFORMATID, TYPEID, VERSIONID, OBJECTTYPE, FOLDERNAME, DATAFORMATTYPE ) values ( 'DC_E_CUDB:((3)):DC_E_CUDB_SMS:3gpp32435', 'DC_E_CUDB:((3)):DC_E_CUDB_SMS', 'DC_E_CUDB:((3))', 'Measurement', 'DC_E_CUDB_SMS', '3gpp32435' );
insert into Defaulttags ( TAGID, DATAFORMATID, DESCRIPTION ) values ( 'SMS', 'DC_E_CUDB:((3)):DC_E_CUDB_SMS:3gpp32435', 'Default tags for DC_E_CUDB_SMS in DC_E_CUDB:((3)) with format 3GPP32435.' );
insert into Dataitem ( DATAFORMATID, DATANAME, COLNUMBER, DATAID, PROCESS_INSTRUCTION ) values ( 'DC_E_CUDB:((3)):DC_E_CUDB_SMS:3gpp32435', 'BATCH_ID', 60, 'BATCH_ID', '' );
insert into Dataitem ( DATAFORMATID, DATANAME, COLNUMBER, DATAID, PROCESS_INSTRUCTION ) values ( 'DC_E_CUDB:((3)):DC_E_CUDB_SMS:3gpp32435', 'DATE_ID', 51, 'DATE_ID', '' );
insert into Dataitem ( DATAFORMATID, DATANAME, COLNUMBER, DATAID, PROCESS_INSTRUCTION ) values ( 'DC_E_CUDB:((3)):DC_E_CUDB_SMS:3gpp32435', 'DATETIME_ID', 56, 'DATETIME_ID', '' );
insert into Dataitem ( DATAFORMATID, DATANAME, COLNUMBER, DATAID, PROCESS_INSTRUCTION ) values ( 'DC_E_CUDB:((3)):DC_E_CUDB_SMS:3gpp32435', 'DAY_ID', 54, 'DAY_ID', '' );
insert into Dataitem ( DATAFORMATID, DATANAME, COLNUMBER, DATAID, PROCESS_INSTRUCTION ) values ( 'DC_E_CUDB:((3)):DC_E_CUDB_SMS:3gpp32435', 'DC_RELEASE', 63, 'DC_RELEASE', '' );
insert into Dataitem ( DATAFORMATID, DATANAME, COLNUMBER, DATAID, PROCESS_INSTRUCTION ) values ( 'DC_E_CUDB:((3)):DC_E_CUDB_SMS:3gpp32435', 'DC_SOURCE', 64, 'DC_SOURCE', '' );
insert into Dataitem ( DATAFORMATID, DATANAME, COLNUMBER, DATAID, PROCESS_INSTRUCTION ) values ( 'DC_E_CUDB:((3)):DC_E_CUDB_SMS:3gpp32435', 'DC_SUSPECTFLAG', 66, 'DC_SUSPECTFLAG', '' );
insert into Dataitem ( DATAFORMATID, DATANAME, COLNUMBER, DATAID, PROCESS_INSTRUCTION ) values ( 'DC_E_CUDB:((3)):DC_E_CUDB_SMS:3gpp32435', 'DC_TIMEZONE', 65, 'DC_TIMEZONE', '' );
insert into Dataitem ( DATAFORMATID, DATANAME, COLNUMBER, DATAID, PROCESS_INSTRUCTION ) values ( 'DC_E_CUDB:((3)):DC_E_CUDB_SMS:3gpp32435', 'HOUR_ID', 55, 'HOUR_ID', '' );
insert into Dataitem ( DATAFORMATID, DATANAME, COLNUMBER, DATAID, PROCESS_INSTRUCTION ) values ( 'DC_E_CUDB:((3)):DC_E_CUDB_SMS:3gpp32435', 'MIN_ID', 57, 'MIN_ID', '' );
insert into Dataitem ( DATAFORMATID, DATANAME, COLNUMBER, DATAID, PROCESS_INSTRUCTION ) values ( 'DC_E_CUDB:((3)):DC_E_CUDB_SMS:3gpp32435', 'MONTH_ID', 53, 'MONTH_ID', '' );
insert into Dataitem ( DATAFORMATID, DATANAME, COLNUMBER, DATAID, PROCESS_INSTRUCTION ) values ( 'DC_E_CUDB:((3)):DC_E_CUDB_SMS:3gpp32435', 'NE_ID', 2, 'NEID', '' );
insert into Dataitem ( DATAFORMATID, DATANAME, COLNUMBER, DATAID, PROCESS_INSTRUCTION ) values ( 'DC_E_CUDB:((3)):DC_E_CUDB_SMS:3gpp32435', 'NSMSBAIC', 104, 'NSMSBAIC.actual', '' );
insert into Dataitem ( DATAFORMATID, DATANAME, COLNUMBER, DATAID, PROCESS_INSTRUCTION ) values ( 'DC_E_CUDB:((3)):DC_E_CUDB_SMS:3gpp32435', 'NSMSBAOC', 101, 'NSMSBAOC.actual', '' );
insert into Dataitem ( DATAFORMATID, DATANAME, COLNUMBER, DATAID, PROCESS_INSTRUCTION ) values ( 'DC_E_CUDB:((3)):DC_E_CUDB_SMS:3gpp32435', 'NSMSBICRO', 105, 'NSMSBICRO.actual', '' );
insert into Dataitem ( DATAFORMATID, DATANAME, COLNUMBER, DATAID, PROCESS_INSTRUCTION ) values ( 'DC_E_CUDB:((3)):DC_E_CUDB_SMS:3gpp32435', 'NSMSBOIC', 102, 'NSMSBOIC.actual', '' );
insert into Dataitem ( DATAFORMATID, DATANAME, COLNUMBER, DATAID, PROCESS_INSTRUCTION ) values ( 'DC_E_CUDB:((3)):DC_E_CUDB_SMS:3gpp32435', 'NSMSBOIEXH', 103, 'NSMSBOIEXH.actual', '' );
insert into Dataitem ( DATAFORMATID, DATANAME, COLNUMBER, DATAID, PROCESS_INSTRUCTION ) values ( 'DC_E_CUDB:((3)):DC_E_CUDB_SMS:3gpp32435', 'OSS_ID', 1, 'OSS_ID', '' );
insert into Dataitem ( DATAFORMATID, DATANAME, COLNUMBER, DATAID, PROCESS_INSTRUCTION ) values ( 'DC_E_CUDB:((3)):DC_E_CUDB_SMS:3gpp32435', 'PERIOD_DURATION', 61, 'PERIOD_DURATION', '' );
insert into Dataitem ( DATAFORMATID, DATANAME, COLNUMBER, DATAID, PROCESS_INSTRUCTION ) values ( 'DC_E_CUDB:((3)):DC_E_CUDB_SMS:3gpp32435', 'ROWSTATUS', 62, 'ROWSTATUS', '' );
insert into Dataitem ( DATAFORMATID, DATANAME, COLNUMBER, DATAID, PROCESS_INSTRUCTION ) values ( 'DC_E_CUDB:((3)):DC_E_CUDB_SMS:3gpp32435', 'SESSION_ID', 59, 'SESSION_ID', '' );
insert into Dataitem ( DATAFORMATID, DATANAME, COLNUMBER, DATAID, PROCESS_INSTRUCTION ) values ( 'DC_E_CUDB:((3)):DC_E_CUDB_SMS:3gpp32435', 'TIMELEVEL', 58, 'TIMELEVEL', '' );
insert into Dataitem ( DATAFORMATID, DATANAME, COLNUMBER, DATAID, PROCESS_INSTRUCTION ) values ( 'DC_E_CUDB:((3)):DC_E_CUDB_SMS:3gpp32435', 'UTC_DATETIME_ID', 67, 'UTC_DATETIME_ID', '' );
insert into Dataitem ( DATAFORMATID, DATANAME, COLNUMBER, DATAID, PROCESS_INSTRUCTION ) values ( 'DC_E_CUDB:((3)):DC_E_CUDB_SMS:3gpp32435', 'YEAR_ID', 52, 'YEAR_ID', '' );
insert into Dataformat ( DATAFORMATID, TYPEID, VERSIONID, OBJECTTYPE, FOLDERNAME, DATAFORMATTYPE ) values ( 'DC_E_CUDB:((3)):DC_E_CUDB_FACSIM:3gpp32435', 'DC_E_CUDB:((3)):DC_E_CUDB_FACSIM', 'DC_E_CUDB:((3))', 'Measurement', 'DC_E_CUDB_FACSIM', '3gpp32435' );
insert into Defaulttags ( TAGID, DATAFORMATID, DESCRIPTION ) values ( 'FACSIM', 'DC_E_CUDB:((3)):DC_E_CUDB_FACSIM:3gpp32435', 'Default tags for DC_E_CUDB_FACSIM in DC_E_CUDB:((3)) with format 3GPP32435.' );
insert into Dataitem ( DATAFORMATID, DATANAME, COLNUMBER, DATAID, PROCESS_INSTRUCTION ) values ( 'DC_E_CUDB:((3)):DC_E_CUDB_FACSIM:3gpp32435', 'BATCH_ID', 60, 'BATCH_ID', '' );
insert into Dataitem ( DATAFORMATID, DATANAME, COLNUMBER, DATAID, PROCESS_INSTRUCTION ) values ( 'DC_E_CUDB:((3)):DC_E_CUDB_FACSIM:3gpp32435', 'DATE_ID', 51, 'DATE_ID', '' );
insert into Dataitem ( DATAFORMATID, DATANAME, COLNUMBER, DATAID, PROCESS_INSTRUCTION ) values ( 'DC_E_CUDB:((3)):DC_E_CUDB_FACSIM:3gpp32435', 'DATETIME_ID', 56, 'DATETIME_ID', '' );
insert into Dataitem ( DATAFORMATID, DATANAME, COLNUMBER, DATAID, PROCESS_INSTRUCTION ) values ( 'DC_E_CUDB:((3)):DC_E_CUDB_FACSIM:3gpp32435', 'DAY_ID', 54, 'DAY_ID', '' );
insert into Dataitem ( DATAFORMATID, DATANAME, COLNUMBER, DATAID, PROCESS_INSTRUCTION ) values ( 'DC_E_CUDB:((3)):DC_E_CUDB_FACSIM:3gpp32435', 'DC_RELEASE', 63, 'DC_RELEASE', '' );
insert into Dataitem ( DATAFORMATID, DATANAME, COLNUMBER, DATAID, PROCESS_INSTRUCTION ) values ( 'DC_E_CUDB:((3)):DC_E_CUDB_FACSIM:3gpp32435', 'DC_SOURCE', 64, 'DC_SOURCE', '' );
insert into Dataitem ( DATAFORMATID, DATANAME, COLNUMBER, DATAID, PROCESS_INSTRUCTION ) values ( 'DC_E_CUDB:((3)):DC_E_CUDB_FACSIM:3gpp32435', 'DC_SUSPECTFLAG', 66, 'DC_SUSPECTFLAG', '' );
insert into Dataitem ( DATAFORMATID, DATANAME, COLNUMBER, DATAID, PROCESS_INSTRUCTION ) values ( 'DC_E_CUDB:((3)):DC_E_CUDB_FACSIM:3gpp32435', 'DC_TIMEZONE', 65, 'DC_TIMEZONE', '' );
insert into Dataitem ( DATAFORMATID, DATANAME, COLNUMBER, DATAID, PROCESS_INSTRUCTION ) values ( 'DC_E_CUDB:((3)):DC_E_CUDB_FACSIM:3gpp32435', 'HOUR_ID', 55, 'HOUR_ID', '' );
insert into Dataitem ( DATAFORMATID, DATANAME, COLNUMBER, DATAID, PROCESS_INSTRUCTION ) values ( 'DC_E_CUDB:((3)):DC_E_CUDB_FACSIM:3gpp32435', 'MIN_ID', 57, 'MIN_ID', '' );
insert into Dataitem ( DATAFORMATID, DATANAME, COLNUMBER, DATAID, PROCESS_INSTRUCTION ) values ( 'DC_E_CUDB:((3)):DC_E_CUDB_FACSIM:3gpp32435', 'MONTH_ID', 53, 'MONTH_ID', '' );
insert into Dataitem ( DATAFORMATID, DATANAME, COLNUMBER, DATAID, PROCESS_INSTRUCTION ) values ( 'DC_E_CUDB:((3)):DC_E_CUDB_FACSIM:3gpp32435', 'NE_ID', 2, 'NEID', '' );
insert into Dataitem ( DATAFORMATID, DATANAME, COLNUMBER, DATAID, PROCESS_INSTRUCTION ) values ( 'DC_E_CUDB:((3)):DC_E_CUDB_FACSIM:3gpp32435', 'NFACSIMBAIC', 108, 'NFACSIMBAIC.actual', '' );
insert into Dataitem ( DATAFORMATID, DATANAME, COLNUMBER, DATAID, PROCESS_INSTRUCTION ) values ( 'DC_E_CUDB:((3)):DC_E_CUDB_FACSIM:3gpp32435', 'NFACSIMBAOC', 105, 'NFACSIMBAOC.actual', '' );
insert into Dataitem ( DATAFORMATID, DATANAME, COLNUMBER, DATAID, PROCESS_INSTRUCTION ) values ( 'DC_E_CUDB:((3)):DC_E_CUDB_FACSIM:3gpp32435', 'NFACSIMBICRO', 109, 'NFACSIMBICRO.actual', '' );
insert into Dataitem ( DATAFORMATID, DATANAME, COLNUMBER, DATAID, PROCESS_INSTRUCTION ) values ( 'DC_E_CUDB:((3)):DC_E_CUDB_FACSIM:3gpp32435', 'NFACSIMBOIC', 106, 'NFACSIMBOIC.actual', '' );
insert into Dataitem ( DATAFORMATID, DATANAME, COLNUMBER, DATAID, PROCESS_INSTRUCTION ) values ( 'DC_E_CUDB:((3)):DC_E_CUDB_FACSIM:3gpp32435', 'NFACSIMBOIEXH', 107, 'NFACSIMBOIEXH.actual', '' );
insert into Dataitem ( DATAFORMATID, DATANAME, COLNUMBER, DATAID, PROCESS_INSTRUCTION ) values ( 'DC_E_CUDB:((3)):DC_E_CUDB_FACSIM:3gpp32435', 'NFACSIMCAW', 110, 'NFACSIMCAW.actual', '' );
insert into Dataitem ( DATAFORMATID, DATANAME, COLNUMBER, DATAID, PROCESS_INSTRUCTION ) values ( 'DC_E_CUDB:((3)):DC_E_CUDB_FACSIM:3gpp32435', 'NFACSIMCFB', 102, 'NFACSIMCFB.actual', '' );
insert into Dataitem ( DATAFORMATID, DATANAME, COLNUMBER, DATAID, PROCESS_INSTRUCTION ) values ( 'DC_E_CUDB:((3)):DC_E_CUDB_FACSIM:3gpp32435', 'NFACSIMCFNRC', 104, 'NFACSIMCFNRC.actual', '' );
insert into Dataitem ( DATAFORMATID, DATANAME, COLNUMBER, DATAID, PROCESS_INSTRUCTION ) values ( 'DC_E_CUDB:((3)):DC_E_CUDB_FACSIM:3gpp32435', 'NFACSIMCFNRY', 103, 'NFACSIMCFNRY.actual', '' );
insert into Dataitem ( DATAFORMATID, DATANAME, COLNUMBER, DATAID, PROCESS_INSTRUCTION ) values ( 'DC_E_CUDB:((3)):DC_E_CUDB_FACSIM:3gpp32435', 'NFACSIMCFU', 101, 'NFACSIMCFU.actual', '' );
insert into Dataitem ( DATAFORMATID, DATANAME, COLNUMBER, DATAID, PROCESS_INSTRUCTION ) values ( 'DC_E_CUDB:((3)):DC_E_CUDB_FACSIM:3gpp32435', 'NFACSIMDCF', 111, 'NFACSIMDCF.actual', '' );
insert into Dataitem ( DATAFORMATID, DATANAME, COLNUMBER, DATAID, PROCESS_INSTRUCTION ) values ( 'DC_E_CUDB:((3)):DC_E_CUDB_FACSIM:3gpp32435', 'OSS_ID', 1, 'OSS_ID', '' );
insert into Dataitem ( DATAFORMATID, DATANAME, COLNUMBER, DATAID, PROCESS_INSTRUCTION ) values ( 'DC_E_CUDB:((3)):DC_E_CUDB_FACSIM:3gpp32435', 'PERIOD_DURATION', 61, 'PERIOD_DURATION', '' );
insert into Dataitem ( DATAFORMATID, DATANAME, COLNUMBER, DATAID, PROCESS_INSTRUCTION ) values ( 'DC_E_CUDB:((3)):DC_E_CUDB_FACSIM:3gpp32435', 'ROWSTATUS', 62, 'ROWSTATUS', '' );
insert into Dataitem ( DATAFORMATID, DATANAME, COLNUMBER, DATAID, PROCESS_INSTRUCTION ) values ( 'DC_E_CUDB:((3)):DC_E_CUDB_FACSIM:3gpp32435', 'SESSION_ID', 59, 'SESSION_ID', '' );
insert into Dataitem ( DATAFORMATID, DATANAME, COLNUMBER, DATAID, PROCESS_INSTRUCTION ) values ( 'DC_E_CUDB:((3)):DC_E_CUDB_FACSIM:3gpp32435', 'TIMELEVEL', 58, 'TIMELEVEL', '' );
insert into Dataitem ( DATAFORMATID, DATANAME, COLNUMBER, DATAID, PROCESS_INSTRUCTION ) values ( 'DC_E_CUDB:((3)):DC_E_CUDB_FACSIM:3gpp32435', 'UTC_DATETIME_ID', 67, 'UTC_DATETIME_ID', '' );
insert into Dataitem ( DATAFORMATID, DATANAME, COLNUMBER, DATAID, PROCESS_INSTRUCTION ) values ( 'DC_E_CUDB:((3)):DC_E_CUDB_FACSIM:3gpp32435', 'YEAR_ID', 52, 'YEAR_ID', '' );
insert into Dataformat ( DATAFORMATID, TYPEID, VERSIONID, OBJECTTYPE, FOLDERNAME, DATAFORMATTYPE ) values ( 'DC_E_CUDB:((3)):DC_E_CUDB_AUXSPEE:3gpp32435', 'DC_E_CUDB:((3)):DC_E_CUDB_AUXSPEE', 'DC_E_CUDB:((3))', 'Measurement', 'DC_E_CUDB_AUXSPEE', '3gpp32435' );
insert into Defaulttags ( TAGID, DATAFORMATID, DESCRIPTION ) values ( 'AUXSPEE', 'DC_E_CUDB:((3)):DC_E_CUDB_AUXSPEE:3gpp32435', 'Default tags for DC_E_CUDB_AUXSPEE in DC_E_CUDB:((3)) with format 3GPP32435.' );
insert into Dataitem ( DATAFORMATID, DATANAME, COLNUMBER, DATAID, PROCESS_INSTRUCTION ) values ( 'DC_E_CUDB:((3)):DC_E_CUDB_AUXSPEE:3gpp32435', 'BATCH_ID', 60, 'BATCH_ID', '' );
insert into Dataitem ( DATAFORMATID, DATANAME, COLNUMBER, DATAID, PROCESS_INSTRUCTION ) values ( 'DC_E_CUDB:((3)):DC_E_CUDB_AUXSPEE:3gpp32435', 'DATE_ID', 51, 'DATE_ID', '' );
insert into Dataitem ( DATAFORMATID, DATANAME, COLNUMBER, DATAID, PROCESS_INSTRUCTION ) values ( 'DC_E_CUDB:((3)):DC_E_CUDB_AUXSPEE:3gpp32435', 'DATETIME_ID', 56, 'DATETIME_ID', '' );
insert into Dataitem ( DATAFORMATID, DATANAME, COLNUMBER, DATAID, PROCESS_INSTRUCTION ) values ( 'DC_E_CUDB:((3)):DC_E_CUDB_AUXSPEE:3gpp32435', 'DAY_ID', 54, 'DAY_ID', '' );
insert into Dataitem ( DATAFORMATID, DATANAME, COLNUMBER, DATAID, PROCESS_INSTRUCTION ) values ( 'DC_E_CUDB:((3)):DC_E_CUDB_AUXSPEE:3gpp32435', 'DC_RELEASE', 63, 'DC_RELEASE', '' );
insert into Dataitem ( DATAFORMATID, DATANAME, COLNUMBER, DATAID, PROCESS_INSTRUCTION ) values ( 'DC_E_CUDB:((3)):DC_E_CUDB_AUXSPEE:3gpp32435', 'DC_SOURCE', 64, 'DC_SOURCE', '' );
insert into Dataitem ( DATAFORMATID, DATANAME, COLNUMBER, DATAID, PROCESS_INSTRUCTION ) values ( 'DC_E_CUDB:((3)):DC_E_CUDB_AUXSPEE:3gpp32435', 'DC_SUSPECTFLAG', 66, 'DC_SUSPECTFLAG', '' );
insert into Dataitem ( DATAFORMATID, DATANAME, COLNUMBER, DATAID, PROCESS_INSTRUCTION ) values ( 'DC_E_CUDB:((3)):DC_E_CUDB_AUXSPEE:3gpp32435', 'DC_TIMEZONE', 65, 'DC_TIMEZONE', '' );
insert into Dataitem ( DATAFORMATID, DATANAME, COLNUMBER, DATAID, PROCESS_INSTRUCTION ) values ( 'DC_E_CUDB:((3)):DC_E_CUDB_AUXSPEE:3gpp32435', 'HOUR_ID', 55, 'HOUR_ID', '' );
insert into Dataitem ( DATAFORMATID, DATANAME, COLNUMBER, DATAID, PROCESS_INSTRUCTION ) values ( 'DC_E_CUDB:((3)):DC_E_CUDB_AUXSPEE:3gpp32435', 'MIN_ID', 57, 'MIN_ID', '' );
insert into Dataitem ( DATAFORMATID, DATANAME, COLNUMBER, DATAID, PROCESS_INSTRUCTION ) values ( 'DC_E_CUDB:((3)):DC_E_CUDB_AUXSPEE:3gpp32435', 'MONTH_ID', 53, 'MONTH_ID', '' );
insert into Dataitem ( DATAFORMATID, DATANAME, COLNUMBER, DATAID, PROCESS_INSTRUCTION ) values ( 'DC_E_CUDB:((3)):DC_E_CUDB_AUXSPEE:3gpp32435', 'NAUXSPEEBAIC', 108, 'NAUXSPEEBAIC.actual', '' );
insert into Dataitem ( DATAFORMATID, DATANAME, COLNUMBER, DATAID, PROCESS_INSTRUCTION ) values ( 'DC_E_CUDB:((3)):DC_E_CUDB_AUXSPEE:3gpp32435', 'NAUXSPEEBAOC', 105, 'NAUXSPEEBAOC.actual', '' );
insert into Dataitem ( DATAFORMATID, DATANAME, COLNUMBER, DATAID, PROCESS_INSTRUCTION ) values ( 'DC_E_CUDB:((3)):DC_E_CUDB_AUXSPEE:3gpp32435', 'NAUXSPEEBICRO', 109, 'NAUXSPEEBICRO.actual', '' );
insert into Dataitem ( DATAFORMATID, DATANAME, COLNUMBER, DATAID, PROCESS_INSTRUCTION ) values ( 'DC_E_CUDB:((3)):DC_E_CUDB_AUXSPEE:3gpp32435', 'NAUXSPEEBOIC', 106, 'NAUXSPEEBOIC.actual', '' );
insert into Dataitem ( DATAFORMATID, DATANAME, COLNUMBER, DATAID, PROCESS_INSTRUCTION ) values ( 'DC_E_CUDB:((3)):DC_E_CUDB_AUXSPEE:3gpp32435', 'NAUXSPEEBOIEXH', 107, 'NAUXSPEEBOIEXH.actual', '' );
insert into Dataitem ( DATAFORMATID, DATANAME, COLNUMBER, DATAID, PROCESS_INSTRUCTION ) values ( 'DC_E_CUDB:((3)):DC_E_CUDB_AUXSPEE:3gpp32435', 'NAUXSPEECAW', 110, 'NAUXSPEECAW.actual', '' );
insert into Dataitem ( DATAFORMATID, DATANAME, COLNUMBER, DATAID, PROCESS_INSTRUCTION ) values ( 'DC_E_CUDB:((3)):DC_E_CUDB_AUXSPEE:3gpp32435', 'NAUXSPEECFB', 102, 'NAUXSPEECFB.actual', '' );
insert into Dataitem ( DATAFORMATID, DATANAME, COLNUMBER, DATAID, PROCESS_INSTRUCTION ) values ( 'DC_E_CUDB:((3)):DC_E_CUDB_AUXSPEE:3gpp32435', 'NAUXSPEECFNRC', 104, 'NAUXSPEECFNRC.actual', '' );
insert into Dataitem ( DATAFORMATID, DATANAME, COLNUMBER, DATAID, PROCESS_INSTRUCTION ) values ( 'DC_E_CUDB:((3)):DC_E_CUDB_AUXSPEE:3gpp32435', 'NAUXSPEECFNRY', 103, 'NAUXSPEECFNRY.actual', '' );
insert into Dataitem ( DATAFORMATID, DATANAME, COLNUMBER, DATAID, PROCESS_INSTRUCTION ) values ( 'DC_E_CUDB:((3)):DC_E_CUDB_AUXSPEE:3gpp32435', 'NAUXSPEECFU', 101, 'NAUXSPEECFU.actual', '' );
insert into Dataitem ( DATAFORMATID, DATANAME, COLNUMBER, DATAID, PROCESS_INSTRUCTION ) values ( 'DC_E_CUDB:((3)):DC_E_CUDB_AUXSPEE:3gpp32435', 'NAUXSPEEDCF', 111, 'NAUXSPEEDCF.actual', '' );
insert into Dataitem ( DATAFORMATID, DATANAME, COLNUMBER, DATAID, PROCESS_INSTRUCTION ) values ( 'DC_E_CUDB:((3)):DC_E_CUDB_AUXSPEE:3gpp32435', 'NE_ID', 2, 'NEID', '' );
insert into Dataitem ( DATAFORMATID, DATANAME, COLNUMBER, DATAID, PROCESS_INSTRUCTION ) values ( 'DC_E_CUDB:((3)):DC_E_CUDB_AUXSPEE:3gpp32435', 'OSS_ID', 1, 'OSS_ID', '' );
insert into Dataitem ( DATAFORMATID, DATANAME, COLNUMBER, DATAID, PROCESS_INSTRUCTION ) values ( 'DC_E_CUDB:((3)):DC_E_CUDB_AUXSPEE:3gpp32435', 'PERIOD_DURATION', 61, 'PERIOD_DURATION', '' );
insert into Dataitem ( DATAFORMATID, DATANAME, COLNUMBER, DATAID, PROCESS_INSTRUCTION ) values ( 'DC_E_CUDB:((3)):DC_E_CUDB_AUXSPEE:3gpp32435', 'ROWSTATUS', 62, 'ROWSTATUS', '' );
insert into Dataitem ( DATAFORMATID, DATANAME, COLNUMBER, DATAID, PROCESS_INSTRUCTION ) values ( 'DC_E_CUDB:((3)):DC_E_CUDB_AUXSPEE:3gpp32435', 'SESSION_ID', 59, 'SESSION_ID', '' );
insert into Dataitem ( DATAFORMATID, DATANAME, COLNUMBER, DATAID, PROCESS_INSTRUCTION ) values ( 'DC_E_CUDB:((3)):DC_E_CUDB_AUXSPEE:3gpp32435', 'TIMELEVEL', 58, 'TIMELEVEL', '' );
insert into Dataitem ( DATAFORMATID, DATANAME, COLNUMBER, DATAID, PROCESS_INSTRUCTION ) values ( 'DC_E_CUDB:((3)):DC_E_CUDB_AUXSPEE:3gpp32435', 'UTC_DATETIME_ID', 67, 'UTC_DATETIME_ID', '' );
insert into Dataitem ( DATAFORMATID, DATANAME, COLNUMBER, DATAID, PROCESS_INSTRUCTION ) values ( 'DC_E_CUDB:((3)):DC_E_CUDB_AUXSPEE:3gpp32435', 'YEAR_ID', 52, 'YEAR_ID', '' );
insert into Dataformat ( DATAFORMATID, TYPEID, VERSIONID, OBJECTTYPE, FOLDERNAME, DATAFORMATTYPE ) values ( 'DC_E_CUDB:((3)):DC_E_CUDB_ASYNCR:3gpp32435', 'DC_E_CUDB:((3)):DC_E_CUDB_ASYNCR', 'DC_E_CUDB:((3))', 'Measurement', 'DC_E_CUDB_ASYNCR', '3gpp32435' );
insert into Defaulttags ( TAGID, DATAFORMATID, DESCRIPTION ) values ( 'ASYNCR', 'DC_E_CUDB:((3)):DC_E_CUDB_ASYNCR:3gpp32435', 'Default tags for DC_E_CUDB_ASYNCR in DC_E_CUDB:((3)) with format 3GPP32435.' );
insert into Dataitem ( DATAFORMATID, DATANAME, COLNUMBER, DATAID, PROCESS_INSTRUCTION ) values ( 'DC_E_CUDB:((3)):DC_E_CUDB_ASYNCR:3gpp32435', 'BATCH_ID', 60, 'BATCH_ID', '' );
insert into Dataitem ( DATAFORMATID, DATANAME, COLNUMBER, DATAID, PROCESS_INSTRUCTION ) values ( 'DC_E_CUDB:((3)):DC_E_CUDB_ASYNCR:3gpp32435', 'DATE_ID', 51, 'DATE_ID', '' );
insert into Dataitem ( DATAFORMATID, DATANAME, COLNUMBER, DATAID, PROCESS_INSTRUCTION ) values ( 'DC_E_CUDB:((3)):DC_E_CUDB_ASYNCR:3gpp32435', 'DATETIME_ID', 56, 'DATETIME_ID', '' );
insert into Dataitem ( DATAFORMATID, DATANAME, COLNUMBER, DATAID, PROCESS_INSTRUCTION ) values ( 'DC_E_CUDB:((3)):DC_E_CUDB_ASYNCR:3gpp32435', 'DAY_ID', 54, 'DAY_ID', '' );
insert into Dataitem ( DATAFORMATID, DATANAME, COLNUMBER, DATAID, PROCESS_INSTRUCTION ) values ( 'DC_E_CUDB:((3)):DC_E_CUDB_ASYNCR:3gpp32435', 'DC_RELEASE', 63, 'DC_RELEASE', '' );
insert into Dataitem ( DATAFORMATID, DATANAME, COLNUMBER, DATAID, PROCESS_INSTRUCTION ) values ( 'DC_E_CUDB:((3)):DC_E_CUDB_ASYNCR:3gpp32435', 'DC_SOURCE', 64, 'DC_SOURCE', '' );
insert into Dataitem ( DATAFORMATID, DATANAME, COLNUMBER, DATAID, PROCESS_INSTRUCTION ) values ( 'DC_E_CUDB:((3)):DC_E_CUDB_ASYNCR:3gpp32435', 'DC_SUSPECTFLAG', 66, 'DC_SUSPECTFLAG', '' );
insert into Dataitem ( DATAFORMATID, DATANAME, COLNUMBER, DATAID, PROCESS_INSTRUCTION ) values ( 'DC_E_CUDB:((3)):DC_E_CUDB_ASYNCR:3gpp32435', 'DC_TIMEZONE', 65, 'DC_TIMEZONE', '' );
insert into Dataitem ( DATAFORMATID, DATANAME, COLNUMBER, DATAID, PROCESS_INSTRUCTION ) values ( 'DC_E_CUDB:((3)):DC_E_CUDB_ASYNCR:3gpp32435', 'HOUR_ID', 55, 'HOUR_ID', '' );
insert into Dataitem ( DATAFORMATID, DATANAME, COLNUMBER, DATAID, PROCESS_INSTRUCTION ) values ( 'DC_E_CUDB:((3)):DC_E_CUDB_ASYNCR:3gpp32435', 'MIN_ID', 57, 'MIN_ID', '' );
insert into Dataitem ( DATAFORMATID, DATANAME, COLNUMBER, DATAID, PROCESS_INSTRUCTION ) values ( 'DC_E_CUDB:((3)):DC_E_CUDB_ASYNCR:3gpp32435', 'MONTH_ID', 53, 'MONTH_ID', '' );
insert into Dataitem ( DATAFORMATID, DATANAME, COLNUMBER, DATAID, PROCESS_INSTRUCTION ) values ( 'DC_E_CUDB:((3)):DC_E_CUDB_ASYNCR:3gpp32435', 'NASYNCRBAIC', 108, 'NASYNCRBAIC.actual', '' );
insert into Dataitem ( DATAFORMATID, DATANAME, COLNUMBER, DATAID, PROCESS_INSTRUCTION ) values ( 'DC_E_CUDB:((3)):DC_E_CUDB_ASYNCR:3gpp32435', 'NASYNCRBAOC', 105, 'NASYNCRBAOC.actual', '' );
insert into Dataitem ( DATAFORMATID, DATANAME, COLNUMBER, DATAID, PROCESS_INSTRUCTION ) values ( 'DC_E_CUDB:((3)):DC_E_CUDB_ASYNCR:3gpp32435', 'NASYNCRBICRO', 109, 'NASYNCRBICRO.actual', '' );
insert into Dataitem ( DATAFORMATID, DATANAME, COLNUMBER, DATAID, PROCESS_INSTRUCTION ) values ( 'DC_E_CUDB:((3)):DC_E_CUDB_ASYNCR:3gpp32435', 'NASYNCRBOIC', 106, 'NASYNCRBOIC.actual', '' );
insert into Dataitem ( DATAFORMATID, DATANAME, COLNUMBER, DATAID, PROCESS_INSTRUCTION ) values ( 'DC_E_CUDB:((3)):DC_E_CUDB_ASYNCR:3gpp32435', 'NASYNCRBOIEXH', 107, 'NASYNCRBOIEXH.actual', '' );
insert into Dataitem ( DATAFORMATID, DATANAME, COLNUMBER, DATAID, PROCESS_INSTRUCTION ) values ( 'DC_E_CUDB:((3)):DC_E_CUDB_ASYNCR:3gpp32435', 'NASYNCRCAW', 110, 'NASYNCRCAW.actual', '' );
insert into Dataitem ( DATAFORMATID, DATANAME, COLNUMBER, DATAID, PROCESS_INSTRUCTION ) values ( 'DC_E_CUDB:((3)):DC_E_CUDB_ASYNCR:3gpp32435', 'NASYNCRCFB', 102, 'NASYNCRCFB.actual', '' );
insert into Dataitem ( DATAFORMATID, DATANAME, COLNUMBER, DATAID, PROCESS_INSTRUCTION ) values ( 'DC_E_CUDB:((3)):DC_E_CUDB_ASYNCR:3gpp32435', 'NASYNCRCFNRC', 104, 'NASYNCRCFNRC.actual', '' );
insert into Dataitem ( DATAFORMATID, DATANAME, COLNUMBER, DATAID, PROCESS_INSTRUCTION ) values ( 'DC_E_CUDB:((3)):DC_E_CUDB_ASYNCR:3gpp32435', 'NASYNCRCFNRY', 103, 'NASYNCRCFNRY.actual', '' );
insert into Dataitem ( DATAFORMATID, DATANAME, COLNUMBER, DATAID, PROCESS_INSTRUCTION ) values ( 'DC_E_CUDB:((3)):DC_E_CUDB_ASYNCR:3gpp32435', 'NASYNCRCFU', 101, 'NASYNCRCFU.actual', '' );
insert into Dataitem ( DATAFORMATID, DATANAME, COLNUMBER, DATAID, PROCESS_INSTRUCTION ) values ( 'DC_E_CUDB:((3)):DC_E_CUDB_ASYNCR:3gpp32435', 'NASYNCRDCF', 111, 'NASYNCRDCF.actual', '' );
insert into Dataitem ( DATAFORMATID, DATANAME, COLNUMBER, DATAID, PROCESS_INSTRUCTION ) values ( 'DC_E_CUDB:((3)):DC_E_CUDB_ASYNCR:3gpp32435', 'NE_ID', 2, 'NEID', '' );
insert into Dataitem ( DATAFORMATID, DATANAME, COLNUMBER, DATAID, PROCESS_INSTRUCTION ) values ( 'DC_E_CUDB:((3)):DC_E_CUDB_ASYNCR:3gpp32435', 'OSS_ID', 1, 'OSS_ID', '' );
insert into Dataitem ( DATAFORMATID, DATANAME, COLNUMBER, DATAID, PROCESS_INSTRUCTION ) values ( 'DC_E_CUDB:((3)):DC_E_CUDB_ASYNCR:3gpp32435', 'PERIOD_DURATION', 61, 'PERIOD_DURATION', '' );
insert into Dataitem ( DATAFORMATID, DATANAME, COLNUMBER, DATAID, PROCESS_INSTRUCTION ) values ( 'DC_E_CUDB:((3)):DC_E_CUDB_ASYNCR:3gpp32435', 'ROWSTATUS', 62, 'ROWSTATUS', '' );
insert into Dataitem ( DATAFORMATID, DATANAME, COLNUMBER, DATAID, PROCESS_INSTRUCTION ) values ( 'DC_E_CUDB:((3)):DC_E_CUDB_ASYNCR:3gpp32435', 'SESSION_ID', 59, 'SESSION_ID', '' );
insert into Dataitem ( DATAFORMATID, DATANAME, COLNUMBER, DATAID, PROCESS_INSTRUCTION ) values ( 'DC_E_CUDB:((3)):DC_E_CUDB_ASYNCR:3gpp32435', 'TIMELEVEL', 58, 'TIMELEVEL', '' );
insert into Dataitem ( DATAFORMATID, DATANAME, COLNUMBER, DATAID, PROCESS_INSTRUCTION ) values ( 'DC_E_CUDB:((3)):DC_E_CUDB_ASYNCR:3gpp32435', 'UTC_DATETIME_ID', 67, 'UTC_DATETIME_ID', '' );
insert into Dataitem ( DATAFORMATID, DATANAME, COLNUMBER, DATAID, PROCESS_INSTRUCTION ) values ( 'DC_E_CUDB:((3)):DC_E_CUDB_ASYNCR:3gpp32435', 'YEAR_ID', 52, 'YEAR_ID', '' );
insert into Dataformat ( DATAFORMATID, TYPEID, VERSIONID, OBJECTTYPE, FOLDERNAME, DATAFORMATTYPE ) values ( 'DC_E_CUDB:((3)):DC_E_CUDB_SYNCRO:3gpp32435', 'DC_E_CUDB:((3)):DC_E_CUDB_SYNCRO', 'DC_E_CUDB:((3))', 'Measurement', 'DC_E_CUDB_SYNCRO', '3gpp32435' );
insert into Defaulttags ( TAGID, DATAFORMATID, DESCRIPTION ) values ( 'SYNCRO', 'DC_E_CUDB:((3)):DC_E_CUDB_SYNCRO:3gpp32435', 'Default tags for DC_E_CUDB_SYNCRO in DC_E_CUDB:((3)) with format 3GPP32435.' );
insert into Dataitem ( DATAFORMATID, DATANAME, COLNUMBER, DATAID, PROCESS_INSTRUCTION ) values ( 'DC_E_CUDB:((3)):DC_E_CUDB_SYNCRO:3gpp32435', 'BATCH_ID', 60, 'BATCH_ID', '' );
insert into Dataitem ( DATAFORMATID, DATANAME, COLNUMBER, DATAID, PROCESS_INSTRUCTION ) values ( 'DC_E_CUDB:((3)):DC_E_CUDB_SYNCRO:3gpp32435', 'DATE_ID', 51, 'DATE_ID', '' );
insert into Dataitem ( DATAFORMATID, DATANAME, COLNUMBER, DATAID, PROCESS_INSTRUCTION ) values ( 'DC_E_CUDB:((3)):DC_E_CUDB_SYNCRO:3gpp32435', 'DATETIME_ID', 56, 'DATETIME_ID', '' );
insert into Dataitem ( DATAFORMATID, DATANAME, COLNUMBER, DATAID, PROCESS_INSTRUCTION ) values ( 'DC_E_CUDB:((3)):DC_E_CUDB_SYNCRO:3gpp32435', 'DAY_ID', 54, 'DAY_ID', '' );
insert into Dataitem ( DATAFORMATID, DATANAME, COLNUMBER, DATAID, PROCESS_INSTRUCTION ) values ( 'DC_E_CUDB:((3)):DC_E_CUDB_SYNCRO:3gpp32435', 'DC_RELEASE', 63, 'DC_RELEASE', '' );
insert into Dataitem ( DATAFORMATID, DATANAME, COLNUMBER, DATAID, PROCESS_INSTRUCTION ) values ( 'DC_E_CUDB:((3)):DC_E_CUDB_SYNCRO:3gpp32435', 'DC_SOURCE', 64, 'DC_SOURCE', '' );
insert into Dataitem ( DATAFORMATID, DATANAME, COLNUMBER, DATAID, PROCESS_INSTRUCTION ) values ( 'DC_E_CUDB:((3)):DC_E_CUDB_SYNCRO:3gpp32435', 'DC_SUSPECTFLAG', 66, 'DC_SUSPECTFLAG', '' );
insert into Dataitem ( DATAFORMATID, DATANAME, COLNUMBER, DATAID, PROCESS_INSTRUCTION ) values ( 'DC_E_CUDB:((3)):DC_E_CUDB_SYNCRO:3gpp32435', 'DC_TIMEZONE', 65, 'DC_TIMEZONE', '' );
insert into Dataitem ( DATAFORMATID, DATANAME, COLNUMBER, DATAID, PROCESS_INSTRUCTION ) values ( 'DC_E_CUDB:((3)):DC_E_CUDB_SYNCRO:3gpp32435', 'HOUR_ID', 55, 'HOUR_ID', '' );
insert into Dataitem ( DATAFORMATID, DATANAME, COLNUMBER, DATAID, PROCESS_INSTRUCTION ) values ( 'DC_E_CUDB:((3)):DC_E_CUDB_SYNCRO:3gpp32435', 'MIN_ID', 57, 'MIN_ID', '' );
insert into Dataitem ( DATAFORMATID, DATANAME, COLNUMBER, DATAID, PROCESS_INSTRUCTION ) values ( 'DC_E_CUDB:((3)):DC_E_CUDB_SYNCRO:3gpp32435', 'MONTH_ID', 53, 'MONTH_ID', '' );
insert into Dataitem ( DATAFORMATID, DATANAME, COLNUMBER, DATAID, PROCESS_INSTRUCTION ) values ( 'DC_E_CUDB:((3)):DC_E_CUDB_SYNCRO:3gpp32435', 'NE_ID', 2, 'NEID', '' );
insert into Dataitem ( DATAFORMATID, DATANAME, COLNUMBER, DATAID, PROCESS_INSTRUCTION ) values ( 'DC_E_CUDB:((3)):DC_E_CUDB_SYNCRO:3gpp32435', 'NSYNCROBAIC', 108, 'NSYNCROBAIC.actual', '' );
insert into Dataitem ( DATAFORMATID, DATANAME, COLNUMBER, DATAID, PROCESS_INSTRUCTION ) values ( 'DC_E_CUDB:((3)):DC_E_CUDB_SYNCRO:3gpp32435', 'NSYNCROBAOC', 105, 'NSYNCROBAOC.actual', '' );
insert into Dataitem ( DATAFORMATID, DATANAME, COLNUMBER, DATAID, PROCESS_INSTRUCTION ) values ( 'DC_E_CUDB:((3)):DC_E_CUDB_SYNCRO:3gpp32435', 'NSYNCROBICRO', 109, 'NSYNCROBICRO.actual', '' );
insert into Dataitem ( DATAFORMATID, DATANAME, COLNUMBER, DATAID, PROCESS_INSTRUCTION ) values ( 'DC_E_CUDB:((3)):DC_E_CUDB_SYNCRO:3gpp32435', 'NSYNCROBOIC', 106, 'NSYNCROBOIC.actual', '' );
insert into Dataitem ( DATAFORMATID, DATANAME, COLNUMBER, DATAID, PROCESS_INSTRUCTION ) values ( 'DC_E_CUDB:((3)):DC_E_CUDB_SYNCRO:3gpp32435', 'NSYNCROBOIEXH', 107, 'NSYNCROBOIEXH.actual', '' );
insert into Dataitem ( DATAFORMATID, DATANAME, COLNUMBER, DATAID, PROCESS_INSTRUCTION ) values ( 'DC_E_CUDB:((3)):DC_E_CUDB_SYNCRO:3gpp32435', 'NSYNCROCAW', 110, 'NSYNCROCAW.actual', '' );
insert into Dataitem ( DATAFORMATID, DATANAME, COLNUMBER, DATAID, PROCESS_INSTRUCTION ) values ( 'DC_E_CUDB:((3)):DC_E_CUDB_SYNCRO:3gpp32435', 'NSYNCROCFB', 102, 'NSYNCROCFB.actual', '' );
insert into Dataitem ( DATAFORMATID, DATANAME, COLNUMBER, DATAID, PROCESS_INSTRUCTION ) values ( 'DC_E_CUDB:((3)):DC_E_CUDB_SYNCRO:3gpp32435', 'NSYNCROCFNRC', 104, 'NSYNCROCFNRC.actual', '' );
insert into Dataitem ( DATAFORMATID, DATANAME, COLNUMBER, DATAID, PROCESS_INSTRUCTION ) values ( 'DC_E_CUDB:((3)):DC_E_CUDB_SYNCRO:3gpp32435', 'NSYNCROCFNRY', 103, 'NSYNCROCFNRY.actual', '' );
insert into Dataitem ( DATAFORMATID, DATANAME, COLNUMBER, DATAID, PROCESS_INSTRUCTION ) values ( 'DC_E_CUDB:((3)):DC_E_CUDB_SYNCRO:3gpp32435', 'NSYNCROCFU', 101, 'NSYNCROCFU.actual', '' );
insert into Dataitem ( DATAFORMATID, DATANAME, COLNUMBER, DATAID, PROCESS_INSTRUCTION ) values ( 'DC_E_CUDB:((3)):DC_E_CUDB_SYNCRO:3gpp32435', 'NSYNCRODCF', 111, 'NSYNCRODCF.actual', '' );
insert into Dataitem ( DATAFORMATID, DATANAME, COLNUMBER, DATAID, PROCESS_INSTRUCTION ) values ( 'DC_E_CUDB:((3)):DC_E_CUDB_SYNCRO:3gpp32435', 'OSS_ID', 1, 'OSS_ID', '' );
insert into Dataitem ( DATAFORMATID, DATANAME, COLNUMBER, DATAID, PROCESS_INSTRUCTION ) values ( 'DC_E_CUDB:((3)):DC_E_CUDB_SYNCRO:3gpp32435', 'PERIOD_DURATION', 61, 'PERIOD_DURATION', '' );
insert into Dataitem ( DATAFORMATID, DATANAME, COLNUMBER, DATAID, PROCESS_INSTRUCTION ) values ( 'DC_E_CUDB:((3)):DC_E_CUDB_SYNCRO:3gpp32435', 'ROWSTATUS', 62, 'ROWSTATUS', '' );
insert into Dataitem ( DATAFORMATID, DATANAME, COLNUMBER, DATAID, PROCESS_INSTRUCTION ) values ( 'DC_E_CUDB:((3)):DC_E_CUDB_SYNCRO:3gpp32435', 'SESSION_ID', 59, 'SESSION_ID', '' );
insert into Dataitem ( DATAFORMATID, DATANAME, COLNUMBER, DATAID, PROCESS_INSTRUCTION ) values ( 'DC_E_CUDB:((3)):DC_E_CUDB_SYNCRO:3gpp32435', 'TIMELEVEL', 58, 'TIMELEVEL', '' );
insert into Dataitem ( DATAFORMATID, DATANAME, COLNUMBER, DATAID, PROCESS_INSTRUCTION ) values ( 'DC_E_CUDB:((3)):DC_E_CUDB_SYNCRO:3gpp32435', 'UTC_DATETIME_ID', 67, 'UTC_DATETIME_ID', '' );
insert into Dataitem ( DATAFORMATID, DATANAME, COLNUMBER, DATAID, PROCESS_INSTRUCTION ) values ( 'DC_E_CUDB:((3)):DC_E_CUDB_SYNCRO:3gpp32435', 'YEAR_ID', 52, 'YEAR_ID', '' );
insert into Dataformat ( DATAFORMATID, TYPEID, VERSIONID, OBJECTTYPE, FOLDERNAME, DATAFORMATTYPE ) values ( 'DC_E_CUDB:((3)):DC_E_CUDB_CUGBSG:3gpp32435', 'DC_E_CUDB:((3)):DC_E_CUDB_CUGBSG', 'DC_E_CUDB:((3))', 'Measurement', 'DC_E_CUDB_CUGBSG', '3gpp32435' );
insert into Defaulttags ( TAGID, DATAFORMATID, DESCRIPTION ) values ( 'CUGBSG', 'DC_E_CUDB:((3)):DC_E_CUDB_CUGBSG:3gpp32435', 'Default tags for DC_E_CUDB_CUGBSG in DC_E_CUDB:((3)) with format 3GPP32435.' );
insert into Dataitem ( DATAFORMATID, DATANAME, COLNUMBER, DATAID, PROCESS_INSTRUCTION ) values ( 'DC_E_CUDB:((3)):DC_E_CUDB_CUGBSG:3gpp32435', 'BATCH_ID', 60, 'BATCH_ID', '' );
insert into Dataitem ( DATAFORMATID, DATANAME, COLNUMBER, DATAID, PROCESS_INSTRUCTION ) values ( 'DC_E_CUDB:((3)):DC_E_CUDB_CUGBSG:3gpp32435', 'DATE_ID', 51, 'DATE_ID', '' );
insert into Dataitem ( DATAFORMATID, DATANAME, COLNUMBER, DATAID, PROCESS_INSTRUCTION ) values ( 'DC_E_CUDB:((3)):DC_E_CUDB_CUGBSG:3gpp32435', 'DATETIME_ID', 56, 'DATETIME_ID', '' );
insert into Dataitem ( DATAFORMATID, DATANAME, COLNUMBER, DATAID, PROCESS_INSTRUCTION ) values ( 'DC_E_CUDB:((3)):DC_E_CUDB_CUGBSG:3gpp32435', 'DAY_ID', 54, 'DAY_ID', '' );
insert into Dataitem ( DATAFORMATID, DATANAME, COLNUMBER, DATAID, PROCESS_INSTRUCTION ) values ( 'DC_E_CUDB:((3)):DC_E_CUDB_CUGBSG:3gpp32435', 'DC_RELEASE', 63, 'DC_RELEASE', '' );
insert into Dataitem ( DATAFORMATID, DATANAME, COLNUMBER, DATAID, PROCESS_INSTRUCTION ) values ( 'DC_E_CUDB:((3)):DC_E_CUDB_CUGBSG:3gpp32435', 'DC_SOURCE', 64, 'DC_SOURCE', '' );
insert into Dataitem ( DATAFORMATID, DATANAME, COLNUMBER, DATAID, PROCESS_INSTRUCTION ) values ( 'DC_E_CUDB:((3)):DC_E_CUDB_CUGBSG:3gpp32435', 'DC_SUSPECTFLAG', 66, 'DC_SUSPECTFLAG', '' );
insert into Dataitem ( DATAFORMATID, DATANAME, COLNUMBER, DATAID, PROCESS_INSTRUCTION ) values ( 'DC_E_CUDB:((3)):DC_E_CUDB_CUGBSG:3gpp32435', 'DC_TIMEZONE', 65, 'DC_TIMEZONE', '' );
insert into Dataitem ( DATAFORMATID, DATANAME, COLNUMBER, DATAID, PROCESS_INSTRUCTION ) values ( 'DC_E_CUDB:((3)):DC_E_CUDB_CUGBSG:3gpp32435', 'HOUR_ID', 55, 'HOUR_ID', '' );
insert into Dataitem ( DATAFORMATID, DATANAME, COLNUMBER, DATAID, PROCESS_INSTRUCTION ) values ( 'DC_E_CUDB:((3)):DC_E_CUDB_CUGBSG:3gpp32435', 'MIN_ID', 57, 'MIN_ID', '' );
insert into Dataitem ( DATAFORMATID, DATANAME, COLNUMBER, DATAID, PROCESS_INSTRUCTION ) values ( 'DC_E_CUDB:((3)):DC_E_CUDB_CUGBSG:3gpp32435', 'MONTH_ID', 53, 'MONTH_ID', '' );
insert into Dataitem ( DATAFORMATID, DATANAME, COLNUMBER, DATAID, PROCESS_INSTRUCTION ) values ( 'DC_E_CUDB:((3)):DC_E_CUDB_CUGBSG:3gpp32435', 'NCUGBSGBS20', 104, 'NCUGBSGBS20.actual', '' );
insert into Dataitem ( DATAFORMATID, DATANAME, COLNUMBER, DATAID, PROCESS_INSTRUCTION ) values ( 'DC_E_CUDB:((3)):DC_E_CUDB_CUGBSG:3gpp32435', 'NCUGBSGBS30', 105, 'NCUGBSGBS30.actual', '' );
insert into Dataitem ( DATAFORMATID, DATANAME, COLNUMBER, DATAID, PROCESS_INSTRUCTION ) values ( 'DC_E_CUDB:((3)):DC_E_CUDB_CUGBSG:3gpp32435', 'NCUGBSGTS10', 101, 'NCUGBSGTS10.actual', '' );
insert into Dataitem ( DATAFORMATID, DATANAME, COLNUMBER, DATAID, PROCESS_INSTRUCTION ) values ( 'DC_E_CUDB:((3)):DC_E_CUDB_CUGBSG:3gpp32435', 'NCUGBSGTS60', 102, 'NCUGBSGTS60.actual', '' );
insert into Dataitem ( DATAFORMATID, DATANAME, COLNUMBER, DATAID, PROCESS_INSTRUCTION ) values ( 'DC_E_CUDB:((3)):DC_E_CUDB_CUGBSG:3gpp32435', 'NCUGBSGTSD0', 103, 'NCUGBSGTSD0.actual', '' );
insert into Dataitem ( DATAFORMATID, DATANAME, COLNUMBER, DATAID, PROCESS_INSTRUCTION ) values ( 'DC_E_CUDB:((3)):DC_E_CUDB_CUGBSG:3gpp32435', 'NE_ID', 2, 'NEID', '' );
insert into Dataitem ( DATAFORMATID, DATANAME, COLNUMBER, DATAID, PROCESS_INSTRUCTION ) values ( 'DC_E_CUDB:((3)):DC_E_CUDB_CUGBSG:3gpp32435', 'OSS_ID', 1, 'OSS_ID', '' );
insert into Dataitem ( DATAFORMATID, DATANAME, COLNUMBER, DATAID, PROCESS_INSTRUCTION ) values ( 'DC_E_CUDB:((3)):DC_E_CUDB_CUGBSG:3gpp32435', 'PERIOD_DURATION', 61, 'PERIOD_DURATION', '' );
insert into Dataitem ( DATAFORMATID, DATANAME, COLNUMBER, DATAID, PROCESS_INSTRUCTION ) values ( 'DC_E_CUDB:((3)):DC_E_CUDB_CUGBSG:3gpp32435', 'ROWSTATUS', 62, 'ROWSTATUS', '' );
insert into Dataitem ( DATAFORMATID, DATANAME, COLNUMBER, DATAID, PROCESS_INSTRUCTION ) values ( 'DC_E_CUDB:((3)):DC_E_CUDB_CUGBSG:3gpp32435', 'SESSION_ID', 59, 'SESSION_ID', '' );
insert into Dataitem ( DATAFORMATID, DATANAME, COLNUMBER, DATAID, PROCESS_INSTRUCTION ) values ( 'DC_E_CUDB:((3)):DC_E_CUDB_CUGBSG:3gpp32435', 'TIMELEVEL', 58, 'TIMELEVEL', '' );
insert into Dataitem ( DATAFORMATID, DATANAME, COLNUMBER, DATAID, PROCESS_INSTRUCTION ) values ( 'DC_E_CUDB:((3)):DC_E_CUDB_CUGBSG:3gpp32435', 'UTC_DATETIME_ID', 67, 'UTC_DATETIME_ID', '' );
insert into Dataitem ( DATAFORMATID, DATANAME, COLNUMBER, DATAID, PROCESS_INSTRUCTION ) values ( 'DC_E_CUDB:((3)):DC_E_CUDB_CUGBSG:3gpp32435', 'YEAR_ID', 52, 'YEAR_ID', '' );
insert into Dataformat ( DATAFORMATID, TYPEID, VERSIONID, OBJECTTYPE, FOLDERNAME, DATAFORMATTYPE ) values ( 'DC_E_CUDB:((3)):DC_E_CUDB_SERVFEAT:3gpp32435', 'DC_E_CUDB:((3)):DC_E_CUDB_SERVFEAT', 'DC_E_CUDB:((3))', 'Measurement', 'DC_E_CUDB_SERVFEAT', '3gpp32435' );
insert into Defaulttags ( TAGID, DATAFORMATID, DESCRIPTION ) values ( 'SERVFEAT', 'DC_E_CUDB:((3)):DC_E_CUDB_SERVFEAT:3gpp32435', 'Default tags for DC_E_CUDB_SERVFEAT in DC_E_CUDB:((3)) with format 3GPP32435.' );
insert into Dataitem ( DATAFORMATID, DATANAME, COLNUMBER, DATAID, PROCESS_INSTRUCTION ) values ( 'DC_E_CUDB:((3)):DC_E_CUDB_SERVFEAT:3gpp32435', 'BATCH_ID', 60, 'BATCH_ID', '' );
insert into Dataitem ( DATAFORMATID, DATANAME, COLNUMBER, DATAID, PROCESS_INSTRUCTION ) values ( 'DC_E_CUDB:((3)):DC_E_CUDB_SERVFEAT:3gpp32435', 'DATE_ID', 51, 'DATE_ID', '' );
insert into Dataitem ( DATAFORMATID, DATANAME, COLNUMBER, DATAID, PROCESS_INSTRUCTION ) values ( 'DC_E_CUDB:((3)):DC_E_CUDB_SERVFEAT:3gpp32435', 'DATETIME_ID', 56, 'DATETIME_ID', '' );
insert into Dataitem ( DATAFORMATID, DATANAME, COLNUMBER, DATAID, PROCESS_INSTRUCTION ) values ( 'DC_E_CUDB:((3)):DC_E_CUDB_SERVFEAT:3gpp32435', 'DAY_ID', 54, 'DAY_ID', '' );
insert into Dataitem ( DATAFORMATID, DATANAME, COLNUMBER, DATAID, PROCESS_INSTRUCTION ) values ( 'DC_E_CUDB:((3)):DC_E_CUDB_SERVFEAT:3gpp32435', 'DC_RELEASE', 63, 'DC_RELEASE', '' );
insert into Dataitem ( DATAFORMATID, DATANAME, COLNUMBER, DATAID, PROCESS_INSTRUCTION ) values ( 'DC_E_CUDB:((3)):DC_E_CUDB_SERVFEAT:3gpp32435', 'DC_SOURCE', 64, 'DC_SOURCE', '' );
insert into Dataitem ( DATAFORMATID, DATANAME, COLNUMBER, DATAID, PROCESS_INSTRUCTION ) values ( 'DC_E_CUDB:((3)):DC_E_CUDB_SERVFEAT:3gpp32435', 'DC_SUSPECTFLAG', 66, 'DC_SUSPECTFLAG', '' );
insert into Dataitem ( DATAFORMATID, DATANAME, COLNUMBER, DATAID, PROCESS_INSTRUCTION ) values ( 'DC_E_CUDB:((3)):DC_E_CUDB_SERVFEAT:3gpp32435', 'DC_TIMEZONE', 65, 'DC_TIMEZONE', '' );
insert into Dataitem ( DATAFORMATID, DATANAME, COLNUMBER, DATAID, PROCESS_INSTRUCTION ) values ( 'DC_E_CUDB:((3)):DC_E_CUDB_SERVFEAT:3gpp32435', 'HOUR_ID', 55, 'HOUR_ID', '' );
insert into Dataitem ( DATAFORMATID, DATANAME, COLNUMBER, DATAID, PROCESS_INSTRUCTION ) values ( 'DC_E_CUDB:((3)):DC_E_CUDB_SERVFEAT:3gpp32435', 'MIN_ID', 57, 'MIN_ID', '' );
insert into Dataitem ( DATAFORMATID, DATANAME, COLNUMBER, DATAID, PROCESS_INSTRUCTION ) values ( 'DC_E_CUDB:((3)):DC_E_CUDB_SERVFEAT:3gpp32435', 'MONTH_ID', 53, 'MONTH_ID', '' );
insert into Dataitem ( DATAFORMATID, DATANAME, COLNUMBER, DATAID, PROCESS_INSTRUCTION ) values ( 'DC_E_CUDB:((3)):DC_E_CUDB_SERVFEAT:3gpp32435', 'NE_ID', 2, 'NEID', '' );
insert into Dataitem ( DATAFORMATID, DATANAME, COLNUMBER, DATAID, PROCESS_INSTRUCTION ) values ( 'DC_E_CUDB:((3)):DC_E_CUDB_SERVFEAT:3gpp32435', 'NSERVFEATGERAN', 108, 'NSERVFEATGERAN.actual', '' );
insert into Dataitem ( DATAFORMATID, DATANAME, COLNUMBER, DATAID, PROCESS_INSTRUCTION ) values ( 'DC_E_CUDB:((3)):DC_E_CUDB_SERVFEAT:3gpp32435', 'NSERVFEATIST', 103, 'NSERVFEATIST.actual', '' );
insert into Dataitem ( DATAFORMATID, DATANAME, COLNUMBER, DATAID, PROCESS_INSTRUCTION ) values ( 'DC_E_CUDB:((3)):DC_E_CUDB_SERVFEAT:3gpp32435', 'NSERVFEATMMINT', 101, 'NSERVFEATMMINT.actual', '' );
insert into Dataitem ( DATAFORMATID, DATANAME, COLNUMBER, DATAID, PROCESS_INSTRUCTION ) values ( 'DC_E_CUDB:((3)):DC_E_CUDB_SERVFEAT:3gpp32435', 'NSERVFEATOBCC', 107, 'NSERVFEATOBCC.actual', '' );
insert into Dataitem ( DATAFORMATID, DATANAME, COLNUMBER, DATAID, PROCESS_INSTRUCTION ) values ( 'DC_E_CUDB:((3)):DC_E_CUDB_SERVFEAT:3gpp32435', 'NSERVFEATPRBT', 105, 'NSERVFEATPRBT.actual', '' );
insert into Dataitem ( DATAFORMATID, DATANAME, COLNUMBER, DATAID, PROCESS_INSTRUCTION ) values ( 'DC_E_CUDB:((3)):DC_E_CUDB_SERVFEAT:3gpp32435', 'NSERVFEATSPAMSMS', 106, 'NSERVFEATSPAMSMS.actual', '' );
insert into Dataitem ( DATAFORMATID, DATANAME, COLNUMBER, DATAID, PROCESS_INSTRUCTION ) values ( 'DC_E_CUDB:((3)):DC_E_CUDB_SERVFEAT:3gpp32435', 'NSERVFEATSTE', 104, 'NSERVFEATSTE.actual', '' );
insert into Dataitem ( DATAFORMATID, DATANAME, COLNUMBER, DATAID, PROCESS_INSTRUCTION ) values ( 'DC_E_CUDB:((3)):DC_E_CUDB_SERVFEAT:3gpp32435', 'NSERVFEATSUBTRAC', 102, 'NSERVFEATSUBTRAC.actual', '' );
insert into Dataitem ( DATAFORMATID, DATANAME, COLNUMBER, DATAID, PROCESS_INSTRUCTION ) values ( 'DC_E_CUDB:((3)):DC_E_CUDB_SERVFEAT:3gpp32435', 'NSERVFEATUTRAN', 109, 'NSERVFEATUTRAN.actual', '' );
insert into Dataitem ( DATAFORMATID, DATANAME, COLNUMBER, DATAID, PROCESS_INSTRUCTION ) values ( 'DC_E_CUDB:((3)):DC_E_CUDB_SERVFEAT:3gpp32435', 'OSS_ID', 1, 'OSS_ID', '' );
insert into Dataitem ( DATAFORMATID, DATANAME, COLNUMBER, DATAID, PROCESS_INSTRUCTION ) values ( 'DC_E_CUDB:((3)):DC_E_CUDB_SERVFEAT:3gpp32435', 'PERIOD_DURATION', 61, 'PERIOD_DURATION', '' );
insert into Dataitem ( DATAFORMATID, DATANAME, COLNUMBER, DATAID, PROCESS_INSTRUCTION ) values ( 'DC_E_CUDB:((3)):DC_E_CUDB_SERVFEAT:3gpp32435', 'ROWSTATUS', 62, 'ROWSTATUS', '' );
insert into Dataitem ( DATAFORMATID, DATANAME, COLNUMBER, DATAID, PROCESS_INSTRUCTION ) values ( 'DC_E_CUDB:((3)):DC_E_CUDB_SERVFEAT:3gpp32435', 'SESSION_ID', 59, 'SESSION_ID', '' );
insert into Dataitem ( DATAFORMATID, DATANAME, COLNUMBER, DATAID, PROCESS_INSTRUCTION ) values ( 'DC_E_CUDB:((3)):DC_E_CUDB_SERVFEAT:3gpp32435', 'TIMELEVEL', 58, 'TIMELEVEL', '' );
insert into Dataitem ( DATAFORMATID, DATANAME, COLNUMBER, DATAID, PROCESS_INSTRUCTION ) values ( 'DC_E_CUDB:((3)):DC_E_CUDB_SERVFEAT:3gpp32435', 'UTC_DATETIME_ID', 67, 'UTC_DATETIME_ID', '' );
insert into Dataitem ( DATAFORMATID, DATANAME, COLNUMBER, DATAID, PROCESS_INSTRUCTION ) values ( 'DC_E_CUDB:((3)):DC_E_CUDB_SERVFEAT:3gpp32435', 'YEAR_ID', 52, 'YEAR_ID', '' );
insert into Dataformat ( DATAFORMATID, TYPEID, VERSIONID, OBJECTTYPE, FOLDERNAME, DATAFORMATTYPE ) values ( 'DC_E_CUDB:((3)):DC_E_CUDB_RSASUBS:3gpp32435', 'DC_E_CUDB:((3)):DC_E_CUDB_RSASUBS', 'DC_E_CUDB:((3))', 'Measurement', 'DC_E_CUDB_RSASUBS', '3gpp32435' );
insert into Defaulttags ( TAGID, DATAFORMATID, DESCRIPTION ) values ( 'RSASUBS', 'DC_E_CUDB:((3)):DC_E_CUDB_RSASUBS:3gpp32435', 'Default tags for DC_E_CUDB_RSASUBS in DC_E_CUDB:((3)) with format 3GPP32435.' );
insert into Dataitem ( DATAFORMATID, DATANAME, COLNUMBER, DATAID, PROCESS_INSTRUCTION ) values ( 'DC_E_CUDB:((3)):DC_E_CUDB_RSASUBS:3gpp32435', 'BATCH_ID', 60, 'BATCH_ID', '' );
insert into Dataitem ( DATAFORMATID, DATANAME, COLNUMBER, DATAID, PROCESS_INSTRUCTION ) values ( 'DC_E_CUDB:((3)):DC_E_CUDB_RSASUBS:3gpp32435', 'DATE_ID', 51, 'DATE_ID', '' );
insert into Dataitem ( DATAFORMATID, DATANAME, COLNUMBER, DATAID, PROCESS_INSTRUCTION ) values ( 'DC_E_CUDB:((3)):DC_E_CUDB_RSASUBS:3gpp32435', 'DATETIME_ID', 56, 'DATETIME_ID', '' );
insert into Dataitem ( DATAFORMATID, DATANAME, COLNUMBER, DATAID, PROCESS_INSTRUCTION ) values ( 'DC_E_CUDB:((3)):DC_E_CUDB_RSASUBS:3gpp32435', 'DAY_ID', 54, 'DAY_ID', '' );
insert into Dataitem ( DATAFORMATID, DATANAME, COLNUMBER, DATAID, PROCESS_INSTRUCTION ) values ( 'DC_E_CUDB:((3)):DC_E_CUDB_RSASUBS:3gpp32435', 'DC_RELEASE', 63, 'DC_RELEASE', '' );
insert into Dataitem ( DATAFORMATID, DATANAME, COLNUMBER, DATAID, PROCESS_INSTRUCTION ) values ( 'DC_E_CUDB:((3)):DC_E_CUDB_RSASUBS:3gpp32435', 'DC_SOURCE', 64, 'DC_SOURCE', '' );
insert into Dataitem ( DATAFORMATID, DATANAME, COLNUMBER, DATAID, PROCESS_INSTRUCTION ) values ( 'DC_E_CUDB:((3)):DC_E_CUDB_RSASUBS:3gpp32435', 'DC_SUSPECTFLAG', 66, 'DC_SUSPECTFLAG', '' );
insert into Dataitem ( DATAFORMATID, DATANAME, COLNUMBER, DATAID, PROCESS_INSTRUCTION ) values ( 'DC_E_CUDB:((3)):DC_E_CUDB_RSASUBS:3gpp32435', 'DC_TIMEZONE', 65, 'DC_TIMEZONE', '' );
insert into Dataitem ( DATAFORMATID, DATANAME, COLNUMBER, DATAID, PROCESS_INSTRUCTION ) values ( 'DC_E_CUDB:((3)):DC_E_CUDB_RSASUBS:3gpp32435', 'HOUR_ID', 55, 'HOUR_ID', '' );
insert into Dataitem ( DATAFORMATID, DATANAME, COLNUMBER, DATAID, PROCESS_INSTRUCTION ) values ( 'DC_E_CUDB:((3)):DC_E_CUDB_RSASUBS:3gpp32435', 'MIN_ID', 57, 'MIN_ID', '' );
insert into Dataitem ( DATAFORMATID, DATANAME, COLNUMBER, DATAID, PROCESS_INSTRUCTION ) values ( 'DC_E_CUDB:((3)):DC_E_CUDB_RSASUBS:3gpp32435', 'MONTH_ID', 53, 'MONTH_ID', '' );
insert into Dataitem ( DATAFORMATID, DATANAME, COLNUMBER, DATAID, PROCESS_INSTRUCTION ) values ( 'DC_E_CUDB:((3)):DC_E_CUDB_RSASUBS:3gpp32435', 'NE_ID', 2, 'NEID', '' );
insert into Dataitem ( DATAFORMATID, DATANAME, COLNUMBER, DATAID, PROCESS_INSTRUCTION ) values ( 'DC_E_CUDB:((3)):DC_E_CUDB_RSASUBS:3gpp32435', 'NSUBSRSA1', 101, 'NSUBSRSA1.actual', '' );
insert into Dataitem ( DATAFORMATID, DATANAME, COLNUMBER, DATAID, PROCESS_INSTRUCTION ) values ( 'DC_E_CUDB:((3)):DC_E_CUDB_RSASUBS:3gpp32435', 'NSUBSRSA10', 110, 'NSUBSRSA10.actual', '' );
insert into Dataitem ( DATAFORMATID, DATANAME, COLNUMBER, DATAID, PROCESS_INSTRUCTION ) values ( 'DC_E_CUDB:((3)):DC_E_CUDB_RSASUBS:3gpp32435', 'NSUBSRSA100', 200, 'NSUBSRSA100.actual', '' );
insert into Dataitem ( DATAFORMATID, DATANAME, COLNUMBER, DATAID, PROCESS_INSTRUCTION ) values ( 'DC_E_CUDB:((3)):DC_E_CUDB_RSASUBS:3gpp32435', 'NSUBSRSA101', 201, 'NSUBSRSA101.actual', '' );
insert into Dataitem ( DATAFORMATID, DATANAME, COLNUMBER, DATAID, PROCESS_INSTRUCTION ) values ( 'DC_E_CUDB:((3)):DC_E_CUDB_RSASUBS:3gpp32435', 'NSUBSRSA102', 202, 'NSUBSRSA102.actual', '' );
insert into Dataitem ( DATAFORMATID, DATANAME, COLNUMBER, DATAID, PROCESS_INSTRUCTION ) values ( 'DC_E_CUDB:((3)):DC_E_CUDB_RSASUBS:3gpp32435', 'NSUBSRSA103', 203, 'NSUBSRSA103.actual', '' );
insert into Dataitem ( DATAFORMATID, DATANAME, COLNUMBER, DATAID, PROCESS_INSTRUCTION ) values ( 'DC_E_CUDB:((3)):DC_E_CUDB_RSASUBS:3gpp32435', 'NSUBSRSA104', 204, 'NSUBSRSA104.actual', '' );
insert into Dataitem ( DATAFORMATID, DATANAME, COLNUMBER, DATAID, PROCESS_INSTRUCTION ) values ( 'DC_E_CUDB:((3)):DC_E_CUDB_RSASUBS:3gpp32435', 'NSUBSRSA105', 205, 'NSUBSRSA105.actual', '' );
insert into Dataitem ( DATAFORMATID, DATANAME, COLNUMBER, DATAID, PROCESS_INSTRUCTION ) values ( 'DC_E_CUDB:((3)):DC_E_CUDB_RSASUBS:3gpp32435', 'NSUBSRSA106', 206, 'NSUBSRSA106.actual', '' );
insert into Dataitem ( DATAFORMATID, DATANAME, COLNUMBER, DATAID, PROCESS_INSTRUCTION ) values ( 'DC_E_CUDB:((3)):DC_E_CUDB_RSASUBS:3gpp32435', 'NSUBSRSA107', 207, 'NSUBSRSA107.actual', '' );
insert into Dataitem ( DATAFORMATID, DATANAME, COLNUMBER, DATAID, PROCESS_INSTRUCTION ) values ( 'DC_E_CUDB:((3)):DC_E_CUDB_RSASUBS:3gpp32435', 'NSUBSRSA108', 208, 'NSUBSRSA108.actual', '' );
insert into Dataitem ( DATAFORMATID, DATANAME, COLNUMBER, DATAID, PROCESS_INSTRUCTION ) values ( 'DC_E_CUDB:((3)):DC_E_CUDB_RSASUBS:3gpp32435', 'NSUBSRSA109', 209, 'NSUBSRSA109.actual', '' );
insert into Dataitem ( DATAFORMATID, DATANAME, COLNUMBER, DATAID, PROCESS_INSTRUCTION ) values ( 'DC_E_CUDB:((3)):DC_E_CUDB_RSASUBS:3gpp32435', 'NSUBSRSA11', 111, 'NSUBSRSA11.actual', '' );
insert into Dataitem ( DATAFORMATID, DATANAME, COLNUMBER, DATAID, PROCESS_INSTRUCTION ) values ( 'DC_E_CUDB:((3)):DC_E_CUDB_RSASUBS:3gpp32435', 'NSUBSRSA110', 210, 'NSUBSRSA110.actual', '' );
insert into Dataitem ( DATAFORMATID, DATANAME, COLNUMBER, DATAID, PROCESS_INSTRUCTION ) values ( 'DC_E_CUDB:((3)):DC_E_CUDB_RSASUBS:3gpp32435', 'NSUBSRSA111', 211, 'NSUBSRSA111.actual', '' );
insert into Dataitem ( DATAFORMATID, DATANAME, COLNUMBER, DATAID, PROCESS_INSTRUCTION ) values ( 'DC_E_CUDB:((3)):DC_E_CUDB_RSASUBS:3gpp32435', 'NSUBSRSA112', 212, 'NSUBSRSA112.actual', '' );
insert into Dataitem ( DATAFORMATID, DATANAME, COLNUMBER, DATAID, PROCESS_INSTRUCTION ) values ( 'DC_E_CUDB:((3)):DC_E_CUDB_RSASUBS:3gpp32435', 'NSUBSRSA113', 213, 'NSUBSRSA113.actual', '' );
insert into Dataitem ( DATAFORMATID, DATANAME, COLNUMBER, DATAID, PROCESS_INSTRUCTION ) values ( 'DC_E_CUDB:((3)):DC_E_CUDB_RSASUBS:3gpp32435', 'NSUBSRSA114', 214, 'NSUBSRSA114.actual', '' );
insert into Dataitem ( DATAFORMATID, DATANAME, COLNUMBER, DATAID, PROCESS_INSTRUCTION ) values ( 'DC_E_CUDB:((3)):DC_E_CUDB_RSASUBS:3gpp32435', 'NSUBSRSA115', 215, 'NSUBSRSA115.actual', '' );
insert into Dataitem ( DATAFORMATID, DATANAME, COLNUMBER, DATAID, PROCESS_INSTRUCTION ) values ( 'DC_E_CUDB:((3)):DC_E_CUDB_RSASUBS:3gpp32435', 'NSUBSRSA116', 216, 'NSUBSRSA116.actual', '' );
insert into Dataitem ( DATAFORMATID, DATANAME, COLNUMBER, DATAID, PROCESS_INSTRUCTION ) values ( 'DC_E_CUDB:((3)):DC_E_CUDB_RSASUBS:3gpp32435', 'NSUBSRSA117', 217, 'NSUBSRSA117.actual', '' );
insert into Dataitem ( DATAFORMATID, DATANAME, COLNUMBER, DATAID, PROCESS_INSTRUCTION ) values ( 'DC_E_CUDB:((3)):DC_E_CUDB_RSASUBS:3gpp32435', 'NSUBSRSA118', 218, 'NSUBSRSA118.actual', '' );
insert into Dataitem ( DATAFORMATID, DATANAME, COLNUMBER, DATAID, PROCESS_INSTRUCTION ) values ( 'DC_E_CUDB:((3)):DC_E_CUDB_RSASUBS:3gpp32435', 'NSUBSRSA119', 219, 'NSUBSRSA119.actual', '' );
insert into Dataitem ( DATAFORMATID, DATANAME, COLNUMBER, DATAID, PROCESS_INSTRUCTION ) values ( 'DC_E_CUDB:((3)):DC_E_CUDB_RSASUBS:3gpp32435', 'NSUBSRSA12', 112, 'NSUBSRSA12.actual', '' );
insert into Dataitem ( DATAFORMATID, DATANAME, COLNUMBER, DATAID, PROCESS_INSTRUCTION ) values ( 'DC_E_CUDB:((3)):DC_E_CUDB_RSASUBS:3gpp32435', 'NSUBSRSA120', 220, 'NSUBSRSA120.actual', '' );
insert into Dataitem ( DATAFORMATID, DATANAME, COLNUMBER, DATAID, PROCESS_INSTRUCTION ) values ( 'DC_E_CUDB:((3)):DC_E_CUDB_RSASUBS:3gpp32435', 'NSUBSRSA121', 221, 'NSUBSRSA121.actual', '' );
insert into Dataitem ( DATAFORMATID, DATANAME, COLNUMBER, DATAID, PROCESS_INSTRUCTION ) values ( 'DC_E_CUDB:((3)):DC_E_CUDB_RSASUBS:3gpp32435', 'NSUBSRSA122', 222, 'NSUBSRSA122.actual', '' );
insert into Dataitem ( DATAFORMATID, DATANAME, COLNUMBER, DATAID, PROCESS_INSTRUCTION ) values ( 'DC_E_CUDB:((3)):DC_E_CUDB_RSASUBS:3gpp32435', 'NSUBSRSA123', 223, 'NSUBSRSA123.actual', '' );
insert into Dataitem ( DATAFORMATID, DATANAME, COLNUMBER, DATAID, PROCESS_INSTRUCTION ) values ( 'DC_E_CUDB:((3)):DC_E_CUDB_RSASUBS:3gpp32435', 'NSUBSRSA124', 224, 'NSUBSRSA124.actual', '' );
insert into Dataitem ( DATAFORMATID, DATANAME, COLNUMBER, DATAID, PROCESS_INSTRUCTION ) values ( 'DC_E_CUDB:((3)):DC_E_CUDB_RSASUBS:3gpp32435', 'NSUBSRSA125', 225, 'NSUBSRSA125.actual', '' );
insert into Dataitem ( DATAFORMATID, DATANAME, COLNUMBER, DATAID, PROCESS_INSTRUCTION ) values ( 'DC_E_CUDB:((3)):DC_E_CUDB_RSASUBS:3gpp32435', 'NSUBSRSA126', 226, 'NSUBSRSA126.actual', '' );
insert into Dataitem ( DATAFORMATID, DATANAME, COLNUMBER, DATAID, PROCESS_INSTRUCTION ) values ( 'DC_E_CUDB:((3)):DC_E_CUDB_RSASUBS:3gpp32435', 'NSUBSRSA127', 227, 'NSUBSRSA127.actual', '' );
insert into Dataitem ( DATAFORMATID, DATANAME, COLNUMBER, DATAID, PROCESS_INSTRUCTION ) values ( 'DC_E_CUDB:((3)):DC_E_CUDB_RSASUBS:3gpp32435', 'NSUBSRSA128', 228, 'NSUBSRSA128.actual', '' );
insert into Dataitem ( DATAFORMATID, DATANAME, COLNUMBER, DATAID, PROCESS_INSTRUCTION ) values ( 'DC_E_CUDB:((3)):DC_E_CUDB_RSASUBS:3gpp32435', 'NSUBSRSA13', 113, 'NSUBSRSA13.actual', '' );
insert into Dataitem ( DATAFORMATID, DATANAME, COLNUMBER, DATAID, PROCESS_INSTRUCTION ) values ( 'DC_E_CUDB:((3)):DC_E_CUDB_RSASUBS:3gpp32435', 'NSUBSRSA14', 114, 'NSUBSRSA14.actual', '' );
insert into Dataitem ( DATAFORMATID, DATANAME, COLNUMBER, DATAID, PROCESS_INSTRUCTION ) values ( 'DC_E_CUDB:((3)):DC_E_CUDB_RSASUBS:3gpp32435', 'NSUBSRSA15', 115, 'NSUBSRSA15.actual', '' );
insert into Dataitem ( DATAFORMATID, DATANAME, COLNUMBER, DATAID, PROCESS_INSTRUCTION ) values ( 'DC_E_CUDB:((3)):DC_E_CUDB_RSASUBS:3gpp32435', 'NSUBSRSA16', 116, 'NSUBSRSA16.actual', '' );
insert into Dataitem ( DATAFORMATID, DATANAME, COLNUMBER, DATAID, PROCESS_INSTRUCTION ) values ( 'DC_E_CUDB:((3)):DC_E_CUDB_RSASUBS:3gpp32435', 'NSUBSRSA17', 117, 'NSUBSRSA17.actual', '' );
insert into Dataitem ( DATAFORMATID, DATANAME, COLNUMBER, DATAID, PROCESS_INSTRUCTION ) values ( 'DC_E_CUDB:((3)):DC_E_CUDB_RSASUBS:3gpp32435', 'NSUBSRSA18', 118, 'NSUBSRSA18.actual', '' );
insert into Dataitem ( DATAFORMATID, DATANAME, COLNUMBER, DATAID, PROCESS_INSTRUCTION ) values ( 'DC_E_CUDB:((3)):DC_E_CUDB_RSASUBS:3gpp32435', 'NSUBSRSA19', 119, 'NSUBSRSA19.actual', '' );
insert into Dataitem ( DATAFORMATID, DATANAME, COLNUMBER, DATAID, PROCESS_INSTRUCTION ) values ( 'DC_E_CUDB:((3)):DC_E_CUDB_RSASUBS:3gpp32435', 'NSUBSRSA2', 102, 'NSUBSRSA2.actual', '' );
insert into Dataitem ( DATAFORMATID, DATANAME, COLNUMBER, DATAID, PROCESS_INSTRUCTION ) values ( 'DC_E_CUDB:((3)):DC_E_CUDB_RSASUBS:3gpp32435', 'NSUBSRSA20', 120, 'NSUBSRSA20.actual', '' );
insert into Dataitem ( DATAFORMATID, DATANAME, COLNUMBER, DATAID, PROCESS_INSTRUCTION ) values ( 'DC_E_CUDB:((3)):DC_E_CUDB_RSASUBS:3gpp32435', 'NSUBSRSA21', 121, 'NSUBSRSA21.actual', '' );
insert into Dataitem ( DATAFORMATID, DATANAME, COLNUMBER, DATAID, PROCESS_INSTRUCTION ) values ( 'DC_E_CUDB:((3)):DC_E_CUDB_RSASUBS:3gpp32435', 'NSUBSRSA22', 122, 'NSUBSRSA22.actual', '' );
insert into Dataitem ( DATAFORMATID, DATANAME, COLNUMBER, DATAID, PROCESS_INSTRUCTION ) values ( 'DC_E_CUDB:((3)):DC_E_CUDB_RSASUBS:3gpp32435', 'NSUBSRSA23', 123, 'NSUBSRSA23.actual', '' );
insert into Dataitem ( DATAFORMATID, DATANAME, COLNUMBER, DATAID, PROCESS_INSTRUCTION ) values ( 'DC_E_CUDB:((3)):DC_E_CUDB_RSASUBS:3gpp32435', 'NSUBSRSA24', 124, 'NSUBSRSA24.actual', '' );
insert into Dataitem ( DATAFORMATID, DATANAME, COLNUMBER, DATAID, PROCESS_INSTRUCTION ) values ( 'DC_E_CUDB:((3)):DC_E_CUDB_RSASUBS:3gpp32435', 'NSUBSRSA25', 125, 'NSUBSRSA25.actual', '' );
insert into Dataitem ( DATAFORMATID, DATANAME, COLNUMBER, DATAID, PROCESS_INSTRUCTION ) values ( 'DC_E_CUDB:((3)):DC_E_CUDB_RSASUBS:3gpp32435', 'NSUBSRSA26', 126, 'NSUBSRSA26.actual', '' );
insert into Dataitem ( DATAFORMATID, DATANAME, COLNUMBER, DATAID, PROCESS_INSTRUCTION ) values ( 'DC_E_CUDB:((3)):DC_E_CUDB_RSASUBS:3gpp32435', 'NSUBSRSA27', 127, 'NSUBSRSA27.actual', '' );
insert into Dataitem ( DATAFORMATID, DATANAME, COLNUMBER, DATAID, PROCESS_INSTRUCTION ) values ( 'DC_E_CUDB:((3)):DC_E_CUDB_RSASUBS:3gpp32435', 'NSUBSRSA28', 128, 'NSUBSRSA28.actual', '' );
insert into Dataitem ( DATAFORMATID, DATANAME, COLNUMBER, DATAID, PROCESS_INSTRUCTION ) values ( 'DC_E_CUDB:((3)):DC_E_CUDB_RSASUBS:3gpp32435', 'NSUBSRSA29', 129, 'NSUBSRSA29.actual', '' );
insert into Dataitem ( DATAFORMATID, DATANAME, COLNUMBER, DATAID, PROCESS_INSTRUCTION ) values ( 'DC_E_CUDB:((3)):DC_E_CUDB_RSASUBS:3gpp32435', 'NSUBSRSA3', 103, 'NSUBSRSA3.actual', '' );
insert into Dataitem ( DATAFORMATID, DATANAME, COLNUMBER, DATAID, PROCESS_INSTRUCTION ) values ( 'DC_E_CUDB:((3)):DC_E_CUDB_RSASUBS:3gpp32435', 'NSUBSRSA30', 130, 'NSUBSRSA30.actual', '' );
insert into Dataitem ( DATAFORMATID, DATANAME, COLNUMBER, DATAID, PROCESS_INSTRUCTION ) values ( 'DC_E_CUDB:((3)):DC_E_CUDB_RSASUBS:3gpp32435', 'NSUBSRSA31', 131, 'NSUBSRSA31.actual', '' );
insert into Dataitem ( DATAFORMATID, DATANAME, COLNUMBER, DATAID, PROCESS_INSTRUCTION ) values ( 'DC_E_CUDB:((3)):DC_E_CUDB_RSASUBS:3gpp32435', 'NSUBSRSA32', 132, 'NSUBSRSA32.actual', '' );
insert into Dataitem ( DATAFORMATID, DATANAME, COLNUMBER, DATAID, PROCESS_INSTRUCTION ) values ( 'DC_E_CUDB:((3)):DC_E_CUDB_RSASUBS:3gpp32435', 'NSUBSRSA33', 133, 'NSUBSRSA33.actual', '' );
insert into Dataitem ( DATAFORMATID, DATANAME, COLNUMBER, DATAID, PROCESS_INSTRUCTION ) values ( 'DC_E_CUDB:((3)):DC_E_CUDB_RSASUBS:3gpp32435', 'NSUBSRSA34', 134, 'NSUBSRSA34.actual', '' );
insert into Dataitem ( DATAFORMATID, DATANAME, COLNUMBER, DATAID, PROCESS_INSTRUCTION ) values ( 'DC_E_CUDB:((3)):DC_E_CUDB_RSASUBS:3gpp32435', 'NSUBSRSA35', 135, 'NSUBSRSA35.actual', '' );
insert into Dataitem ( DATAFORMATID, DATANAME, COLNUMBER, DATAID, PROCESS_INSTRUCTION ) values ( 'DC_E_CUDB:((3)):DC_E_CUDB_RSASUBS:3gpp32435', 'NSUBSRSA36', 136, 'NSUBSRSA36.actual', '' );
insert into Dataitem ( DATAFORMATID, DATANAME, COLNUMBER, DATAID, PROCESS_INSTRUCTION ) values ( 'DC_E_CUDB:((3)):DC_E_CUDB_RSASUBS:3gpp32435', 'NSUBSRSA37', 137, 'NSUBSRSA37.actual', '' );
insert into Dataitem ( DATAFORMATID, DATANAME, COLNUMBER, DATAID, PROCESS_INSTRUCTION ) values ( 'DC_E_CUDB:((3)):DC_E_CUDB_RSASUBS:3gpp32435', 'NSUBSRSA38', 138, 'NSUBSRSA38.actual', '' );
insert into Dataitem ( DATAFORMATID, DATANAME, COLNUMBER, DATAID, PROCESS_INSTRUCTION ) values ( 'DC_E_CUDB:((3)):DC_E_CUDB_RSASUBS:3gpp32435', 'NSUBSRSA39', 139, 'NSUBSRSA39.actual', '' );
insert into Dataitem ( DATAFORMATID, DATANAME, COLNUMBER, DATAID, PROCESS_INSTRUCTION ) values ( 'DC_E_CUDB:((3)):DC_E_CUDB_RSASUBS:3gpp32435', 'NSUBSRSA4', 104, 'NSUBSRSA4.actual', '' );
insert into Dataitem ( DATAFORMATID, DATANAME, COLNUMBER, DATAID, PROCESS_INSTRUCTION ) values ( 'DC_E_CUDB:((3)):DC_E_CUDB_RSASUBS:3gpp32435', 'NSUBSRSA40', 140, 'NSUBSRSA40.actual', '' );
insert into Dataitem ( DATAFORMATID, DATANAME, COLNUMBER, DATAID, PROCESS_INSTRUCTION ) values ( 'DC_E_CUDB:((3)):DC_E_CUDB_RSASUBS:3gpp32435', 'NSUBSRSA41', 141, 'NSUBSRSA41.actual', '' );
insert into Dataitem ( DATAFORMATID, DATANAME, COLNUMBER, DATAID, PROCESS_INSTRUCTION ) values ( 'DC_E_CUDB:((3)):DC_E_CUDB_RSASUBS:3gpp32435', 'NSUBSRSA42', 142, 'NSUBSRSA42.actual', '' );
insert into Dataitem ( DATAFORMATID, DATANAME, COLNUMBER, DATAID, PROCESS_INSTRUCTION ) values ( 'DC_E_CUDB:((3)):DC_E_CUDB_RSASUBS:3gpp32435', 'NSUBSRSA43', 143, 'NSUBSRSA43.actual', '' );
insert into Dataitem ( DATAFORMATID, DATANAME, COLNUMBER, DATAID, PROCESS_INSTRUCTION ) values ( 'DC_E_CUDB:((3)):DC_E_CUDB_RSASUBS:3gpp32435', 'NSUBSRSA44', 144, 'NSUBSRSA44.actual', '' );
insert into Dataitem ( DATAFORMATID, DATANAME, COLNUMBER, DATAID, PROCESS_INSTRUCTION ) values ( 'DC_E_CUDB:((3)):DC_E_CUDB_RSASUBS:3gpp32435', 'NSUBSRSA45', 145, 'NSUBSRSA45.actual', '' );
insert into Dataitem ( DATAFORMATID, DATANAME, COLNUMBER, DATAID, PROCESS_INSTRUCTION ) values ( 'DC_E_CUDB:((3)):DC_E_CUDB_RSASUBS:3gpp32435', 'NSUBSRSA46', 146, 'NSUBSRSA46.actual', '' );
insert into Dataitem ( DATAFORMATID, DATANAME, COLNUMBER, DATAID, PROCESS_INSTRUCTION ) values ( 'DC_E_CUDB:((3)):DC_E_CUDB_RSASUBS:3gpp32435', 'NSUBSRSA47', 147, 'NSUBSRSA47.actual', '' );
insert into Dataitem ( DATAFORMATID, DATANAME, COLNUMBER, DATAID, PROCESS_INSTRUCTION ) values ( 'DC_E_CUDB:((3)):DC_E_CUDB_RSASUBS:3gpp32435', 'NSUBSRSA48', 148, 'NSUBSRSA48.actual', '' );
insert into Dataitem ( DATAFORMATID, DATANAME, COLNUMBER, DATAID, PROCESS_INSTRUCTION ) values ( 'DC_E_CUDB:((3)):DC_E_CUDB_RSASUBS:3gpp32435', 'NSUBSRSA49', 149, 'NSUBSRSA49.actual', '' );
insert into Dataitem ( DATAFORMATID, DATANAME, COLNUMBER, DATAID, PROCESS_INSTRUCTION ) values ( 'DC_E_CUDB:((3)):DC_E_CUDB_RSASUBS:3gpp32435', 'NSUBSRSA5', 105, 'NSUBSRSA5.actual', '' );
insert into Dataitem ( DATAFORMATID, DATANAME, COLNUMBER, DATAID, PROCESS_INSTRUCTION ) values ( 'DC_E_CUDB:((3)):DC_E_CUDB_RSASUBS:3gpp32435', 'NSUBSRSA50', 150, 'NSUBSRSA50.actual', '' );
insert into Dataitem ( DATAFORMATID, DATANAME, COLNUMBER, DATAID, PROCESS_INSTRUCTION ) values ( 'DC_E_CUDB:((3)):DC_E_CUDB_RSASUBS:3gpp32435', 'NSUBSRSA51', 151, 'NSUBSRSA51.actual', '' );
insert into Dataitem ( DATAFORMATID, DATANAME, COLNUMBER, DATAID, PROCESS_INSTRUCTION ) values ( 'DC_E_CUDB:((3)):DC_E_CUDB_RSASUBS:3gpp32435', 'NSUBSRSA52', 152, 'NSUBSRSA52.actual', '' );
insert into Dataitem ( DATAFORMATID, DATANAME, COLNUMBER, DATAID, PROCESS_INSTRUCTION ) values ( 'DC_E_CUDB:((3)):DC_E_CUDB_RSASUBS:3gpp32435', 'NSUBSRSA53', 153, 'NSUBSRSA53.actual', '' );
insert into Dataitem ( DATAFORMATID, DATANAME, COLNUMBER, DATAID, PROCESS_INSTRUCTION ) values ( 'DC_E_CUDB:((3)):DC_E_CUDB_RSASUBS:3gpp32435', 'NSUBSRSA54', 154, 'NSUBSRSA54.actual', '' );
insert into Dataitem ( DATAFORMATID, DATANAME, COLNUMBER, DATAID, PROCESS_INSTRUCTION ) values ( 'DC_E_CUDB:((3)):DC_E_CUDB_RSASUBS:3gpp32435', 'NSUBSRSA55', 155, 'NSUBSRSA55.actual', '' );
insert into Dataitem ( DATAFORMATID, DATANAME, COLNUMBER, DATAID, PROCESS_INSTRUCTION ) values ( 'DC_E_CUDB:((3)):DC_E_CUDB_RSASUBS:3gpp32435', 'NSUBSRSA56', 156, 'NSUBSRSA56.actual', '' );
insert into Dataitem ( DATAFORMATID, DATANAME, COLNUMBER, DATAID, PROCESS_INSTRUCTION ) values ( 'DC_E_CUDB:((3)):DC_E_CUDB_RSASUBS:3gpp32435', 'NSUBSRSA57', 157, 'NSUBSRSA57.actual', '' );
insert into Dataitem ( DATAFORMATID, DATANAME, COLNUMBER, DATAID, PROCESS_INSTRUCTION ) values ( 'DC_E_CUDB:((3)):DC_E_CUDB_RSASUBS:3gpp32435', 'NSUBSRSA58', 158, 'NSUBSRSA58.actual', '' );
insert into Dataitem ( DATAFORMATID, DATANAME, COLNUMBER, DATAID, PROCESS_INSTRUCTION ) values ( 'DC_E_CUDB:((3)):DC_E_CUDB_RSASUBS:3gpp32435', 'NSUBSRSA59', 159, 'NSUBSRSA59.actual', '' );
insert into Dataitem ( DATAFORMATID, DATANAME, COLNUMBER, DATAID, PROCESS_INSTRUCTION ) values ( 'DC_E_CUDB:((3)):DC_E_CUDB_RSASUBS:3gpp32435', 'NSUBSRSA6', 106, 'NSUBSRSA6.actual', '' );
insert into Dataitem ( DATAFORMATID, DATANAME, COLNUMBER, DATAID, PROCESS_INSTRUCTION ) values ( 'DC_E_CUDB:((3)):DC_E_CUDB_RSASUBS:3gpp32435', 'NSUBSRSA60', 160, 'NSUBSRSA60.actual', '' );
insert into Dataitem ( DATAFORMATID, DATANAME, COLNUMBER, DATAID, PROCESS_INSTRUCTION ) values ( 'DC_E_CUDB:((3)):DC_E_CUDB_RSASUBS:3gpp32435', 'NSUBSRSA61', 161, 'NSUBSRSA61.actual', '' );
insert into Dataitem ( DATAFORMATID, DATANAME, COLNUMBER, DATAID, PROCESS_INSTRUCTION ) values ( 'DC_E_CUDB:((3)):DC_E_CUDB_RSASUBS:3gpp32435', 'NSUBSRSA62', 162, 'NSUBSRSA62.actual', '' );
insert into Dataitem ( DATAFORMATID, DATANAME, COLNUMBER, DATAID, PROCESS_INSTRUCTION ) values ( 'DC_E_CUDB:((3)):DC_E_CUDB_RSASUBS:3gpp32435', 'NSUBSRSA63', 163, 'NSUBSRSA63.actual', '' );
insert into Dataitem ( DATAFORMATID, DATANAME, COLNUMBER, DATAID, PROCESS_INSTRUCTION ) values ( 'DC_E_CUDB:((3)):DC_E_CUDB_RSASUBS:3gpp32435', 'NSUBSRSA64', 164, 'NSUBSRSA64.actual', '' );
insert into Dataitem ( DATAFORMATID, DATANAME, COLNUMBER, DATAID, PROCESS_INSTRUCTION ) values ( 'DC_E_CUDB:((3)):DC_E_CUDB_RSASUBS:3gpp32435', 'NSUBSRSA65', 165, 'NSUBSRSA65.actual', '' );
insert into Dataitem ( DATAFORMATID, DATANAME, COLNUMBER, DATAID, PROCESS_INSTRUCTION ) values ( 'DC_E_CUDB:((3)):DC_E_CUDB_RSASUBS:3gpp32435', 'NSUBSRSA66', 166, 'NSUBSRSA66.actual', '' );
insert into Dataitem ( DATAFORMATID, DATANAME, COLNUMBER, DATAID, PROCESS_INSTRUCTION ) values ( 'DC_E_CUDB:((3)):DC_E_CUDB_RSASUBS:3gpp32435', 'NSUBSRSA67', 167, 'NSUBSRSA67.actual', '' );
insert into Dataitem ( DATAFORMATID, DATANAME, COLNUMBER, DATAID, PROCESS_INSTRUCTION ) values ( 'DC_E_CUDB:((3)):DC_E_CUDB_RSASUBS:3gpp32435', 'NSUBSRSA68', 168, 'NSUBSRSA68.actual', '' );
insert into Dataitem ( DATAFORMATID, DATANAME, COLNUMBER, DATAID, PROCESS_INSTRUCTION ) values ( 'DC_E_CUDB:((3)):DC_E_CUDB_RSASUBS:3gpp32435', 'NSUBSRSA69', 169, 'NSUBSRSA69.actual', '' );
insert into Dataitem ( DATAFORMATID, DATANAME, COLNUMBER, DATAID, PROCESS_INSTRUCTION ) values ( 'DC_E_CUDB:((3)):DC_E_CUDB_RSASUBS:3gpp32435', 'NSUBSRSA7', 107, 'NSUBSRSA7.actual', '' );
insert into Dataitem ( DATAFORMATID, DATANAME, COLNUMBER, DATAID, PROCESS_INSTRUCTION ) values ( 'DC_E_CUDB:((3)):DC_E_CUDB_RSASUBS:3gpp32435', 'NSUBSRSA70', 170, 'NSUBSRSA70.actual', '' );
insert into Dataitem ( DATAFORMATID, DATANAME, COLNUMBER, DATAID, PROCESS_INSTRUCTION ) values ( 'DC_E_CUDB:((3)):DC_E_CUDB_RSASUBS:3gpp32435', 'NSUBSRSA71', 171, 'NSUBSRSA71.actual', '' );
insert into Dataitem ( DATAFORMATID, DATANAME, COLNUMBER, DATAID, PROCESS_INSTRUCTION ) values ( 'DC_E_CUDB:((3)):DC_E_CUDB_RSASUBS:3gpp32435', 'NSUBSRSA72', 172, 'NSUBSRSA72.actual', '' );
insert into Dataitem ( DATAFORMATID, DATANAME, COLNUMBER, DATAID, PROCESS_INSTRUCTION ) values ( 'DC_E_CUDB:((3)):DC_E_CUDB_RSASUBS:3gpp32435', 'NSUBSRSA73', 173, 'NSUBSRSA73.actual', '' );
insert into Dataitem ( DATAFORMATID, DATANAME, COLNUMBER, DATAID, PROCESS_INSTRUCTION ) values ( 'DC_E_CUDB:((3)):DC_E_CUDB_RSASUBS:3gpp32435', 'NSUBSRSA74', 174, 'NSUBSRSA74.actual', '' );
insert into Dataitem ( DATAFORMATID, DATANAME, COLNUMBER, DATAID, PROCESS_INSTRUCTION ) values ( 'DC_E_CUDB:((3)):DC_E_CUDB_RSASUBS:3gpp32435', 'NSUBSRSA75', 175, 'NSUBSRSA75.actual', '' );
insert into Dataitem ( DATAFORMATID, DATANAME, COLNUMBER, DATAID, PROCESS_INSTRUCTION ) values ( 'DC_E_CUDB:((3)):DC_E_CUDB_RSASUBS:3gpp32435', 'NSUBSRSA76', 176, 'NSUBSRSA76.actual', '' );
insert into Dataitem ( DATAFORMATID, DATANAME, COLNUMBER, DATAID, PROCESS_INSTRUCTION ) values ( 'DC_E_CUDB:((3)):DC_E_CUDB_RSASUBS:3gpp32435', 'NSUBSRSA77', 177, 'NSUBSRSA77.actual', '' );
insert into Dataitem ( DATAFORMATID, DATANAME, COLNUMBER, DATAID, PROCESS_INSTRUCTION ) values ( 'DC_E_CUDB:((3)):DC_E_CUDB_RSASUBS:3gpp32435', 'NSUBSRSA78', 178, 'NSUBSRSA78.actual', '' );
insert into Dataitem ( DATAFORMATID, DATANAME, COLNUMBER, DATAID, PROCESS_INSTRUCTION ) values ( 'DC_E_CUDB:((3)):DC_E_CUDB_RSASUBS:3gpp32435', 'NSUBSRSA79', 179, 'NSUBSRSA79.actual', '' );
insert into Dataitem ( DATAFORMATID, DATANAME, COLNUMBER, DATAID, PROCESS_INSTRUCTION ) values ( 'DC_E_CUDB:((3)):DC_E_CUDB_RSASUBS:3gpp32435', 'NSUBSRSA8', 108, 'NSUBSRSA8.actual', '' );
insert into Dataitem ( DATAFORMATID, DATANAME, COLNUMBER, DATAID, PROCESS_INSTRUCTION ) values ( 'DC_E_CUDB:((3)):DC_E_CUDB_RSASUBS:3gpp32435', 'NSUBSRSA80', 180, 'NSUBSRSA80.actual', '' );
insert into Dataitem ( DATAFORMATID, DATANAME, COLNUMBER, DATAID, PROCESS_INSTRUCTION ) values ( 'DC_E_CUDB:((3)):DC_E_CUDB_RSASUBS:3gpp32435', 'NSUBSRSA81', 181, 'NSUBSRSA81.actual', '' );
insert into Dataitem ( DATAFORMATID, DATANAME, COLNUMBER, DATAID, PROCESS_INSTRUCTION ) values ( 'DC_E_CUDB:((3)):DC_E_CUDB_RSASUBS:3gpp32435', 'NSUBSRSA82', 182, 'NSUBSRSA82.actual', '' );
insert into Dataitem ( DATAFORMATID, DATANAME, COLNUMBER, DATAID, PROCESS_INSTRUCTION ) values ( 'DC_E_CUDB:((3)):DC_E_CUDB_RSASUBS:3gpp32435', 'NSUBSRSA83', 183, 'NSUBSRSA83.actual', '' );
insert into Dataitem ( DATAFORMATID, DATANAME, COLNUMBER, DATAID, PROCESS_INSTRUCTION ) values ( 'DC_E_CUDB:((3)):DC_E_CUDB_RSASUBS:3gpp32435', 'NSUBSRSA84', 184, 'NSUBSRSA84.actual', '' );
insert into Dataitem ( DATAFORMATID, DATANAME, COLNUMBER, DATAID, PROCESS_INSTRUCTION ) values ( 'DC_E_CUDB:((3)):DC_E_CUDB_RSASUBS:3gpp32435', 'NSUBSRSA85', 185, 'NSUBSRSA85.actual', '' );
insert into Dataitem ( DATAFORMATID, DATANAME, COLNUMBER, DATAID, PROCESS_INSTRUCTION ) values ( 'DC_E_CUDB:((3)):DC_E_CUDB_RSASUBS:3gpp32435', 'NSUBSRSA86', 186, 'NSUBSRSA86.actual', '' );
insert into Dataitem ( DATAFORMATID, DATANAME, COLNUMBER, DATAID, PROCESS_INSTRUCTION ) values ( 'DC_E_CUDB:((3)):DC_E_CUDB_RSASUBS:3gpp32435', 'NSUBSRSA87', 187, 'NSUBSRSA87.actual', '' );
insert into Dataitem ( DATAFORMATID, DATANAME, COLNUMBER, DATAID, PROCESS_INSTRUCTION ) values ( 'DC_E_CUDB:((3)):DC_E_CUDB_RSASUBS:3gpp32435', 'NSUBSRSA88', 188, 'NSUBSRSA88.actual', '' );
insert into Dataitem ( DATAFORMATID, DATANAME, COLNUMBER, DATAID, PROCESS_INSTRUCTION ) values ( 'DC_E_CUDB:((3)):DC_E_CUDB_RSASUBS:3gpp32435', 'NSUBSRSA89', 189, 'NSUBSRSA89.actual', '' );
insert into Dataitem ( DATAFORMATID, DATANAME, COLNUMBER, DATAID, PROCESS_INSTRUCTION ) values ( 'DC_E_CUDB:((3)):DC_E_CUDB_RSASUBS:3gpp32435', 'NSUBSRSA9', 109, 'NSUBSRSA9.actual', '' );
insert into Dataitem ( DATAFORMATID, DATANAME, COLNUMBER, DATAID, PROCESS_INSTRUCTION ) values ( 'DC_E_CUDB:((3)):DC_E_CUDB_RSASUBS:3gpp32435', 'NSUBSRSA90', 190, 'NSUBSRSA90.actual', '' );
insert into Dataitem ( DATAFORMATID, DATANAME, COLNUMBER, DATAID, PROCESS_INSTRUCTION ) values ( 'DC_E_CUDB:((3)):DC_E_CUDB_RSASUBS:3gpp32435', 'NSUBSRSA91', 191, 'NSUBSRSA91.actual', '' );
insert into Dataitem ( DATAFORMATID, DATANAME, COLNUMBER, DATAID, PROCESS_INSTRUCTION ) values ( 'DC_E_CUDB:((3)):DC_E_CUDB_RSASUBS:3gpp32435', 'NSUBSRSA92', 192, 'NSUBSRSA92.actual', '' );
insert into Dataitem ( DATAFORMATID, DATANAME, COLNUMBER, DATAID, PROCESS_INSTRUCTION ) values ( 'DC_E_CUDB:((3)):DC_E_CUDB_RSASUBS:3gpp32435', 'NSUBSRSA93', 193, 'NSUBSRSA93.actual', '' );
insert into Dataitem ( DATAFORMATID, DATANAME, COLNUMBER, DATAID, PROCESS_INSTRUCTION ) values ( 'DC_E_CUDB:((3)):DC_E_CUDB_RSASUBS:3gpp32435', 'NSUBSRSA94', 194, 'NSUBSRSA94.actual', '' );
insert into Dataitem ( DATAFORMATID, DATANAME, COLNUMBER, DATAID, PROCESS_INSTRUCTION ) values ( 'DC_E_CUDB:((3)):DC_E_CUDB_RSASUBS:3gpp32435', 'NSUBSRSA95', 195, 'NSUBSRSA95.actual', '' );
insert into Dataitem ( DATAFORMATID, DATANAME, COLNUMBER, DATAID, PROCESS_INSTRUCTION ) values ( 'DC_E_CUDB:((3)):DC_E_CUDB_RSASUBS:3gpp32435', 'NSUBSRSA96', 196, 'NSUBSRSA96.actual', '' );
insert into Dataitem ( DATAFORMATID, DATANAME, COLNUMBER, DATAID, PROCESS_INSTRUCTION ) values ( 'DC_E_CUDB:((3)):DC_E_CUDB_RSASUBS:3gpp32435', 'NSUBSRSA97', 197, 'NSUBSRSA97.actual', '' );
insert into Dataitem ( DATAFORMATID, DATANAME, COLNUMBER, DATAID, PROCESS_INSTRUCTION ) values ( 'DC_E_CUDB:((3)):DC_E_CUDB_RSASUBS:3gpp32435', 'NSUBSRSA98', 198, 'NSUBSRSA98.actual', '' );
insert into Dataitem ( DATAFORMATID, DATANAME, COLNUMBER, DATAID, PROCESS_INSTRUCTION ) values ( 'DC_E_CUDB:((3)):DC_E_CUDB_RSASUBS:3gpp32435', 'NSUBSRSA99', 199, 'NSUBSRSA99.actual', '' );
insert into Dataitem ( DATAFORMATID, DATANAME, COLNUMBER, DATAID, PROCESS_INSTRUCTION ) values ( 'DC_E_CUDB:((3)):DC_E_CUDB_RSASUBS:3gpp32435', 'OSS_ID', 1, 'OSS_ID', '' );
insert into Dataitem ( DATAFORMATID, DATANAME, COLNUMBER, DATAID, PROCESS_INSTRUCTION ) values ( 'DC_E_CUDB:((3)):DC_E_CUDB_RSASUBS:3gpp32435', 'PERIOD_DURATION', 61, 'PERIOD_DURATION', '' );
insert into Dataitem ( DATAFORMATID, DATANAME, COLNUMBER, DATAID, PROCESS_INSTRUCTION ) values ( 'DC_E_CUDB:((3)):DC_E_CUDB_RSASUBS:3gpp32435', 'ROWSTATUS', 62, 'ROWSTATUS', '' );
insert into Dataitem ( DATAFORMATID, DATANAME, COLNUMBER, DATAID, PROCESS_INSTRUCTION ) values ( 'DC_E_CUDB:((3)):DC_E_CUDB_RSASUBS:3gpp32435', 'SESSION_ID', 59, 'SESSION_ID', '' );
insert into Dataitem ( DATAFORMATID, DATANAME, COLNUMBER, DATAID, PROCESS_INSTRUCTION ) values ( 'DC_E_CUDB:((3)):DC_E_CUDB_RSASUBS:3gpp32435', 'TIMELEVEL', 58, 'TIMELEVEL', '' );
insert into Dataitem ( DATAFORMATID, DATANAME, COLNUMBER, DATAID, PROCESS_INSTRUCTION ) values ( 'DC_E_CUDB:((3)):DC_E_CUDB_RSASUBS:3gpp32435', 'UTC_DATETIME_ID', 67, 'UTC_DATETIME_ID', '' );
insert into Dataitem ( DATAFORMATID, DATANAME, COLNUMBER, DATAID, PROCESS_INSTRUCTION ) values ( 'DC_E_CUDB:((3)):DC_E_CUDB_RSASUBS:3gpp32435', 'YEAR_ID', 52, 'YEAR_ID', '' );
insert into Dataformat ( DATAFORMATID, TYPEID, VERSIONID, OBJECTTYPE, FOLDERNAME, DATAFORMATTYPE ) values ( 'DC_E_CUDB:((3)):DC_E_CUDB_LOCSUBS:3gpp32435', 'DC_E_CUDB:((3)):DC_E_CUDB_LOCSUBS', 'DC_E_CUDB:((3))', 'Measurement', 'DC_E_CUDB_LOCSUBS', '3gpp32435' );
insert into Defaulttags ( TAGID, DATAFORMATID, DESCRIPTION ) values ( 'LOCSUBS', 'DC_E_CUDB:((3)):DC_E_CUDB_LOCSUBS:3gpp32435', 'Default tags for DC_E_CUDB_LOCSUBS in DC_E_CUDB:((3)) with format 3GPP32435.' );
insert into Dataitem ( DATAFORMATID, DATANAME, COLNUMBER, DATAID, PROCESS_INSTRUCTION ) values ( 'DC_E_CUDB:((3)):DC_E_CUDB_LOCSUBS:3gpp32435', 'BATCH_ID', 60, 'BATCH_ID', '' );
insert into Dataitem ( DATAFORMATID, DATANAME, COLNUMBER, DATAID, PROCESS_INSTRUCTION ) values ( 'DC_E_CUDB:((3)):DC_E_CUDB_LOCSUBS:3gpp32435', 'DATE_ID', 51, 'DATE_ID', '' );
insert into Dataitem ( DATAFORMATID, DATANAME, COLNUMBER, DATAID, PROCESS_INSTRUCTION ) values ( 'DC_E_CUDB:((3)):DC_E_CUDB_LOCSUBS:3gpp32435', 'DATETIME_ID', 56, 'DATETIME_ID', '' );
insert into Dataitem ( DATAFORMATID, DATANAME, COLNUMBER, DATAID, PROCESS_INSTRUCTION ) values ( 'DC_E_CUDB:((3)):DC_E_CUDB_LOCSUBS:3gpp32435', 'DAY_ID', 54, 'DAY_ID', '' );
insert into Dataitem ( DATAFORMATID, DATANAME, COLNUMBER, DATAID, PROCESS_INSTRUCTION ) values ( 'DC_E_CUDB:((3)):DC_E_CUDB_LOCSUBS:3gpp32435', 'DC_RELEASE', 63, 'DC_RELEASE', '' );
insert into Dataitem ( DATAFORMATID, DATANAME, COLNUMBER, DATAID, PROCESS_INSTRUCTION ) values ( 'DC_E_CUDB:((3)):DC_E_CUDB_LOCSUBS:3gpp32435', 'DC_SOURCE', 64, 'DC_SOURCE', '' );
insert into Dataitem ( DATAFORMATID, DATANAME, COLNUMBER, DATAID, PROCESS_INSTRUCTION ) values ( 'DC_E_CUDB:((3)):DC_E_CUDB_LOCSUBS:3gpp32435', 'DC_SUSPECTFLAG', 66, 'DC_SUSPECTFLAG', '' );
insert into Dataitem ( DATAFORMATID, DATANAME, COLNUMBER, DATAID, PROCESS_INSTRUCTION ) values ( 'DC_E_CUDB:((3)):DC_E_CUDB_LOCSUBS:3gpp32435', 'DC_TIMEZONE', 65, 'DC_TIMEZONE', '' );
insert into Dataitem ( DATAFORMATID, DATANAME, COLNUMBER, DATAID, PROCESS_INSTRUCTION ) values ( 'DC_E_CUDB:((3)):DC_E_CUDB_LOCSUBS:3gpp32435', 'HOUR_ID', 55, 'HOUR_ID', '' );
insert into Dataitem ( DATAFORMATID, DATANAME, COLNUMBER, DATAID, PROCESS_INSTRUCTION ) values ( 'DC_E_CUDB:((3)):DC_E_CUDB_LOCSUBS:3gpp32435', 'MIN_ID', 57, 'MIN_ID', '' );
insert into Dataitem ( DATAFORMATID, DATANAME, COLNUMBER, DATAID, PROCESS_INSTRUCTION ) values ( 'DC_E_CUDB:((3)):DC_E_CUDB_LOCSUBS:3gpp32435', 'MONTH_ID', 53, 'MONTH_ID', '' );
insert into Dataitem ( DATAFORMATID, DATANAME, COLNUMBER, DATAID, PROCESS_INSTRUCTION ) values ( 'DC_E_CUDB:((3)):DC_E_CUDB_LOCSUBS:3gpp32435', 'NE_ID', 2, 'NEID', '' );
insert into Dataitem ( DATAFORMATID, DATANAME, COLNUMBER, DATAID, PROCESS_INSTRUCTION ) values ( 'DC_E_CUDB:((3)):DC_E_CUDB_LOCSUBS:3gpp32435', 'NSGSNBARREDSUBS', 109, 'NSGSNBARREDSUBS.actual', '' );
insert into Dataitem ( DATAFORMATID, DATANAME, COLNUMBER, DATAID, PROCESS_INSTRUCTION ) values ( 'DC_E_CUDB:((3)):DC_E_CUDB_LOCSUBS:3gpp32435', 'NSGSNKNOWNSUBS', 106, 'NSGSNKNOWNSUBS.actual', '' );
insert into Dataitem ( DATAFORMATID, DATANAME, COLNUMBER, DATAID, PROCESS_INSTRUCTION ) values ( 'DC_E_CUDB:((3)):DC_E_CUDB_LOCSUBS:3gpp32435', 'NSGSNPURGESUBS', 110, 'NSGSNPURGESUBS.actual', '' );
insert into Dataitem ( DATAFORMATID, DATANAME, COLNUMBER, DATAID, PROCESS_INSTRUCTION ) values ( 'DC_E_CUDB:((3)):DC_E_CUDB_LOCSUBS:3gpp32435', 'NSGSNRESTSUBS', 108, 'NSGSNRESTSUBS.actual', '' );
insert into Dataitem ( DATAFORMATID, DATANAME, COLNUMBER, DATAID, PROCESS_INSTRUCTION ) values ( 'DC_E_CUDB:((3)):DC_E_CUDB_LOCSUBS:3gpp32435', 'NSGSNUNKNOWNSUBS', 107, 'NSGSNUNKNOWNSUBS.actual', '' );
insert into Dataitem ( DATAFORMATID, DATANAME, COLNUMBER, DATAID, PROCESS_INSTRUCTION ) values ( 'DC_E_CUDB:((3)):DC_E_CUDB_LOCSUBS:3gpp32435', 'NVLRBARREDSUBS', 104, 'NVLRBARREDSUBS.actual', '' );
insert into Dataitem ( DATAFORMATID, DATANAME, COLNUMBER, DATAID, PROCESS_INSTRUCTION ) values ( 'DC_E_CUDB:((3)):DC_E_CUDB_LOCSUBS:3gpp32435', 'NVLRKNOWNSUBS', 101, 'NVLRKNOWNSUBS.actual', '' );
insert into Dataitem ( DATAFORMATID, DATANAME, COLNUMBER, DATAID, PROCESS_INSTRUCTION ) values ( 'DC_E_CUDB:((3)):DC_E_CUDB_LOCSUBS:3gpp32435', 'NVLRPURGESUBS', 105, 'NVLRPURGESUBS.actual', '' );
insert into Dataitem ( DATAFORMATID, DATANAME, COLNUMBER, DATAID, PROCESS_INSTRUCTION ) values ( 'DC_E_CUDB:((3)):DC_E_CUDB_LOCSUBS:3gpp32435', 'NVLRRESTSUBS', 103, 'NVLRRESTSUBS.actual', '' );
insert into Dataitem ( DATAFORMATID, DATANAME, COLNUMBER, DATAID, PROCESS_INSTRUCTION ) values ( 'DC_E_CUDB:((3)):DC_E_CUDB_LOCSUBS:3gpp32435', 'NVLRUNKNOWNSUBS', 102, 'NVLRUNKNOWNSUBS.actual', '' );
insert into Dataitem ( DATAFORMATID, DATANAME, COLNUMBER, DATAID, PROCESS_INSTRUCTION ) values ( 'DC_E_CUDB:((3)):DC_E_CUDB_LOCSUBS:3gpp32435', 'OSS_ID', 1, 'OSS_ID', '' );
insert into Dataitem ( DATAFORMATID, DATANAME, COLNUMBER, DATAID, PROCESS_INSTRUCTION ) values ( 'DC_E_CUDB:((3)):DC_E_CUDB_LOCSUBS:3gpp32435', 'PERIOD_DURATION', 61, 'PERIOD_DURATION', '' );
insert into Dataitem ( DATAFORMATID, DATANAME, COLNUMBER, DATAID, PROCESS_INSTRUCTION ) values ( 'DC_E_CUDB:((3)):DC_E_CUDB_LOCSUBS:3gpp32435', 'ROWSTATUS', 62, 'ROWSTATUS', '' );
insert into Dataitem ( DATAFORMATID, DATANAME, COLNUMBER, DATAID, PROCESS_INSTRUCTION ) values ( 'DC_E_CUDB:((3)):DC_E_CUDB_LOCSUBS:3gpp32435', 'SESSION_ID', 59, 'SESSION_ID', '' );
insert into Dataitem ( DATAFORMATID, DATANAME, COLNUMBER, DATAID, PROCESS_INSTRUCTION ) values ( 'DC_E_CUDB:((3)):DC_E_CUDB_LOCSUBS:3gpp32435', 'TIMELEVEL', 58, 'TIMELEVEL', '' );
insert into Dataitem ( DATAFORMATID, DATANAME, COLNUMBER, DATAID, PROCESS_INSTRUCTION ) values ( 'DC_E_CUDB:((3)):DC_E_CUDB_LOCSUBS:3gpp32435', 'UTC_DATETIME_ID', 67, 'UTC_DATETIME_ID', '' );
insert into Dataitem ( DATAFORMATID, DATANAME, COLNUMBER, DATAID, PROCESS_INSTRUCTION ) values ( 'DC_E_CUDB:((3)):DC_E_CUDB_LOCSUBS:3gpp32435', 'YEAR_ID', 52, 'YEAR_ID', '' );
insert into Dataformat ( DATAFORMATID, TYPEID, VERSIONID, OBJECTTYPE, FOLDERNAME, DATAFORMATTYPE ) values ( 'DC_E_CUDB:((3)):DC_E_CUDB_AUCSUBS:3gpp32435', 'DC_E_CUDB:((3)):DC_E_CUDB_AUCSUBS', 'DC_E_CUDB:((3))', 'Measurement', 'DC_E_CUDB_AUCSUBS', '3gpp32435' );
insert into Defaulttags ( TAGID, DATAFORMATID, DESCRIPTION ) values ( 'AUCSUBS', 'DC_E_CUDB:((3)):DC_E_CUDB_AUCSUBS:3gpp32435', 'Default tags for DC_E_CUDB_AUCSUBS in DC_E_CUDB:((3)) with format 3GPP32435.' );
insert into Dataitem ( DATAFORMATID, DATANAME, COLNUMBER, DATAID, PROCESS_INSTRUCTION ) values ( 'DC_E_CUDB:((3)):DC_E_CUDB_AUCSUBS:3gpp32435', 'BATCH_ID', 60, 'BATCH_ID', '' );
insert into Dataitem ( DATAFORMATID, DATANAME, COLNUMBER, DATAID, PROCESS_INSTRUCTION ) values ( 'DC_E_CUDB:((3)):DC_E_CUDB_AUCSUBS:3gpp32435', 'DATE_ID', 51, 'DATE_ID', '' );
insert into Dataitem ( DATAFORMATID, DATANAME, COLNUMBER, DATAID, PROCESS_INSTRUCTION ) values ( 'DC_E_CUDB:((3)):DC_E_CUDB_AUCSUBS:3gpp32435', 'DATETIME_ID', 56, 'DATETIME_ID', '' );
insert into Dataitem ( DATAFORMATID, DATANAME, COLNUMBER, DATAID, PROCESS_INSTRUCTION ) values ( 'DC_E_CUDB:((3)):DC_E_CUDB_AUCSUBS:3gpp32435', 'DAY_ID', 54, 'DAY_ID', '' );
insert into Dataitem ( DATAFORMATID, DATANAME, COLNUMBER, DATAID, PROCESS_INSTRUCTION ) values ( 'DC_E_CUDB:((3)):DC_E_CUDB_AUCSUBS:3gpp32435', 'DC_RELEASE', 63, 'DC_RELEASE', '' );
insert into Dataitem ( DATAFORMATID, DATANAME, COLNUMBER, DATAID, PROCESS_INSTRUCTION ) values ( 'DC_E_CUDB:((3)):DC_E_CUDB_AUCSUBS:3gpp32435', 'DC_SOURCE', 64, 'DC_SOURCE', '' );
insert into Dataitem ( DATAFORMATID, DATANAME, COLNUMBER, DATAID, PROCESS_INSTRUCTION ) values ( 'DC_E_CUDB:((3)):DC_E_CUDB_AUCSUBS:3gpp32435', 'DC_SUSPECTFLAG', 66, 'DC_SUSPECTFLAG', '' );
insert into Dataitem ( DATAFORMATID, DATANAME, COLNUMBER, DATAID, PROCESS_INSTRUCTION ) values ( 'DC_E_CUDB:((3)):DC_E_CUDB_AUCSUBS:3gpp32435', 'DC_TIMEZONE', 65, 'DC_TIMEZONE', '' );
insert into Dataitem ( DATAFORMATID, DATANAME, COLNUMBER, DATAID, PROCESS_INSTRUCTION ) values ( 'DC_E_CUDB:((3)):DC_E_CUDB_AUCSUBS:3gpp32435', 'HOUR_ID', 55, 'HOUR_ID', '' );
insert into Dataitem ( DATAFORMATID, DATANAME, COLNUMBER, DATAID, PROCESS_INSTRUCTION ) values ( 'DC_E_CUDB:((3)):DC_E_CUDB_AUCSUBS:3gpp32435', 'MIN_ID', 57, 'MIN_ID', '' );
insert into Dataitem ( DATAFORMATID, DATANAME, COLNUMBER, DATAID, PROCESS_INSTRUCTION ) values ( 'DC_E_CUDB:((3)):DC_E_CUDB_AUCSUBS:3gpp32435', 'MONTH_ID', 53, 'MONTH_ID', '' );
insert into Dataitem ( DATAFORMATID, DATANAME, COLNUMBER, DATAID, PROCESS_INSTRUCTION ) values ( 'DC_E_CUDB:((3)):DC_E_CUDB_AUCSUBS:3gpp32435', 'NE_ID', 2, 'NEID', '' );
insert into Dataitem ( DATAFORMATID, DATANAME, COLNUMBER, DATAID, PROCESS_INSTRUCTION ) values ( 'DC_E_CUDB:((3)):DC_E_CUDB_AUCSUBS:3gpp32435', 'NGSUBSCNT', 102, 'NGSUBSCNT.actual', '' );
insert into Dataitem ( DATAFORMATID, DATANAME, COLNUMBER, DATAID, PROCESS_INSTRUCTION ) values ( 'DC_E_CUDB:((3)):DC_E_CUDB_AUCSUBS:3gpp32435', 'NSUBSCNT', 101, 'NSUBSCNT.actual', '' );
insert into Dataitem ( DATAFORMATID, DATANAME, COLNUMBER, DATAID, PROCESS_INSTRUCTION ) values ( 'DC_E_CUDB:((3)):DC_E_CUDB_AUCSUBS:3gpp32435', 'NUSUBSCNT', 103, 'NUSUBSCNT.actual', '' );
insert into Dataitem ( DATAFORMATID, DATANAME, COLNUMBER, DATAID, PROCESS_INSTRUCTION ) values ( 'DC_E_CUDB:((3)):DC_E_CUDB_AUCSUBS:3gpp32435', 'OSS_ID', 1, 'OSS_ID', '' );
insert into Dataitem ( DATAFORMATID, DATANAME, COLNUMBER, DATAID, PROCESS_INSTRUCTION ) values ( 'DC_E_CUDB:((3)):DC_E_CUDB_AUCSUBS:3gpp32435', 'PERIOD_DURATION', 61, 'PERIOD_DURATION', '' );
insert into Dataitem ( DATAFORMATID, DATANAME, COLNUMBER, DATAID, PROCESS_INSTRUCTION ) values ( 'DC_E_CUDB:((3)):DC_E_CUDB_AUCSUBS:3gpp32435', 'ROWSTATUS', 62, 'ROWSTATUS', '' );
insert into Dataitem ( DATAFORMATID, DATANAME, COLNUMBER, DATAID, PROCESS_INSTRUCTION ) values ( 'DC_E_CUDB:((3)):DC_E_CUDB_AUCSUBS:3gpp32435', 'SESSION_ID', 59, 'SESSION_ID', '' );
insert into Dataitem ( DATAFORMATID, DATANAME, COLNUMBER, DATAID, PROCESS_INSTRUCTION ) values ( 'DC_E_CUDB:((3)):DC_E_CUDB_AUCSUBS:3gpp32435', 'TIMELEVEL', 58, 'TIMELEVEL', '' );
insert into Dataitem ( DATAFORMATID, DATANAME, COLNUMBER, DATAID, PROCESS_INSTRUCTION ) values ( 'DC_E_CUDB:((3)):DC_E_CUDB_AUCSUBS:3gpp32435', 'UTC_DATETIME_ID', 67, 'UTC_DATETIME_ID', '' );
insert into Dataitem ( DATAFORMATID, DATANAME, COLNUMBER, DATAID, PROCESS_INSTRUCTION ) values ( 'DC_E_CUDB:((3)):DC_E_CUDB_AUCSUBS:3gpp32435', 'YEAR_ID', 52, 'YEAR_ID', '' );
insert into Dataformat ( DATAFORMATID, TYPEID, VERSIONID, OBJECTTYPE, FOLDERNAME, DATAFORMATTYPE ) values ( 'DC_E_CUDB:((3)):DC_E_CUDB_LDAP_OPS:3gpp32435', 'DC_E_CUDB:((3)):DC_E_CUDB_LDAP_OPS', 'DC_E_CUDB:((3))', 'Measurement', 'DC_E_CUDB_LDAP_OPS', '3gpp32435' );
insert into Defaulttags ( TAGID, DATAFORMATID, DESCRIPTION ) values ( 'LDAP_OPS', 'DC_E_CUDB:((3)):DC_E_CUDB_LDAP_OPS:3gpp32435', 'Default tags for DC_E_CUDB_LDAP_OPS in DC_E_CUDB:((3)) with format 3GPP32435.' );
insert into Dataitem ( DATAFORMATID, DATANAME, COLNUMBER, DATAID, PROCESS_INSTRUCTION ) values ( 'DC_E_CUDB:((3)):DC_E_CUDB_LDAP_OPS:3gpp32435', 'BATCH_ID', 60, 'BATCH_ID', '' );
insert into Dataitem ( DATAFORMATID, DATANAME, COLNUMBER, DATAID, PROCESS_INSTRUCTION ) values ( 'DC_E_CUDB:((3)):DC_E_CUDB_LDAP_OPS:3gpp32435', 'DATE_ID', 51, 'DATE_ID', '' );
insert into Dataitem ( DATAFORMATID, DATANAME, COLNUMBER, DATAID, PROCESS_INSTRUCTION ) values ( 'DC_E_CUDB:((3)):DC_E_CUDB_LDAP_OPS:3gpp32435', 'DATETIME_ID', 56, 'DATETIME_ID', '' );
insert into Dataitem ( DATAFORMATID, DATANAME, COLNUMBER, DATAID, PROCESS_INSTRUCTION ) values ( 'DC_E_CUDB:((3)):DC_E_CUDB_LDAP_OPS:3gpp32435', 'DAY_ID', 54, 'DAY_ID', '' );
insert into Dataitem ( DATAFORMATID, DATANAME, COLNUMBER, DATAID, PROCESS_INSTRUCTION ) values ( 'DC_E_CUDB:((3)):DC_E_CUDB_LDAP_OPS:3gpp32435', 'DC_RELEASE', 63, 'DC_RELEASE', '' );
insert into Dataitem ( DATAFORMATID, DATANAME, COLNUMBER, DATAID, PROCESS_INSTRUCTION ) values ( 'DC_E_CUDB:((3)):DC_E_CUDB_LDAP_OPS:3gpp32435', 'DC_SOURCE', 64, 'DC_SOURCE', '' );
insert into Dataitem ( DATAFORMATID, DATANAME, COLNUMBER, DATAID, PROCESS_INSTRUCTION ) values ( 'DC_E_CUDB:((3)):DC_E_CUDB_LDAP_OPS:3gpp32435', 'DC_SUSPECTFLAG', 66, 'DC_SUSPECTFLAG', '' );
insert into Dataitem ( DATAFORMATID, DATANAME, COLNUMBER, DATAID, PROCESS_INSTRUCTION ) values ( 'DC_E_CUDB:((3)):DC_E_CUDB_LDAP_OPS:3gpp32435', 'DC_TIMEZONE', 65, 'DC_TIMEZONE', '' );
insert into Dataitem ( DATAFORMATID, DATANAME, COLNUMBER, DATAID, PROCESS_INSTRUCTION ) values ( 'DC_E_CUDB:((3)):DC_E_CUDB_LDAP_OPS:3gpp32435', 'HOUR_ID', 55, 'HOUR_ID', '' );
insert into Dataitem ( DATAFORMATID, DATANAME, COLNUMBER, DATAID, PROCESS_INSTRUCTION ) values ( 'DC_E_CUDB:((3)):DC_E_CUDB_LDAP_OPS:3gpp32435', 'LDAPOPS1', 101, 'LDAPOPS#1.actual', 'GAUGE' );
insert into Dataitem ( DATAFORMATID, DATANAME, COLNUMBER, DATAID, PROCESS_INSTRUCTION ) values ( 'DC_E_CUDB:((3)):DC_E_CUDB_LDAP_OPS:3gpp32435', 'LDAPOPS10', 110, 'LDAPOPS#10.actual', 'GAUGE' );
insert into Dataitem ( DATAFORMATID, DATANAME, COLNUMBER, DATAID, PROCESS_INSTRUCTION ) values ( 'DC_E_CUDB:((3)):DC_E_CUDB_LDAP_OPS:3gpp32435', 'LDAPOPS11', 111, 'LDAPOPS#11.actual', 'GAUGE' );
insert into Dataitem ( DATAFORMATID, DATANAME, COLNUMBER, DATAID, PROCESS_INSTRUCTION ) values ( 'DC_E_CUDB:((3)):DC_E_CUDB_LDAP_OPS:3gpp32435', 'LDAPOPS12', 112, 'LDAPOPS#12.actual', 'GAUGE' );
insert into Dataitem ( DATAFORMATID, DATANAME, COLNUMBER, DATAID, PROCESS_INSTRUCTION ) values ( 'DC_E_CUDB:((3)):DC_E_CUDB_LDAP_OPS:3gpp32435', 'LDAPOPS13', 113, 'LDAPOPS#13.actual', 'GAUGE' );
insert into Dataitem ( DATAFORMATID, DATANAME, COLNUMBER, DATAID, PROCESS_INSTRUCTION ) values ( 'DC_E_CUDB:((3)):DC_E_CUDB_LDAP_OPS:3gpp32435', 'LDAPOPS14', 114, 'LDAPOPS#14.actual', 'GAUGE' );
insert into Dataitem ( DATAFORMATID, DATANAME, COLNUMBER, DATAID, PROCESS_INSTRUCTION ) values ( 'DC_E_CUDB:((3)):DC_E_CUDB_LDAP_OPS:3gpp32435', 'LDAPOPS15', 115, 'LDAPOPS#15.actual', 'GAUGE' );
insert into Dataitem ( DATAFORMATID, DATANAME, COLNUMBER, DATAID, PROCESS_INSTRUCTION ) values ( 'DC_E_CUDB:((3)):DC_E_CUDB_LDAP_OPS:3gpp32435', 'LDAPOPS16', 116, 'LDAPOPS#16.actual', 'GAUGE' );
insert into Dataitem ( DATAFORMATID, DATANAME, COLNUMBER, DATAID, PROCESS_INSTRUCTION ) values ( 'DC_E_CUDB:((3)):DC_E_CUDB_LDAP_OPS:3gpp32435', 'LDAPOPS17', 117, 'LDAPOPS#17.actual', 'GAUGE' );
insert into Dataitem ( DATAFORMATID, DATANAME, COLNUMBER, DATAID, PROCESS_INSTRUCTION ) values ( 'DC_E_CUDB:((3)):DC_E_CUDB_LDAP_OPS:3gpp32435', 'LDAPOPS18', 118, 'LDAPOPS#18.actual', 'GAUGE' );
insert into Dataitem ( DATAFORMATID, DATANAME, COLNUMBER, DATAID, PROCESS_INSTRUCTION ) values ( 'DC_E_CUDB:((3)):DC_E_CUDB_LDAP_OPS:3gpp32435', 'LDAPOPS2', 102, 'LDAPOPS#2.actual', 'GAUGE' );
insert into Dataitem ( DATAFORMATID, DATANAME, COLNUMBER, DATAID, PROCESS_INSTRUCTION ) values ( 'DC_E_CUDB:((3)):DC_E_CUDB_LDAP_OPS:3gpp32435', 'LDAPOPS3', 103, 'LDAPOPS#3.actual', 'GAUGE' );
insert into Dataitem ( DATAFORMATID, DATANAME, COLNUMBER, DATAID, PROCESS_INSTRUCTION ) values ( 'DC_E_CUDB:((3)):DC_E_CUDB_LDAP_OPS:3gpp32435', 'LDAPOPS4', 104, 'LDAPOPS#4.actual', 'GAUGE' );
insert into Dataitem ( DATAFORMATID, DATANAME, COLNUMBER, DATAID, PROCESS_INSTRUCTION ) values ( 'DC_E_CUDB:((3)):DC_E_CUDB_LDAP_OPS:3gpp32435', 'LDAPOPS5', 105, 'LDAPOPS#5.actual', 'GAUGE' );
insert into Dataitem ( DATAFORMATID, DATANAME, COLNUMBER, DATAID, PROCESS_INSTRUCTION ) values ( 'DC_E_CUDB:((3)):DC_E_CUDB_LDAP_OPS:3gpp32435', 'LDAPOPS6', 106, 'LDAPOPS#6.actual', 'GAUGE' );
insert into Dataitem ( DATAFORMATID, DATANAME, COLNUMBER, DATAID, PROCESS_INSTRUCTION ) values ( 'DC_E_CUDB:((3)):DC_E_CUDB_LDAP_OPS:3gpp32435', 'LDAPOPS7', 107, 'LDAPOPS#7.actual', 'GAUGE' );
insert into Dataitem ( DATAFORMATID, DATANAME, COLNUMBER, DATAID, PROCESS_INSTRUCTION ) values ( 'DC_E_CUDB:((3)):DC_E_CUDB_LDAP_OPS:3gpp32435', 'LDAPOPS8', 108, 'LDAPOPS#8.actual', 'GAUGE' );
insert into Dataitem ( DATAFORMATID, DATANAME, COLNUMBER, DATAID, PROCESS_INSTRUCTION ) values ( 'DC_E_CUDB:((3)):DC_E_CUDB_LDAP_OPS:3gpp32435', 'LDAPOPS9', 109, 'LDAPOPS#9.actual', 'GAUGE' );
insert into Dataitem ( DATAFORMATID, DATANAME, COLNUMBER, DATAID, PROCESS_INSTRUCTION ) values ( 'DC_E_CUDB:((3)):DC_E_CUDB_LDAP_OPS:3gpp32435', 'MIN_ID', 57, 'MIN_ID', '' );
insert into Dataitem ( DATAFORMATID, DATANAME, COLNUMBER, DATAID, PROCESS_INSTRUCTION ) values ( 'DC_E_CUDB:((3)):DC_E_CUDB_LDAP_OPS:3gpp32435', 'MONTH_ID', 53, 'MONTH_ID', '' );
insert into Dataitem ( DATAFORMATID, DATANAME, COLNUMBER, DATAID, PROCESS_INSTRUCTION ) values ( 'DC_E_CUDB:((3)):DC_E_CUDB_LDAP_OPS:3gpp32435', 'NE_ID', 2, 'NEID', 'key' );
insert into Dataitem ( DATAFORMATID, DATANAME, COLNUMBER, DATAID, PROCESS_INSTRUCTION ) values ( 'DC_E_CUDB:((3)):DC_E_CUDB_LDAP_OPS:3gpp32435', 'OSS_ID', 1, 'OSS_ID', 'key' );
insert into Dataitem ( DATAFORMATID, DATANAME, COLNUMBER, DATAID, PROCESS_INSTRUCTION ) values ( 'DC_E_CUDB:((3)):DC_E_CUDB_LDAP_OPS:3gpp32435', 'PERIOD_DURATION', 61, 'PERIOD_DURATION', '' );
insert into Dataitem ( DATAFORMATID, DATANAME, COLNUMBER, DATAID, PROCESS_INSTRUCTION ) values ( 'DC_E_CUDB:((3)):DC_E_CUDB_LDAP_OPS:3gpp32435', 'ROWSTATUS', 62, 'ROWSTATUS', '' );
insert into Dataitem ( DATAFORMATID, DATANAME, COLNUMBER, DATAID, PROCESS_INSTRUCTION ) values ( 'DC_E_CUDB:((3)):DC_E_CUDB_LDAP_OPS:3gpp32435', 'SESSION_ID', 59, 'SESSION_ID', '' );
insert into Dataitem ( DATAFORMATID, DATANAME, COLNUMBER, DATAID, PROCESS_INSTRUCTION ) values ( 'DC_E_CUDB:((3)):DC_E_CUDB_LDAP_OPS:3gpp32435', 'TIMELEVEL', 58, 'TIMELEVEL', '' );
insert into Dataitem ( DATAFORMATID, DATANAME, COLNUMBER, DATAID, PROCESS_INSTRUCTION ) values ( 'DC_E_CUDB:((3)):DC_E_CUDB_LDAP_OPS:3gpp32435', 'UTC_DATETIME_ID', 67, 'UTC_DATETIME_ID', '' );
insert into Dataitem ( DATAFORMATID, DATANAME, COLNUMBER, DATAID, PROCESS_INSTRUCTION ) values ( 'DC_E_CUDB:((3)):DC_E_CUDB_LDAP_OPS:3gpp32435', 'YEAR_ID', 52, 'YEAR_ID', '' );
insert into Externalstatement ( VERSIONID, STATEMENTNAME, EXECUTIONORDER, DBCONNECTION, STATEMENT, BASEDEF ) values ( 'DC_E_CUDB:((3))', 'create view SELECT_E_CUDB_AGGLEVEL', 1, 'dwh', 'IF (SELECT count(*) FROM sys.sysviews where viewname = ''SELECT_E_CUDB_AGGLEVEL'') > 0
            DROP VIEW SELECT_E_CUDB_AGGLEVEL
            BEGIN
                create view
                    SELECT_E_CUDB_AGGLEVEL(FIRSTDATE_ID,AGGLEVEL,DATE_ID,YEAR_ID,MONTH_ID,DAY_ID,WEEK_ID,WEEKDAY_ID,BUSINESSDAY,TIMELEVEL,TIMELEVELBH,DAYS)
                    as select FIRSTDATE_ID,AGGLEVEL,DATE_ID,YEAR_ID,MONTH_ID,DAY_ID,WEEK_ID,WEEKDAY_ID,BUSINESSDAY,TIMELEVEL,TIMELEVELBH,DAYS from dc.SELECT_AGGLEVEL_TABLE
                    WHERE TIMELEVELBH = ''DAYBH''
            commit
            grant select on SELECT_E_CUDB_AGGLEVEL to dcbo
        END', 1 );
insert into Universename ( VERSIONID, UNIVERSENAME, UNIVERSEEXTENSION, ORDERNRO ) values ( 'DC_E_CUDB:((3))', 'DCE43', '', null );
insert into Aggregation ( AGGREGATION, VERSIONID, AGGREGATIONSET, AGGREGATIONGROUP, REAGGREGATIONSET, REAGGREGATIONGROUP, GROUPORDER, AGGREGATIONORDER, AGGREGATIONTYPE, AGGREGATIONSCOPE ) values ( 'DC_E_CUDB_HLRSUBS_DAY', 'DC_E_CUDB:((3))', null, null, null, null, null, null, 'TOTAL', 'DAY' );
insert into Aggregationrule ( AGGREGATION, VERSIONID, RULEID, TARGET_TYPE, TARGET_LEVEL, TARGET_TABLE, TARGET_MTABLEID, SOURCE_TYPE, SOURCE_LEVEL, SOURCE_TABLE, SOURCE_MTABLEID, RULETYPE, AGGREGATIONSCOPE, BHTYPE ) values ( 'DC_E_CUDB_HLRSUBS_DAY', 'DC_E_CUDB:((3))', 0, 'DC_E_CUDB_HLRSUBS', 'DAY', 'DC_E_CUDB_HLRSUBS_DAY', 'DC_E_CUDB:((3)):DC_E_CUDB_HLRSUBS:DAY', 'DC_E_CUDB_HLRSUBS', 'RAW', 'DC_E_CUDB_HLRSUBS_RAW', 'DC_E_CUDB:((3)):DC_E_CUDB_HLRSUBS:RAW', 'TOTAL', 'DAY', null );
insert into Aggregation ( AGGREGATION, VERSIONID, AGGREGATIONSET, AGGREGATIONGROUP, REAGGREGATIONSET, REAGGREGATIONGROUP, GROUPORDER, AGGREGATIONORDER, AGGREGATIONTYPE, AGGREGATIONSCOPE ) values ( 'DC_E_CUDB_ALLBSG_DAY', 'DC_E_CUDB:((3))', null, null, null, null, null, null, 'TOTAL', 'DAY' );
insert into Aggregationrule ( AGGREGATION, VERSIONID, RULEID, TARGET_TYPE, TARGET_LEVEL, TARGET_TABLE, TARGET_MTABLEID, SOURCE_TYPE, SOURCE_LEVEL, SOURCE_TABLE, SOURCE_MTABLEID, RULETYPE, AGGREGATIONSCOPE, BHTYPE ) values ( 'DC_E_CUDB_ALLBSG_DAY', 'DC_E_CUDB:((3))', 0, 'DC_E_CUDB_ALLBSG', 'DAY', 'DC_E_CUDB_ALLBSG_DAY', 'DC_E_CUDB:((3)):DC_E_CUDB_ALLBSG:DAY', 'DC_E_CUDB_ALLBSG', 'RAW', 'DC_E_CUDB_ALLBSG_RAW', 'DC_E_CUDB:((3)):DC_E_CUDB_ALLBSG:RAW', 'TOTAL', 'DAY', null );
insert into Aggregation ( AGGREGATION, VERSIONID, AGGREGATIONSET, AGGREGATIONGROUP, REAGGREGATIONSET, REAGGREGATIONGROUP, GROUPORDER, AGGREGATIONORDER, AGGREGATIONTYPE, AGGREGATIONSCOPE ) values ( 'DC_E_CUDB_CLUSTER_DAY', 'DC_E_CUDB:((3))', null, null, null, null, null, null, 'TOTAL', 'DAY' );
insert into Aggregationrule ( AGGREGATION, VERSIONID, RULEID, TARGET_TYPE, TARGET_LEVEL, TARGET_TABLE, TARGET_MTABLEID, SOURCE_TYPE, SOURCE_LEVEL, SOURCE_TABLE, SOURCE_MTABLEID, RULETYPE, AGGREGATIONSCOPE, BHTYPE ) values ( 'DC_E_CUDB_CLUSTER_DAY', 'DC_E_CUDB:((3))', 0, 'DC_E_CUDB_CLUSTER', 'DAY', 'DC_E_CUDB_CLUSTER_DAY', 'DC_E_CUDB:((3)):DC_E_CUDB_CLUSTER:DAY', 'DC_E_CUDB_CLUSTER', 'RAW', 'DC_E_CUDB_CLUSTER_RAW', 'DC_E_CUDB:((3)):DC_E_CUDB_CLUSTER:RAW', 'TOTAL', 'DAY', null );
insert into Aggregation ( AGGREGATION, VERSIONID, AGGREGATIONSET, AGGREGATIONGROUP, REAGGREGATIONSET, REAGGREGATIONGROUP, GROUPORDER, AGGREGATIONORDER, AGGREGATIONTYPE, AGGREGATIONSCOPE ) values ( 'DC_E_CUDB_MEMORYUSE_DAY', 'DC_E_CUDB:((3))', null, null, null, null, null, null, 'TOTAL', 'DAY' );
insert into Aggregationrule ( AGGREGATION, VERSIONID, RULEID, TARGET_TYPE, TARGET_LEVEL, TARGET_TABLE, TARGET_MTABLEID, SOURCE_TYPE, SOURCE_LEVEL, SOURCE_TABLE, SOURCE_MTABLEID, RULETYPE, AGGREGATIONSCOPE, BHTYPE ) values ( 'DC_E_CUDB_MEMORYUSE_DAY', 'DC_E_CUDB:((3))', 0, 'DC_E_CUDB_MEMORYUSE', 'DAY', 'DC_E_CUDB_MEMORYUSE_DAY', 'DC_E_CUDB:((3)):DC_E_CUDB_MEMORYUSE:DAY', 'DC_E_CUDB_MEMORYUSE', 'RAW', 'DC_E_CUDB_MEMORYUSE_RAW', 'DC_E_CUDB:((3)):DC_E_CUDB_MEMORYUSE:RAW', 'TOTAL', 'DAY', null );
insert into Aggregation ( AGGREGATION, VERSIONID, AGGREGATIONSET, AGGREGATIONGROUP, REAGGREGATIONSET, REAGGREGATIONGROUP, GROUPORDER, AGGREGATIONORDER, AGGREGATIONTYPE, AGGREGATIONSCOPE ) values ( 'DC_E_CUDB_PLMNSUB_DAY', 'DC_E_CUDB:((3))', null, null, null, null, null, null, 'TOTAL', 'DAY' );
insert into Aggregationrule ( AGGREGATION, VERSIONID, RULEID, TARGET_TYPE, TARGET_LEVEL, TARGET_TABLE, TARGET_MTABLEID, SOURCE_TYPE, SOURCE_LEVEL, SOURCE_TABLE, SOURCE_MTABLEID, RULETYPE, AGGREGATIONSCOPE, BHTYPE ) values ( 'DC_E_CUDB_PLMNSUB_DAY', 'DC_E_CUDB:((3))', 0, 'DC_E_CUDB_PLMNSUB', 'DAY', 'DC_E_CUDB_PLMNSUB_DAY', 'DC_E_CUDB:((3)):DC_E_CUDB_PLMNSUB:DAY', 'DC_E_CUDB_PLMNSUB', 'RAW', 'DC_E_CUDB_PLMNSUB_RAW', 'DC_E_CUDB:((3)):DC_E_CUDB_PLMNSUB:RAW', 'TOTAL', 'DAY', null );
insert into Aggregation ( AGGREGATION, VERSIONID, AGGREGATIONSET, AGGREGATIONGROUP, REAGGREGATIONSET, REAGGREGATIONGROUP, GROUPORDER, AGGREGATIONORDER, AGGREGATIONTYPE, AGGREGATIONSCOPE ) values ( 'DC_E_CUDB_SPEECH_DAY', 'DC_E_CUDB:((3))', null, null, null, null, null, null, 'TOTAL', 'DAY' );
insert into Aggregationrule ( AGGREGATION, VERSIONID, RULEID, TARGET_TYPE, TARGET_LEVEL, TARGET_TABLE, TARGET_MTABLEID, SOURCE_TYPE, SOURCE_LEVEL, SOURCE_TABLE, SOURCE_MTABLEID, RULETYPE, AGGREGATIONSCOPE, BHTYPE ) values ( 'DC_E_CUDB_SPEECH_DAY', 'DC_E_CUDB:((3))', 0, 'DC_E_CUDB_SPEECH', 'DAY', 'DC_E_CUDB_SPEECH_DAY', 'DC_E_CUDB:((3)):DC_E_CUDB_SPEECH:DAY', 'DC_E_CUDB_SPEECH', 'RAW', 'DC_E_CUDB_SPEECH_RAW', 'DC_E_CUDB:((3)):DC_E_CUDB_SPEECH:RAW', 'TOTAL', 'DAY', null );
insert into Aggregation ( AGGREGATION, VERSIONID, AGGREGATIONSET, AGGREGATIONGROUP, REAGGREGATIONSET, REAGGREGATIONGROUP, GROUPORDER, AGGREGATIONORDER, AGGREGATIONTYPE, AGGREGATIONSCOPE ) values ( 'DC_E_CUDB_ASYNCR_DAY', 'DC_E_CUDB:((3))', null, null, null, null, null, null, 'TOTAL', 'DAY' );
insert into Aggregationrule ( AGGREGATION, VERSIONID, RULEID, TARGET_TYPE, TARGET_LEVEL, TARGET_TABLE, TARGET_MTABLEID, SOURCE_TYPE, SOURCE_LEVEL, SOURCE_TABLE, SOURCE_MTABLEID, RULETYPE, AGGREGATIONSCOPE, BHTYPE ) values ( 'DC_E_CUDB_ASYNCR_DAY', 'DC_E_CUDB:((3))', 0, 'DC_E_CUDB_ASYNCR', 'DAY', 'DC_E_CUDB_ASYNCR_DAY', 'DC_E_CUDB:((3)):DC_E_CUDB_ASYNCR:DAY', 'DC_E_CUDB_ASYNCR', 'RAW', 'DC_E_CUDB_ASYNCR_RAW', 'DC_E_CUDB:((3)):DC_E_CUDB_ASYNCR:RAW', 'TOTAL', 'DAY', null );
insert into Aggregation ( AGGREGATION, VERSIONID, AGGREGATIONSET, AGGREGATIONGROUP, REAGGREGATIONSET, REAGGREGATIONGROUP, GROUPORDER, AGGREGATIONORDER, AGGREGATIONTYPE, AGGREGATIONSCOPE ) values ( 'DC_E_CUDB_CUGBSG_DAY', 'DC_E_CUDB:((3))', null, null, null, null, null, null, 'TOTAL', 'DAY' );
insert into Aggregationrule ( AGGREGATION, VERSIONID, RULEID, TARGET_TYPE, TARGET_LEVEL, TARGET_TABLE, TARGET_MTABLEID, SOURCE_TYPE, SOURCE_LEVEL, SOURCE_TABLE, SOURCE_MTABLEID, RULETYPE, AGGREGATIONSCOPE, BHTYPE ) values ( 'DC_E_CUDB_CUGBSG_DAY', 'DC_E_CUDB:((3))', 0, 'DC_E_CUDB_CUGBSG', 'DAY', 'DC_E_CUDB_CUGBSG_DAY', 'DC_E_CUDB:((3)):DC_E_CUDB_CUGBSG:DAY', 'DC_E_CUDB_CUGBSG', 'RAW', 'DC_E_CUDB_CUGBSG_RAW', 'DC_E_CUDB:((3)):DC_E_CUDB_CUGBSG:RAW', 'TOTAL', 'DAY', null );
insert into Aggregation ( AGGREGATION, VERSIONID, AGGREGATIONSET, AGGREGATIONGROUP, REAGGREGATIONSET, REAGGREGATIONGROUP, GROUPORDER, AGGREGATIONORDER, AGGREGATIONTYPE, AGGREGATIONSCOPE ) values ( 'DC_E_CUDB_NAMSUBS_DAY', 'DC_E_CUDB:((3))', null, null, null, null, null, null, 'TOTAL', 'DAY' );
insert into Aggregationrule ( AGGREGATION, VERSIONID, RULEID, TARGET_TYPE, TARGET_LEVEL, TARGET_TABLE, TARGET_MTABLEID, SOURCE_TYPE, SOURCE_LEVEL, SOURCE_TABLE, SOURCE_MTABLEID, RULETYPE, AGGREGATIONSCOPE, BHTYPE ) values ( 'DC_E_CUDB_NAMSUBS_DAY', 'DC_E_CUDB:((3))', 0, 'DC_E_CUDB_NAMSUBS', 'DAY', 'DC_E_CUDB_NAMSUBS_DAY', 'DC_E_CUDB:((3)):DC_E_CUDB_NAMSUBS:DAY', 'DC_E_CUDB_NAMSUBS', 'RAW', 'DC_E_CUDB_NAMSUBS_RAW', 'DC_E_CUDB:((3)):DC_E_CUDB_NAMSUBS:RAW', 'TOTAL', 'DAY', null );
insert into Aggregation ( AGGREGATION, VERSIONID, AGGREGATIONSET, AGGREGATIONGROUP, REAGGREGATIONSET, REAGGREGATIONGROUP, GROUPORDER, AGGREGATIONORDER, AGGREGATIONTYPE, AGGREGATIONSCOPE ) values ( 'DC_E_CUDB_RSASUBS_DAY', 'DC_E_CUDB:((3))', null, null, null, null, null, null, 'TOTAL', 'DAY' );
insert into Aggregationrule ( AGGREGATION, VERSIONID, RULEID, TARGET_TYPE, TARGET_LEVEL, TARGET_TABLE, TARGET_MTABLEID, SOURCE_TYPE, SOURCE_LEVEL, SOURCE_TABLE, SOURCE_MTABLEID, RULETYPE, AGGREGATIONSCOPE, BHTYPE ) values ( 'DC_E_CUDB_RSASUBS_DAY', 'DC_E_CUDB:((3))', 0, 'DC_E_CUDB_RSASUBS', 'DAY', 'DC_E_CUDB_RSASUBS_DAY', 'DC_E_CUDB:((3)):DC_E_CUDB_RSASUBS:DAY', 'DC_E_CUDB_RSASUBS', 'RAW', 'DC_E_CUDB_RSASUBS_RAW', 'DC_E_CUDB:((3)):DC_E_CUDB_RSASUBS:RAW', 'TOTAL', 'DAY', null );
insert into Aggregation ( AGGREGATION, VERSIONID, AGGREGATIONSET, AGGREGATIONGROUP, REAGGREGATIONSET, REAGGREGATIONGROUP, GROUPORDER, AGGREGATIONORDER, AGGREGATIONTYPE, AGGREGATIONSCOPE ) values ( 'DC_E_CUDB_SYNCRO_DAY', 'DC_E_CUDB:((3))', null, null, null, null, null, null, 'TOTAL', 'DAY' );
insert into Aggregationrule ( AGGREGATION, VERSIONID, RULEID, TARGET_TYPE, TARGET_LEVEL, TARGET_TABLE, TARGET_MTABLEID, SOURCE_TYPE, SOURCE_LEVEL, SOURCE_TABLE, SOURCE_MTABLEID, RULETYPE, AGGREGATIONSCOPE, BHTYPE ) values ( 'DC_E_CUDB_SYNCRO_DAY', 'DC_E_CUDB:((3))', 0, 'DC_E_CUDB_SYNCRO', 'DAY', 'DC_E_CUDB_SYNCRO_DAY', 'DC_E_CUDB:((3)):DC_E_CUDB_SYNCRO:DAY', 'DC_E_CUDB_SYNCRO', 'RAW', 'DC_E_CUDB_SYNCRO_RAW', 'DC_E_CUDB:((3)):DC_E_CUDB_SYNCRO:RAW', 'TOTAL', 'DAY', null );
insert into Aggregation ( AGGREGATION, VERSIONID, AGGREGATIONSET, AGGREGATIONGROUP, REAGGREGATIONSET, REAGGREGATIONGROUP, GROUPORDER, AGGREGATIONORDER, AGGREGATIONTYPE, AGGREGATIONSCOPE ) values ( 'DC_E_CUDB_LDAP_OPS_DAY', 'DC_E_CUDB:((3))', null, null, null, null, null, null, 'TOTAL', 'DAY' );
insert into Aggregationrule ( AGGREGATION, VERSIONID, RULEID, TARGET_TYPE, TARGET_LEVEL, TARGET_TABLE, TARGET_MTABLEID, SOURCE_TYPE, SOURCE_LEVEL, SOURCE_TABLE, SOURCE_MTABLEID, RULETYPE, AGGREGATIONSCOPE, BHTYPE ) values ( 'DC_E_CUDB_LDAP_OPS_DAY', 'DC_E_CUDB:((3))', 0, 'DC_E_CUDB_LDAP_OPS', 'DAY', 'DC_E_CUDB_LDAP_OPS_DAY', 'DC_E_CUDB:((3)):DC_E_CUDB_LDAP_OPS:DAY', 'DC_E_CUDB_LDAP_OPS', 'RAW', 'DC_E_CUDB_LDAP_OPS_RAW', 'DC_E_CUDB:((3)):DC_E_CUDB_LDAP_OPS:RAW', 'TOTAL', 'DAY', null );
insert into Aggregation ( AGGREGATION, VERSIONID, AGGREGATIONSET, AGGREGATIONGROUP, REAGGREGATIONSET, REAGGREGATIONGROUP, GROUPORDER, AGGREGATIONORDER, AGGREGATIONTYPE, AGGREGATIONSCOPE ) values ( 'DC_E_CUDB_AUCSUBS_DAY', 'DC_E_CUDB:((3))', null, null, null, null, null, null, 'TOTAL', 'DAY' );
insert into Aggregationrule ( AGGREGATION, VERSIONID, RULEID, TARGET_TYPE, TARGET_LEVEL, TARGET_TABLE, TARGET_MTABLEID, SOURCE_TYPE, SOURCE_LEVEL, SOURCE_TABLE, SOURCE_MTABLEID, RULETYPE, AGGREGATIONSCOPE, BHTYPE ) values ( 'DC_E_CUDB_AUCSUBS_DAY', 'DC_E_CUDB:((3))', 0, 'DC_E_CUDB_AUCSUBS', 'DAY', 'DC_E_CUDB_AUCSUBS_DAY', 'DC_E_CUDB:((3)):DC_E_CUDB_AUCSUBS:DAY', 'DC_E_CUDB_AUCSUBS', 'RAW', 'DC_E_CUDB_AUCSUBS_RAW', 'DC_E_CUDB:((3)):DC_E_CUDB_AUCSUBS:RAW', 'TOTAL', 'DAY', null );
insert into Aggregation ( AGGREGATION, VERSIONID, AGGREGATIONSET, AGGREGATIONGROUP, REAGGREGATIONSET, REAGGREGATIONGROUP, GROUPORDER, AGGREGATIONORDER, AGGREGATIONTYPE, AGGREGATIONSCOPE ) values ( 'DC_E_CUDB_FACSIM_DAY', 'DC_E_CUDB:((3))', null, null, null, null, null, null, 'TOTAL', 'DAY' );
insert into Aggregationrule ( AGGREGATION, VERSIONID, RULEID, TARGET_TYPE, TARGET_LEVEL, TARGET_TABLE, TARGET_MTABLEID, SOURCE_TYPE, SOURCE_LEVEL, SOURCE_TABLE, SOURCE_MTABLEID, RULETYPE, AGGREGATIONSCOPE, BHTYPE ) values ( 'DC_E_CUDB_FACSIM_DAY', 'DC_E_CUDB:((3))', 0, 'DC_E_CUDB_FACSIM', 'DAY', 'DC_E_CUDB_FACSIM_DAY', 'DC_E_CUDB:((3)):DC_E_CUDB_FACSIM:DAY', 'DC_E_CUDB_FACSIM', 'RAW', 'DC_E_CUDB_FACSIM_RAW', 'DC_E_CUDB:((3)):DC_E_CUDB_FACSIM:RAW', 'TOTAL', 'DAY', null );
insert into Aggregation ( AGGREGATION, VERSIONID, AGGREGATIONSET, AGGREGATIONGROUP, REAGGREGATIONSET, REAGGREGATIONGROUP, GROUPORDER, AGGREGATIONORDER, AGGREGATIONTYPE, AGGREGATIONSCOPE ) values ( 'DC_E_CUDB_NEWCONN_DAY', 'DC_E_CUDB:((3))', null, null, null, null, null, null, 'TOTAL', 'DAY' );
insert into Aggregationrule ( AGGREGATION, VERSIONID, RULEID, TARGET_TYPE, TARGET_LEVEL, TARGET_TABLE, TARGET_MTABLEID, SOURCE_TYPE, SOURCE_LEVEL, SOURCE_TABLE, SOURCE_MTABLEID, RULETYPE, AGGREGATIONSCOPE, BHTYPE ) values ( 'DC_E_CUDB_NEWCONN_DAY', 'DC_E_CUDB:((3))', 0, 'DC_E_CUDB_NEWCONN', 'DAY', 'DC_E_CUDB_NEWCONN_DAY', 'DC_E_CUDB:((3)):DC_E_CUDB_NEWCONN:DAY', 'DC_E_CUDB_NEWCONN', 'RAW', 'DC_E_CUDB_NEWCONN_RAW', 'DC_E_CUDB:((3)):DC_E_CUDB_NEWCONN:RAW', 'TOTAL', 'DAY', null );
insert into Aggregation ( AGGREGATION, VERSIONID, AGGREGATIONSET, AGGREGATIONGROUP, REAGGREGATIONSET, REAGGREGATIONGROUP, GROUPORDER, AGGREGATIONORDER, AGGREGATIONTYPE, AGGREGATIONSCOPE ) values ( 'DC_E_CUDB_SERVFEAT_DAY', 'DC_E_CUDB:((3))', null, null, null, null, null, null, 'TOTAL', 'DAY' );
insert into Aggregationrule ( AGGREGATION, VERSIONID, RULEID, TARGET_TYPE, TARGET_LEVEL, TARGET_TABLE, TARGET_MTABLEID, SOURCE_TYPE, SOURCE_LEVEL, SOURCE_TABLE, SOURCE_MTABLEID, RULETYPE, AGGREGATIONSCOPE, BHTYPE ) values ( 'DC_E_CUDB_SERVFEAT_DAY', 'DC_E_CUDB:((3))', 0, 'DC_E_CUDB_SERVFEAT', 'DAY', 'DC_E_CUDB_SERVFEAT_DAY', 'DC_E_CUDB:((3)):DC_E_CUDB_SERVFEAT:DAY', 'DC_E_CUDB_SERVFEAT', 'RAW', 'DC_E_CUDB_SERVFEAT_RAW', 'DC_E_CUDB:((3)):DC_E_CUDB_SERVFEAT:RAW', 'TOTAL', 'DAY', null );
insert into Aggregation ( AGGREGATION, VERSIONID, AGGREGATIONSET, AGGREGATIONGROUP, REAGGREGATIONSET, REAGGREGATIONGROUP, GROUPORDER, AGGREGATIONORDER, AGGREGATIONTYPE, AGGREGATIONSCOPE ) values ( 'DC_E_CUDB_ACTCONN_DAY', 'DC_E_CUDB:((3))', null, null, null, null, null, null, 'TOTAL', 'DAY' );
insert into Aggregationrule ( AGGREGATION, VERSIONID, RULEID, TARGET_TYPE, TARGET_LEVEL, TARGET_TABLE, TARGET_MTABLEID, SOURCE_TYPE, SOURCE_LEVEL, SOURCE_TABLE, SOURCE_MTABLEID, RULETYPE, AGGREGATIONSCOPE, BHTYPE ) values ( 'DC_E_CUDB_ACTCONN_DAY', 'DC_E_CUDB:((3))', 0, 'DC_E_CUDB_ACTCONN', 'DAY', 'DC_E_CUDB_ACTCONN_DAY', 'DC_E_CUDB:((3)):DC_E_CUDB_ACTCONN:DAY', 'DC_E_CUDB_ACTCONN', 'RAW', 'DC_E_CUDB_ACTCONN_RAW', 'DC_E_CUDB:((3)):DC_E_CUDB_ACTCONN:RAW', 'TOTAL', 'DAY', null );
insert into Aggregation ( AGGREGATION, VERSIONID, AGGREGATIONSET, AGGREGATIONGROUP, REAGGREGATIONSET, REAGGREGATIONGROUP, GROUPORDER, AGGREGATIONORDER, AGGREGATIONTYPE, AGGREGATIONSCOPE ) values ( 'DC_E_CUDB_AUXSPEE_DAY', 'DC_E_CUDB:((3))', null, null, null, null, null, null, 'TOTAL', 'DAY' );
insert into Aggregationrule ( AGGREGATION, VERSIONID, RULEID, TARGET_TYPE, TARGET_LEVEL, TARGET_TABLE, TARGET_MTABLEID, SOURCE_TYPE, SOURCE_LEVEL, SOURCE_TABLE, SOURCE_MTABLEID, RULETYPE, AGGREGATIONSCOPE, BHTYPE ) values ( 'DC_E_CUDB_AUXSPEE_DAY', 'DC_E_CUDB:((3))', 0, 'DC_E_CUDB_AUXSPEE', 'DAY', 'DC_E_CUDB_AUXSPEE_DAY', 'DC_E_CUDB:((3)):DC_E_CUDB_AUXSPEE:DAY', 'DC_E_CUDB_AUXSPEE', 'RAW', 'DC_E_CUDB_AUXSPEE_RAW', 'DC_E_CUDB:((3)):DC_E_CUDB_AUXSPEE:RAW', 'TOTAL', 'DAY', null );
insert into Aggregation ( AGGREGATION, VERSIONID, AGGREGATIONSET, AGGREGATIONGROUP, REAGGREGATIONSET, REAGGREGATIONGROUP, GROUPORDER, AGGREGATIONORDER, AGGREGATIONTYPE, AGGREGATIONSCOPE ) values ( 'DC_E_CUDB_LOCSUBS_DAY', 'DC_E_CUDB:((3))', null, null, null, null, null, null, 'TOTAL', 'DAY' );
insert into Aggregationrule ( AGGREGATION, VERSIONID, RULEID, TARGET_TYPE, TARGET_LEVEL, TARGET_TABLE, TARGET_MTABLEID, SOURCE_TYPE, SOURCE_LEVEL, SOURCE_TABLE, SOURCE_MTABLEID, RULETYPE, AGGREGATIONSCOPE, BHTYPE ) values ( 'DC_E_CUDB_LOCSUBS_DAY', 'DC_E_CUDB:((3))', 0, 'DC_E_CUDB_LOCSUBS', 'DAY', 'DC_E_CUDB_LOCSUBS_DAY', 'DC_E_CUDB:((3)):DC_E_CUDB_LOCSUBS:DAY', 'DC_E_CUDB_LOCSUBS', 'RAW', 'DC_E_CUDB_LOCSUBS_RAW', 'DC_E_CUDB:((3)):DC_E_CUDB_LOCSUBS:RAW', 'TOTAL', 'DAY', null );
insert into Aggregation ( AGGREGATION, VERSIONID, AGGREGATIONSET, AGGREGATIONGROUP, REAGGREGATIONSET, REAGGREGATIONGROUP, GROUPORDER, AGGREGATIONORDER, AGGREGATIONTYPE, AGGREGATIONSCOPE ) values ( 'DC_E_CUDB_PDPDEF_DAY', 'DC_E_CUDB:((3))', null, null, null, null, null, null, 'TOTAL', 'DAY' );
insert into Aggregationrule ( AGGREGATION, VERSIONID, RULEID, TARGET_TYPE, TARGET_LEVEL, TARGET_TABLE, TARGET_MTABLEID, SOURCE_TYPE, SOURCE_LEVEL, SOURCE_TABLE, SOURCE_MTABLEID, RULETYPE, AGGREGATIONSCOPE, BHTYPE ) values ( 'DC_E_CUDB_PDPDEF_DAY', 'DC_E_CUDB:((3))', 0, 'DC_E_CUDB_PDPDEF', 'DAY', 'DC_E_CUDB_PDPDEF_DAY', 'DC_E_CUDB:((3)):DC_E_CUDB_PDPDEF:DAY', 'DC_E_CUDB_PDPDEF', 'RAW', 'DC_E_CUDB_PDPDEF_RAW', 'DC_E_CUDB:((3)):DC_E_CUDB_PDPDEF:RAW', 'TOTAL', 'DAY', null );
insert into Aggregation ( AGGREGATION, VERSIONID, AGGREGATIONSET, AGGREGATIONGROUP, REAGGREGATIONSET, REAGGREGATIONGROUP, GROUPORDER, AGGREGATIONORDER, AGGREGATIONTYPE, AGGREGATIONSCOPE ) values ( 'DC_E_CUDB_SMS_DAY', 'DC_E_CUDB:((3))', null, null, null, null, null, null, 'TOTAL', 'DAY' );
insert into Aggregationrule ( AGGREGATION, VERSIONID, RULEID, TARGET_TYPE, TARGET_LEVEL, TARGET_TABLE, TARGET_MTABLEID, SOURCE_TYPE, SOURCE_LEVEL, SOURCE_TABLE, SOURCE_MTABLEID, RULETYPE, AGGREGATIONSCOPE, BHTYPE ) values ( 'DC_E_CUDB_SMS_DAY', 'DC_E_CUDB:((3))', 0, 'DC_E_CUDB_SMS', 'DAY', 'DC_E_CUDB_SMS_DAY', 'DC_E_CUDB:((3)):DC_E_CUDB_SMS:DAY', 'DC_E_CUDB_SMS', 'RAW', 'DC_E_CUDB_SMS_RAW', 'DC_E_CUDB:((3)):DC_E_CUDB_SMS:RAW', 'TOTAL', 'DAY', null );
